[2025-11-01T16:24:53.565Z] INFO: MySQL Database connected successfully!
[2025-11-01T16:24:53.572Z] INFO: Server listening at 3000
[2025-11-01T16:35:10.336Z] INFO: MySQL Database connected successfully!
[2025-11-01T16:35:10.342Z] INFO: Server listening at 3000
[2025-11-01T17:04:53.043Z] INFO: MySQL Database connected successfully!
[2025-11-01T17:04:53.049Z] INFO: Server listening at 3000
[2025-11-01T17:09:04.980Z] INFO: MySQL Database connected successfully!
[2025-11-01T17:09:04.987Z] INFO: Server listening at 5000
[2025-11-01T17:09:19.208Z] INFO: MySQL Database connected successfully!
[2025-11-01T17:09:19.216Z] INFO: Server listening at 5000
[2025-11-01T17:09:55.911Z] ERROR: Registration error: Cannot destructure property 'name' of 'req.body' as it is undefined.
[2025-11-01T17:11:15.627Z] INFO: MySQL Database connected successfully!
[2025-11-01T17:11:15.636Z] INFO: Server listening at 5000
[2025-11-01T17:11:18.494Z] ERROR: Registration error: Cannot destructure property 'name' of 'req.body' as it is undefined.
[2025-11-01T17:12:15.949Z] INFO: MySQL Database connected successfully!
[2025-11-01T17:12:15.956Z] INFO: Server listening at 5000
[2025-11-01T17:12:24.866Z] ERROR: Registration error: Cannot destructure property 'name' of 'req.body' as it is undefined.
[2025-11-01T17:13:02.085Z] INFO: MySQL Database connected successfully!
[2025-11-01T17:13:02.092Z] INFO: Server listening at 5000
[2025-11-01T17:13:10.227Z] INFO: MySQL Database connected successfully!
[2025-11-01T17:13:10.235Z] INFO: Server listening at 5000
[2025-11-01T17:13:15.521Z] INFO: Register attempt: name=Shristy, email=shristy@example.com
[2025-11-01T17:13:15.524Z] ERROR: Registration error: Table 'skill_assessment_portal.users' doesn't exist
[2025-11-01T17:23:57.489Z] INFO: MySQL Database connected successfully!
[2025-11-01T17:23:57.499Z] INFO: Server listening at 5000
[2025-11-01T17:24:01.168Z] INFO: Register attempt: name=Shristy, email=shristy@example.com
[2025-11-01T17:24:01.292Z] INFO: User registered: email=shristy@example.com, id=2
[2025-11-01T17:24:36.881Z] INFO: MySQL Database connected successfully!
[2025-11-01T17:24:36.889Z] INFO: Server listening at 5000
[2025-11-01T17:27:38.805Z] INFO: MySQL Database connected successfully!
[2025-11-01T17:27:38.812Z] INFO: Server listening at 5000
[2025-11-01T17:27:57.455Z] INFO: MySQL Database connected successfully!
[2025-11-01T17:27:57.467Z] INFO: Server listening at 5000
[2025-11-01T17:28:50.857Z] INFO: MySQL Database connected successfully!
[2025-11-01T17:28:50.867Z] INFO: Server listening at 5000
[2025-11-01T17:30:06.184Z] INFO: MySQL Database connected successfully!
[2025-11-01T17:30:06.195Z] INFO: Server listening at 5000
[2025-11-01T17:30:34.463Z] INFO: MySQL Database connected successfully!
[2025-11-01T17:30:34.470Z] INFO: Server listening at 5000
[2025-11-01T17:30:42.045Z] INFO: MySQL Database connected successfully!
[2025-11-01T17:30:42.057Z] INFO: Server listening at 5000
[2025-11-01T17:31:17.127Z] INFO: MySQL Database connected successfully!
[2025-11-01T17:31:17.134Z] INFO: Server listening at 5000
[2025-11-01T17:31:33.744Z] INFO: MySQL Database connected successfully!
[2025-11-01T17:31:33.753Z] INFO: Server listening at 5000
[2025-11-01T17:31:49.063Z] INFO: MySQL Database connected successfully!
[2025-11-01T17:31:49.072Z] INFO: Server listening at 5000
[2025-11-01T17:32:04.252Z] INFO: MySQL Database connected successfully!
[2025-11-01T17:32:04.259Z] INFO: Server listening at 5000
[2025-11-01T17:32:32.702Z] INFO: MySQL Database connected successfully!
[2025-11-01T17:32:32.714Z] INFO: Server listening at 5000
[2025-11-01T17:32:37.652Z] INFO: MySQL Database connected successfully!
[2025-11-01T17:32:37.660Z] INFO: Server listening at 5000
[2025-11-01T17:33:03.042Z] INFO: MySQL Database connected successfully!
[2025-11-01T17:33:03.049Z] INFO: Server listening at 5000
[2025-11-01T17:34:26.036Z] INFO: MySQL Database connected successfully!
[2025-11-01T17:34:26.044Z] INFO: Server listening at 5000
[2025-11-01T17:34:30.657Z] INFO: MySQL Database connected successfully!
[2025-11-01T17:34:30.665Z] INFO: Server listening at 5000
[2025-11-01T17:38:30.046Z] INFO: MySQL Database connected successfully!
[2025-11-01T17:38:30.053Z] INFO: Server listening at 5000
[2025-11-01T17:38:35.205Z] INFO: MySQL Database connected successfully!
[2025-11-01T17:38:35.218Z] INFO: Server listening at 5000
[2025-11-01T17:38:51.785Z] ERROR: Token verification failed: jwt malformed
[2025-11-01T17:40:21.677Z] INFO: Login attempt: email=undefined
[2025-11-01T17:40:21.678Z] WARN: Login failed: missing fields
[2025-11-01T17:40:30.678Z] INFO: Login attempt: email=shristy@example.com
[2025-11-01T17:40:30.747Z] INFO: Login successful: email=shristy@example.com, id=2
[2025-11-01T17:40:58.195Z] ERROR: Token verification failed: jwt malformed
[2025-11-01T17:41:05.019Z] INFO: MySQL Database connected successfully!
[2025-11-01T17:41:05.029Z] INFO: Server listening at 5000
[2025-11-01T17:41:56.299Z] INFO: MySQL Database connected successfully!
[2025-11-01T17:41:56.309Z] INFO: Server listening at 5000
[2025-11-01T17:41:59.822Z] ERROR: Token verification failed: jwt malformed
[2025-11-01T17:42:16.516Z] INFO: Authentication successful for user: shristy@example.com
[2025-11-01T17:42:34.262Z] INFO: MySQL Database connected successfully!
[2025-11-01T17:42:34.271Z] INFO: Server listening at 5000
[2025-11-01T17:44:31.334Z] INFO: Login attempt: email=admin@example.com
[2025-11-01T17:44:31.403Z] WARN: Login failed: invalid password (admin@example.com)
[2025-11-01T17:44:44.592Z] INFO: Login attempt: email=admin@example.com
[2025-11-01T17:44:44.655Z] WARN: Login failed: invalid password (admin@example.com)
[2025-11-01T17:45:27.719Z] INFO: Login attempt: email=admin@example.com
[2025-11-01T17:45:27.783Z] WARN: Login failed: invalid password (admin@example.com)
[2025-11-01T17:45:51.970Z] INFO: Login attempt: email=admin@example.com
[2025-11-01T17:45:52.032Z] WARN: Login failed: invalid password (admin@example.com)
[2025-11-01T17:48:03.149Z] INFO: Register attempt: name=admin, email=admin@example.com
[2025-11-01T17:48:03.150Z] ERROR: Registration failed: email already registered (admin@example.com)
[2025-11-01T17:49:00.413Z] INFO: Register attempt: name=admin, email=admin@example.com
[2025-11-01T17:49:00.522Z] INFO: User registered: email=admin@example.com, id=3
[2025-11-01T17:50:15.531Z] INFO: MySQL Database connected successfully!
[2025-11-01T17:50:15.541Z] INFO: Server listening at 5000
[2025-11-01T17:50:41.946Z] INFO: Authentication successful for user: admin@example.com
[2025-11-01T17:50:41.949Z] ERROR: Error creating skill: Table 'skill_assessment_portal.skills' doesn't exist
[2025-11-01T17:51:20.400Z] INFO: MySQL Database connected successfully!
[2025-11-01T17:51:20.412Z] INFO: Server listening at 5000
[2025-11-01T17:51:25.403Z] INFO: Authentication successful for user: admin@example.com
[2025-11-01T17:51:25.417Z] INFO: Skill created: JavaScript
[2025-11-01T17:52:56.663Z] INFO: MySQL Database connected successfully!
[2025-11-01T17:52:56.675Z] INFO: Server listening at 5000
[2025-11-01T17:54:08.801Z] INFO: MySQL Database connected successfully!
[2025-11-01T17:54:08.810Z] INFO: Server listening at 5000
[2025-11-01T17:54:09.362Z] INFO: MySQL Database connected successfully!
[2025-11-01T17:54:09.371Z] INFO: Server listening at 5000
[2025-11-01T17:56:10.355Z] INFO: MySQL Database connected successfully!
[2025-11-01T17:56:10.363Z] INFO: Server listening at 5000
[2025-11-01T17:56:35.861Z] INFO: MySQL Database connected successfully!
[2025-11-01T17:56:35.874Z] INFO: Server listening at 5000
[2025-11-01T17:56:38.821Z] INFO: MySQL Database connected successfully!
[2025-11-01T17:56:38.830Z] INFO: Server listening at 5000
[2025-11-01T17:56:45.352Z] INFO: MySQL Database connected successfully!
[2025-11-01T17:56:45.360Z] INFO: Server listening at 5000
[2025-11-01T17:56:53.440Z] INFO: MySQL Database connected successfully!
[2025-11-01T17:56:53.449Z] INFO: Server listening at 5000
[2025-11-01T17:58:07.400Z] INFO: MySQL Database connected successfully!
[2025-11-01T17:58:07.412Z] INFO: Server listening at 5000
[2025-11-01T17:58:56.449Z] INFO: MySQL Database connected successfully!
[2025-11-01T17:58:56.457Z] INFO: Server listening at 5000
[2025-11-01T17:59:00.971Z] INFO: MySQL Database connected successfully!
[2025-11-01T17:59:00.982Z] INFO: Server listening at 5000
[2025-11-01T17:59:36.316Z] INFO: MySQL Database connected successfully!
[2025-11-01T17:59:36.326Z] INFO: Server listening at 5000
[2025-11-01T17:59:55.468Z] INFO: MySQL Database connected successfully!
[2025-11-01T17:59:55.476Z] INFO: Server listening at 5000
[2025-11-01T18:01:04.548Z] INFO: MySQL Database connected successfully!
[2025-11-01T18:01:04.557Z] INFO: Server listening at 5000
[2025-11-01T18:01:14.193Z] INFO: MySQL Database connected successfully!
[2025-11-01T18:01:14.202Z] INFO: Server listening at 5000
[2025-11-01T18:02:02.235Z] INFO: MySQL Database connected successfully!
[2025-11-01T18:02:02.243Z] INFO: Server listening at 5000
[2025-11-01T18:03:28.793Z] INFO: MySQL Database connected successfully!
[2025-11-01T18:03:28.801Z] INFO: Server listening at 5000
[2025-11-01T18:03:36.664Z] INFO: MySQL Database connected successfully!
[2025-11-01T18:03:36.674Z] INFO: Server listening at 5000
[2025-11-01T18:03:49.698Z] INFO: MySQL Database connected successfully!
[2025-11-01T18:03:49.710Z] INFO: Server listening at 5000
[2025-11-01T18:03:56.477Z] INFO: MySQL Database connected successfully!
[2025-11-01T18:03:56.489Z] INFO: Server listening at 5000
[2025-11-01T18:04:17.892Z] INFO: MySQL Database connected successfully!
[2025-11-01T18:04:17.900Z] INFO: Server listening at 5000
[2025-11-01T18:04:24.221Z] INFO: MySQL Database connected successfully!
[2025-11-01T18:04:24.228Z] INFO: Server listening at 5000
[2025-11-01T18:04:54.418Z] INFO: MySQL Database connected successfully!
[2025-11-01T18:04:54.426Z] INFO: Server listening at 5000
[2025-11-01T18:05:03.204Z] INFO: MySQL Database connected successfully!
[2025-11-01T18:05:03.212Z] INFO: Server listening at 5000
[2025-11-01T18:05:32.984Z] INFO: MySQL Database connected successfully!
[2025-11-01T18:05:32.994Z] INFO: Server listening at 5000
[2025-11-01T18:05:35.792Z] INFO: MySQL Database connected successfully!
[2025-11-01T18:05:35.803Z] INFO: Server listening at 5000
[2025-11-01T18:06:03.666Z] INFO: MySQL Database connected successfully!
[2025-11-01T18:06:03.675Z] INFO: Server listening at 5000
[2025-11-01T18:06:08.012Z] INFO: MySQL Database connected successfully!
[2025-11-01T18:06:08.022Z] INFO: Server listening at 5000
[2025-11-01T18:06:16.457Z] INFO: MySQL Database connected successfully!
[2025-11-01T18:06:16.467Z] INFO: Server listening at 5000
[2025-11-01T18:07:37.573Z] INFO: MySQL Database connected successfully!
[2025-11-01T18:07:37.581Z] INFO: Server listening at 5000
[2025-11-01T18:07:43.717Z] INFO: MySQL Database connected successfully!
[2025-11-01T18:07:43.727Z] INFO: Server listening at 5000
[2025-11-01T18:07:50.841Z] INFO: MySQL Database connected successfully!
[2025-11-01T18:07:50.848Z] INFO: Server listening at 5000
[2025-11-01T18:18:16.874Z] INFO: MySQL Database connected successfully!
[2025-11-01T18:18:16.883Z] INFO: Server listening at 5000
[2025-11-01T18:18:20.976Z] INFO: MySQL Database connected successfully!
[2025-11-01T18:18:20.986Z] INFO: Server listening at 5000
[2025-11-01T18:18:24.153Z] INFO: MySQL Database connected successfully!
[2025-11-01T18:18:24.161Z] INFO: Server listening at 5000
[2025-11-01T18:19:09.582Z] INFO: MySQL Database connected successfully!
[2025-11-01T18:19:09.590Z] INFO: Server listening at 5000
[2025-11-01T18:19:13.105Z] INFO: MySQL Database connected successfully!
[2025-11-01T18:19:13.116Z] INFO: Server listening at 5000
[2025-11-01T18:37:24.620Z] INFO: MySQL Database connected successfully!
[2025-11-01T18:37:24.628Z] INFO: Server listening at 5000
[2025-11-01T18:45:29.929Z] INFO: MySQL Database connected successfully!
[2025-11-01T18:45:29.937Z] INFO: Server listening at 5000
[2025-11-01T19:02:42.337Z] INFO: MySQL Database connected successfully!
[2025-11-01T19:02:42.345Z] INFO: Server listening at 5000
[2025-11-06T09:46:18.130Z] INFO: MySQL Database connected successfully!
[2025-11-06T09:46:18.138Z] INFO: Server listening at 5000
[2025-11-06T10:18:25.551Z] WARN: Authentication failed: No token provided
[2025-11-06T12:03:02.492Z] INFO: Login attempt: email=admin@example.com
[2025-11-06T12:03:02.651Z] INFO: Login successful: email=admin@example.com, id=3
[2025-11-06T16:25:11.977Z] INFO: Login attempt: email=admin@example.com
[2025-11-06T16:25:12.041Z] INFO: Login successful: email=admin@example.com, id=3
[2025-11-06T16:29:23.626Z] INFO: Register attempt: name=user, email=user@example.com
[2025-11-06T16:29:23.702Z] INFO: User registered: email=user@example.com, id=4
[2025-11-06T16:31:08.062Z] INFO: Login attempt: email=admin@example.com
[2025-11-06T16:31:08.126Z] INFO: Login successful: email=admin@example.com, id=3
[2025-11-06T16:31:26.386Z] INFO: Login attempt: email=user@example.com
[2025-11-06T16:31:26.448Z] INFO: Login successful: email=user@example.com, id=4
[2025-11-06T16:33:05.687Z] INFO: Login attempt: email=user@example.com
[2025-11-06T16:33:05.750Z] INFO: Login successful: email=user@example.com, id=4
[2025-11-06T16:33:38.719Z] INFO: Login attempt: email=admin@example.com
[2025-11-06T16:33:38.782Z] INFO: Login successful: email=admin@example.com, id=3
[2025-11-06T16:34:06.198Z] INFO: Login attempt: email=user@example.com
[2025-11-06T16:34:06.261Z] INFO: Login successful: email=user@example.com, id=4
[2025-11-06T16:35:36.558Z] ERROR: Token verification failed: jwt expired
[2025-11-06T16:36:55.034Z] ERROR: Token verification failed: jwt expired
[2025-11-06T16:40:00.820Z] INFO: Login attempt: email=user@example.com
[2025-11-06T16:40:00.886Z] INFO: Login successful: email=user@example.com, id=4
[2025-11-06T16:40:54.320Z] INFO: Authentication successful for user: user@example.com
[2025-11-06T16:42:15.047Z] INFO: Authentication successful for user: user@example.com
[2025-11-06T16:42:22.174Z] INFO: Authentication successful for user: user@example.com
[2025-11-06T16:44:51.556Z] INFO: MySQL Database connected successfully!
[2025-11-06T16:44:51.567Z] INFO: Server listening at 5000
[2025-11-06T16:44:56.280Z] INFO: Authentication successful for user: user@example.com
[2025-11-06T16:46:33.736Z] INFO: MySQL Database connected successfully!
[2025-11-06T16:46:33.748Z] INFO: Server listening at 5000
[2025-11-06T16:46:36.768Z] INFO: Authentication successful for user: user@example.com
[2025-11-06T16:47:10.219Z] INFO: Authentication successful for user: user@example.com
[2025-11-06T16:47:10.227Z] INFO: Fetched all skills
[2025-11-06T16:47:42.118Z] INFO: MySQL Database connected successfully!
[2025-11-06T16:47:42.127Z] INFO: Server listening at 5000
[2025-11-06T16:48:21.948Z] INFO: Authentication successful for user: user@example.com
[2025-11-06T16:48:21.955Z] INFO: Fetched all skills
[2025-11-06T16:48:42.983Z] INFO: Authentication successful for user: user@example.com
[2025-11-06T16:48:42.984Z] INFO: Fetched all skills
[2025-11-06T17:00:16.181Z] WARN: Authentication failed: No token provided
[2025-11-06T17:00:16.189Z] WARN: Authentication failed: No token provided
[2025-11-06T17:13:45.256Z] INFO: Login attempt: email=admin@example.com
[2025-11-06T17:13:45.320Z] WARN: Login failed: invalid password (admin@example.com)
[2025-11-06T17:13:55.661Z] INFO: Login attempt: email=admin@example.com
[2025-11-06T17:13:55.727Z] INFO: Login successful: email=admin@example.com, id=3
[2025-11-06T17:17:45.057Z] WARN: Authentication failed: No token provided
[2025-11-06T17:17:45.061Z] WARN: Authentication failed: No token provided
[2025-11-06T17:18:18.513Z] INFO: Login attempt: email=admin@example.com
[2025-11-06T17:18:18.577Z] INFO: Login successful: email=admin@example.com, id=3
[2025-11-06T17:20:48.002Z] INFO: Login attempt: email=user@example.com
[2025-11-06T17:20:48.064Z] INFO: Login successful: email=user@example.com, id=4
[2025-11-06T17:20:48.077Z] INFO: Authentication successful for user: user@example.com
[2025-11-06T17:20:48.078Z] INFO: Fetched all skills
[2025-11-06T17:20:48.083Z] INFO: Authentication successful for user: user@example.com
[2025-11-06T17:20:48.084Z] INFO: Fetched all skills
[2025-11-06T17:21:17.914Z] INFO: Authentication successful for user: user@example.com
[2025-11-06T17:21:17.915Z] INFO: Fetched all skills
[2025-11-06T17:21:17.920Z] INFO: Authentication successful for user: user@example.com
[2025-11-06T17:21:17.921Z] INFO: Fetched all skills
[2025-11-06T17:23:07.996Z] INFO: Authentication successful for user: user@example.com
[2025-11-06T17:23:07.997Z] INFO: Fetched all skills
[2025-11-06T17:24:10.895Z] INFO: Authentication successful for user: user@example.com
[2025-11-06T17:24:10.897Z] INFO: Fetched all skills
[2025-11-06T17:24:10.903Z] INFO: Authentication successful for user: user@example.com
[2025-11-06T17:24:10.904Z] INFO: Fetched all skills
[2025-11-06T17:24:17.087Z] INFO: Authentication successful for user: user@example.com
[2025-11-06T17:24:17.089Z] INFO: Fetched all skills
[2025-11-06T17:24:17.096Z] INFO: Authentication successful for user: user@example.com
[2025-11-06T17:24:17.097Z] INFO: Fetched all skills
[2025-11-06T17:24:44.163Z] INFO: Authentication successful for user: user@example.com
[2025-11-06T17:24:44.165Z] INFO: Fetched all skills
[2025-11-06T17:24:44.170Z] INFO: Authentication successful for user: user@example.com
[2025-11-06T17:24:44.171Z] INFO: Fetched all skills
[2025-11-13T12:51:27.043Z] INFO: MySQL Database connected successfully!
[2025-11-13T12:51:27.055Z] INFO: Server listening at 5000
[2025-11-13T12:54:36.466Z] INFO: Login attempt: email=user@example.com
[2025-11-13T12:54:36.568Z] INFO: Login successful: email=user@example.com, id=4
[2025-11-13T12:56:45.652Z] INFO: Authentication successful for user: user@example.com
[2025-11-13T12:56:45.657Z] INFO: Fetched all skills
[2025-11-13T12:58:48.396Z] INFO: Authentication successful for user: user@example.com
[2025-11-13T12:58:48.397Z] INFO: Fetched all skills
[2025-11-13T12:58:48.402Z] INFO: Authentication successful for user: user@example.com
[2025-11-13T12:58:48.403Z] INFO: Fetched all skills
[2025-11-13T12:59:10.170Z] INFO: Login attempt: email=admin@example.com
[2025-11-13T12:59:10.230Z] INFO: Login successful: email=admin@example.com, id=3
[2025-11-13T13:00:14.440Z] INFO: Login attempt: email=user@example.com
[2025-11-13T13:00:14.501Z] INFO: Login successful: email=user@example.com, id=4
[2025-11-13T13:00:14.519Z] INFO: Authentication successful for user: user@example.com
[2025-11-13T13:00:14.521Z] INFO: Fetched all skills
[2025-11-13T13:00:14.525Z] INFO: Authentication successful for user: user@example.com
[2025-11-13T13:00:14.527Z] INFO: Fetched all skills
[2025-11-13T13:58:15.116Z] INFO: Authentication successful for user: user@example.com
[2025-11-13T13:58:15.117Z] INFO: Fetched all skills
[2025-11-13T13:58:15.122Z] INFO: Authentication successful for user: user@example.com
[2025-11-13T13:58:15.124Z] INFO: Fetched all skills
[2025-11-13T13:59:05.448Z] INFO: Authentication successful for user: user@example.com
[2025-11-13T13:59:05.449Z] INFO: Fetched all skills
[2025-11-13T13:59:05.455Z] INFO: Authentication successful for user: user@example.com
[2025-11-13T13:59:05.457Z] INFO: Fetched all skills
[2025-11-13T13:59:09.046Z] INFO: Authentication successful for user: user@example.com
[2025-11-13T13:59:09.047Z] INFO: Fetched all skills
[2025-11-13T13:59:09.054Z] INFO: Authentication successful for user: user@example.com
[2025-11-13T13:59:09.055Z] INFO: Fetched all skills
[2025-11-13T13:59:36.973Z] INFO: Login attempt: email=admin@example.com
[2025-11-13T13:59:37.033Z] INFO: Login successful: email=admin@example.com, id=3
[2025-11-13T14:01:05.908Z] INFO: Authentication successful for user: admin@example.com
[2025-11-13T14:01:05.940Z] INFO: Skill created: C++
[2025-11-13T14:02:20.781Z] INFO: Authentication successful for user: admin@example.com
[2025-11-13T14:02:20.786Z] ERROR: Error creating skill: Duplicate entry 'C++' for key 'skill_categories.name'
[2025-11-13T14:02:42.625Z] INFO: Authentication successful for user: admin@example.com
[2025-11-13T14:02:42.630Z] INFO: Authentication successful for user: admin@example.com
[2025-11-13T14:02:42.646Z] INFO: Skill created: 
[2025-11-13T14:02:42.653Z] ERROR: Error creating skill: Duplicate entry '' for key 'skill_categories.name'
[2025-11-13T14:03:11.915Z] INFO: Authentication successful for user: admin@example.com
[2025-11-13T14:03:11.917Z] INFO: Authentication successful for user: admin@example.com
[2025-11-13T14:03:11.920Z] ERROR: Error creating skill: Duplicate entry '' for key 'skill_categories.name'
[2025-11-13T14:03:11.924Z] ERROR: Error creating skill: Duplicate entry '' for key 'skill_categories.name'
[2025-11-13T14:04:22.069Z] INFO: Authentication successful for user: admin@example.com
[2025-11-13T14:04:22.074Z] ERROR: Error creating skill: Duplicate entry 'C++' for key 'skill_categories.name'
[2025-11-13T14:05:18.902Z] INFO: Authentication successful for user: admin@example.com
[2025-11-13T14:05:18.907Z] ERROR: Error creating skill: Duplicate entry 'C++' for key 'skill_categories.name'
[2025-11-13T14:07:45.168Z] INFO: Authentication successful for user: admin@example.com
[2025-11-13T14:07:45.173Z] ERROR: Error creating skill: Duplicate entry 'C++' for key 'skill_categories.name'
[2025-11-13T15:32:12.116Z] INFO: Login attempt: email=admin@example.com
[2025-11-13T15:32:12.177Z] INFO: Login successful: email=admin@example.com, id=3
[2025-11-13T15:32:26.787Z] INFO: Authentication successful for user: admin@example.com
[2025-11-13T15:32:26.809Z] INFO: Skill created: Html
[2025-11-13T15:35:38.900Z] INFO: Authentication successful for user: admin@example.com
[2025-11-13T15:35:38.912Z] INFO: Skill created: vh
[2025-11-13T15:36:35.750Z] INFO: Authentication successful for user: admin@example.com
[2025-11-13T15:36:35.760Z] INFO: Skill created: vhu
[2025-11-13T15:37:45.242Z] INFO: Authentication successful for user: admin@example.com
[2025-11-13T15:37:46.247Z] INFO: Skill created: CSS
[2025-11-13T15:42:43.894Z] INFO: Authentication successful for user: admin@example.com
[2025-11-13T15:42:43.923Z] INFO: Skill created: Python
[2025-11-13T15:43:26.973Z] INFO: Authentication successful for user: admin@example.com
[2025-11-13T15:43:26.985Z] INFO: Skill created: C
[2025-11-13T15:43:54.387Z] INFO: Login attempt: email=user@example.com
[2025-11-13T15:43:54.445Z] INFO: Login successful: email=user@example.com, id=4
[2025-11-13T15:43:54.464Z] INFO: Authentication successful for user: user@example.com
[2025-11-13T15:43:54.465Z] INFO: Fetched all skills
[2025-11-13T15:43:54.470Z] INFO: Authentication successful for user: user@example.com
[2025-11-13T15:43:54.471Z] INFO: Fetched all skills
[2025-11-13T15:52:50.434Z] INFO: Login attempt: email=admin@example.com
[2025-11-13T15:52:50.492Z] INFO: Login successful: email=admin@example.com, id=3
[2025-11-13T15:52:58.705Z] INFO: Authentication successful for user: admin@example.com
[2025-11-13T15:52:58.727Z] ERROR: Error creating skill: Duplicate entry 'C++' for key 'skill_categories.name'
[2025-11-13T15:54:00.183Z] INFO: Login attempt: email=admin@example.com
[2025-11-13T15:54:00.242Z] INFO: Login successful: email=admin@example.com, id=3
[2025-11-13T15:54:10.336Z] INFO: Authentication successful for user: admin@example.com
[2025-11-13T15:54:10.407Z] INFO: Skill created: Go
[2025-11-13T15:55:23.648Z] INFO: Authentication successful for user: admin@example.com
[2025-11-13T15:55:23.662Z] INFO: Skill created: GoLang
[2025-11-13T15:55:49.852Z] INFO: Authentication successful for user: admin@example.com
[2025-11-13T15:55:49.894Z] INFO: Skill created: FF
[2025-11-13T15:57:24.280Z] INFO: Authentication successful for user: admin@example.com
[2025-11-13T15:57:24.596Z] INFO: Skill created: Fh
[2025-11-13T16:01:27.337Z] INFO: Authentication successful for user: admin@example.com
[2025-11-13T16:01:27.346Z] INFO: Skill created: OO
[2025-11-13T16:02:42.228Z] INFO: Login attempt: email=user@example.com
[2025-11-13T16:02:42.286Z] INFO: Login successful: email=user@example.com, id=4
[2025-11-13T16:02:42.307Z] INFO: Authentication successful for user: user@example.com
[2025-11-13T16:02:42.307Z] INFO: Fetched all skills
[2025-11-13T16:02:42.311Z] INFO: Authentication successful for user: user@example.com
[2025-11-13T16:02:42.312Z] INFO: Fetched all skills
[2025-11-13T16:03:16.515Z] INFO: Login attempt: email=admin@example.com
[2025-11-13T16:03:16.574Z] INFO: Login successful: email=admin@example.com, id=3
[2025-11-13T16:06:33.470Z] INFO: Authentication successful for user: admin@example.com
[2025-11-13T16:06:33.654Z] INFO: Skill created: ABCD
[2025-11-13T16:19:59.353Z] INFO: Authentication successful for user: admin@example.com
[2025-11-13T16:19:59.354Z] INFO: Fetched all skills
[2025-11-13T16:21:34.660Z] INFO: Login attempt: email=user@example.com
[2025-11-13T16:21:34.720Z] INFO: Login successful: email=user@example.com, id=4
[2025-11-13T16:21:34.738Z] INFO: Authentication successful for user: user@example.com
[2025-11-13T16:21:34.739Z] INFO: Fetched all skills
[2025-11-13T16:21:34.742Z] INFO: Authentication successful for user: user@example.com
[2025-11-13T16:21:34.743Z] INFO: Fetched all skills
[2025-11-13T16:23:44.868Z] INFO: Authentication successful for user: user@example.com
[2025-11-13T16:23:44.869Z] INFO: Fetched all skills
[2025-11-13T16:23:44.874Z] INFO: Authentication successful for user: user@example.com
[2025-11-13T16:23:44.875Z] INFO: Fetched all skills
[2025-11-13T16:59:43.080Z] INFO: Login attempt: email=admin@example.com
[2025-11-13T16:59:43.146Z] INFO: Login successful: email=admin@example.com, id=3
[2025-11-13T17:31:46.582Z] INFO: Login attempt: email=user@example.com
[2025-11-13T17:31:46.641Z] INFO: Login successful: email=user@example.com, id=4
[2025-11-13T17:31:46.661Z] INFO: Authentication successful for user: user@example.com
[2025-11-13T17:31:46.662Z] INFO: Fetched all skills
[2025-11-13T17:31:46.665Z] INFO: Authentication successful for user: user@example.com
[2025-11-13T17:31:46.666Z] INFO: Fetched all skills
[2025-11-13T17:42:11.723Z] INFO: Login attempt: email=user@example.com
[2025-11-13T17:42:11.781Z] INFO: Login successful: email=user@example.com, id=4
[2025-11-13T17:42:11.800Z] INFO: Authentication successful for user: user@example.com
[2025-11-13T17:42:11.801Z] INFO: Fetched all skills
[2025-11-13T17:42:11.804Z] INFO: Authentication successful for user: user@example.com
[2025-11-13T17:42:11.805Z] INFO: Fetched all skills
[2025-11-13T17:42:36.601Z] INFO: Login attempt: email=admin@example.com
[2025-11-13T17:42:36.660Z] INFO: Login successful: email=admin@example.com, id=3
[2025-11-13T17:42:39.899Z] INFO: Authentication successful for user: admin@example.com
[2025-11-13T17:42:39.899Z] INFO: Fetched all skills
[2025-11-13T17:42:39.902Z] INFO: Authentication successful for user: admin@example.com
[2025-11-13T17:42:39.903Z] INFO: Fetched all skills
[2025-11-13T18:20:10.625Z] INFO: MySQL Database connected successfully!
[2025-11-13T18:21:38.942Z] INFO: MySQL Database connected successfully!
[2025-11-13T18:21:38.955Z] INFO: Server listening at 5000
[2025-11-13T18:23:31.825Z] ERROR: Token verification failed: jwt expired
[2025-11-13T18:24:13.275Z] INFO: Login attempt: email=admin@example.com
[2025-11-13T18:24:13.354Z] INFO: Login successful: email=admin@example.com, id=3
[2025-11-13T18:24:36.434Z] INFO: Authentication successful for user: admin@example.com
[2025-11-13T18:24:36.435Z] ERROR: Error creating question: Bind parameters must not contain undefined. To pass SQL NULL specify JS null
[2025-11-13T18:31:24.006Z] INFO: Authentication successful for user: admin@example.com
[2025-11-13T18:31:24.009Z] ERROR: Error creating question: Data truncated for column 'correct_answer' at row 1
[2025-11-13T18:34:42.164Z] INFO: Authentication successful for user: admin@example.com
[2025-11-13T18:34:42.165Z] ERROR: Error creating question: Data truncated for column 'correct_answer' at row 1
[2025-11-13T18:52:00.071Z] INFO: Authentication successful for user: admin@example.com
[2025-11-13T18:52:00.114Z] INFO: Question created successfully
[2025-11-13T19:20:32.069Z] INFO: Login attempt: email=admin@example.com
[2025-11-13T19:20:32.133Z] INFO: Login successful: email=admin@example.com, id=3
[2025-11-13T19:20:35.707Z] INFO: Authentication successful for user: admin@example.com
[2025-11-13T19:20:35.710Z] INFO: Fetched all skills
[2025-11-13T19:20:35.714Z] INFO: Authentication successful for user: admin@example.com
[2025-11-13T19:20:35.715Z] INFO: Fetched all skills
[2025-11-13T19:24:24.903Z] INFO: Authentication successful for user: admin@example.com
[2025-11-13T19:24:24.904Z] ERROR: Error creating question: Data truncated for column 'correct_answer' at row 1
[2025-11-13T19:25:13.615Z] INFO: Authentication successful for user: admin@example.com
[2025-11-13T19:25:13.616Z] INFO: Fetched all skills
[2025-11-13T19:25:13.620Z] INFO: Authentication successful for user: admin@example.com
[2025-11-13T19:25:13.622Z] INFO: Fetched all skills
[2025-11-13T19:25:46.256Z] INFO: Authentication successful for user: admin@example.com
[2025-11-13T19:25:46.274Z] INFO: Question created successfully
[2025-11-13T19:32:11.960Z] INFO: Authentication successful for user: admin@example.com
[2025-11-13T19:32:11.964Z] INFO: Questions loaded successfully
[2025-11-13T19:32:32.593Z] INFO: Authentication successful for user: admin@example.com
[2025-11-13T19:32:32.594Z] INFO: Questions loaded successfully
[2025-11-13T19:32:32.599Z] INFO: Authentication successful for user: admin@example.com
[2025-11-13T19:32:32.601Z] INFO: Questions loaded successfully
[2025-11-13T19:35:43.281Z] INFO: Authentication successful for user: admin@example.com
[2025-11-13T19:35:43.282Z] INFO: Questions loaded successfully
[2025-11-13T19:35:43.286Z] INFO: Authentication successful for user: admin@example.com
[2025-11-13T19:35:43.288Z] INFO: Questions loaded successfully
[2025-11-13T19:37:31.283Z] INFO: Authentication successful for user: admin@example.com
[2025-11-13T19:37:31.284Z] INFO: Questions loaded successfully
[2025-11-13T19:37:31.290Z] INFO: Authentication successful for user: admin@example.com
[2025-11-13T19:37:31.291Z] INFO: Questions loaded successfully
[2025-11-13T19:38:40.934Z] INFO: Authentication successful for user: admin@example.com
[2025-11-13T19:38:40.935Z] INFO: Questions loaded successfully
[2025-11-13T19:38:40.946Z] INFO: Authentication successful for user: admin@example.com
[2025-11-13T19:38:40.947Z] INFO: Questions loaded successfully
[2025-11-13T19:43:28.064Z] INFO: MySQL Database connected successfully!
[2025-11-13T19:43:28.073Z] INFO: Server listening at 5000
[2025-11-13T19:44:04.703Z] INFO: Authentication successful for user: admin@example.com
[2025-11-13T19:44:04.709Z] INFO: Questions loaded successfully
[2025-11-13T19:47:09.450Z] INFO: MySQL Database connected successfully!
[2025-11-13T19:47:09.462Z] INFO: Server listening at 5000
[2025-11-13T19:47:12.885Z] INFO: Authentication successful for user: admin@example.com
[2025-11-13T19:47:12.890Z] INFO: Questions loaded successfully
[2025-11-13T19:49:19.261Z] INFO: Authentication successful for user: admin@example.com
[2025-11-13T19:49:19.263Z] INFO: Questions loaded successfully
[2025-11-13T19:49:19.267Z] INFO: Authentication successful for user: admin@example.com
[2025-11-13T19:49:19.270Z] INFO: Questions loaded successfully
[2025-11-13T19:49:48.986Z] INFO: Authentication successful for user: admin@example.com
[2025-11-13T19:49:48.988Z] INFO: Questions loaded successfully
[2025-11-13T19:49:48.995Z] INFO: Authentication successful for user: admin@example.com
[2025-11-13T19:49:48.997Z] INFO: Questions loaded successfully
[2025-11-13T19:49:51.211Z] INFO: Authentication successful for user: admin@example.com
[2025-11-13T19:49:51.213Z] INFO: Fetched all skills
[2025-11-13T19:49:51.217Z] INFO: Authentication successful for user: admin@example.com
[2025-11-13T19:49:51.218Z] INFO: Fetched all skills
[2025-11-13T19:51:54.122Z] INFO: Authentication successful for user: admin@example.com
[2025-11-13T19:51:54.132Z] INFO: Question created successfully
[2025-11-13T19:52:13.416Z] INFO: Authentication successful for user: admin@example.com
[2025-11-13T19:52:13.418Z] INFO: Questions loaded successfully
[2025-11-13T19:52:13.423Z] INFO: Authentication successful for user: admin@example.com
[2025-11-13T19:52:13.426Z] INFO: Questions loaded successfully
[2025-11-13T19:53:45.206Z] INFO: Authentication successful for user: admin@example.com
[2025-11-13T19:53:45.207Z] INFO: Questions loaded successfully
[2025-11-13T19:53:45.216Z] INFO: Authentication successful for user: admin@example.com
[2025-11-13T19:53:45.218Z] INFO: Questions loaded successfully
[2025-11-13T19:53:45.263Z] INFO: Authentication successful for user: admin@example.com
[2025-11-13T19:53:45.264Z] INFO: Questions loaded successfully
[2025-11-13T19:53:45.280Z] INFO: Authentication successful for user: admin@example.com
[2025-11-13T19:53:45.282Z] INFO: Questions loaded successfully
[2025-11-13T19:53:45.308Z] INFO: Authentication successful for user: admin@example.com
[2025-11-13T19:53:45.309Z] INFO: Questions loaded successfully
[2025-11-13T19:53:45.320Z] INFO: Authentication successful for user: admin@example.com
[2025-11-13T19:53:45.321Z] INFO: Questions loaded successfully
[2025-11-13T19:53:45.355Z] INFO: Authentication successful for user: admin@example.com
[2025-11-13T19:53:45.356Z] INFO: Questions loaded successfully
[2025-11-13T19:53:45.362Z] INFO: Authentication successful for user: admin@example.com
[2025-11-13T19:53:45.364Z] INFO: Questions loaded successfully
[2025-11-13T19:53:45.373Z] INFO: Authentication successful for user: admin@example.com
[2025-11-13T19:53:45.375Z] INFO: Questions loaded successfully
[2025-11-13T19:53:45.391Z] INFO: Authentication successful for user: admin@example.com
[2025-11-13T19:53:45.393Z] INFO: Questions loaded successfully
[2025-11-13T19:53:45.418Z] INFO: Authentication successful for user: admin@example.com
[2025-11-13T19:53:45.420Z] INFO: Questions loaded successfully
[2025-11-13T19:53:45.435Z] INFO: Authentication successful for user: admin@example.com
[2025-11-13T19:53:45.436Z] INFO: Questions loaded successfully
[2025-11-13T19:53:45.444Z] INFO: Authentication successful for user: admin@example.com
[2025-11-13T19:53:45.445Z] INFO: Questions loaded successfully
[2025-11-13T19:53:45.455Z] INFO: Authentication successful for user: admin@example.com
[2025-11-13T19:53:45.456Z] INFO: Questions loaded successfully
[2025-11-13T19:53:45.467Z] INFO: Authentication successful for user: admin@example.com
[2025-11-13T19:53:45.469Z] INFO: Questions loaded successfully
[2025-11-13T19:53:45.479Z] INFO: Authentication successful for user: admin@example.com
[2025-11-13T19:53:45.480Z] INFO: Questions loaded successfully
[2025-11-13T19:53:45.486Z] INFO: Authentication successful for user: admin@example.com
[2025-11-13T19:53:45.487Z] INFO: Questions loaded successfully
[2025-11-13T19:53:45.506Z] INFO: Authentication successful for user: admin@example.com
[2025-11-13T19:53:45.507Z] INFO: Questions loaded successfully
[2025-11-13T19:53:45.519Z] INFO: Authentication successful for user: admin@example.com
[2025-11-13T19:53:45.521Z] INFO: Questions loaded successfully
[2025-11-13T19:53:45.529Z] INFO: Authentication successful for user: admin@example.com
[2025-11-13T19:53:45.531Z] INFO: Questions loaded successfully
[2025-11-13T19:53:45.539Z] INFO: Authentication successful for user: admin@example.com
[2025-11-13T19:53:45.540Z] INFO: Questions loaded successfully
[2025-11-13T19:53:45.551Z] INFO: Authentication successful for user: admin@example.com
[2025-11-13T19:53:45.552Z] INFO: Questions loaded successfully
[2025-11-13T19:53:45.566Z] INFO: Authentication successful for user: admin@example.com
[2025-11-13T19:53:45.567Z] INFO: Questions loaded successfully
[2025-11-13T19:53:45.582Z] INFO: Authentication successful for user: admin@example.com
[2025-11-13T19:53:45.583Z] INFO: Questions loaded successfully
[2025-11-13T19:53:45.595Z] INFO: Authentication successful for user: admin@example.com
[2025-11-13T19:53:45.596Z] INFO: Questions loaded successfully
[2025-11-13T19:53:45.602Z] INFO: Authentication successful for user: admin@example.com
[2025-11-13T19:53:45.603Z] INFO: Questions loaded successfully
[2025-11-13T19:53:45.612Z] INFO: Authentication successful for user: admin@example.com
[2025-11-13T19:53:45.613Z] INFO: Questions loaded successfully
[2025-11-13T19:53:45.623Z] INFO: Authentication successful for user: admin@example.com
[2025-11-13T19:53:45.625Z] INFO: Questions loaded successfully
[2025-11-13T19:53:45.635Z] INFO: Authentication successful for user: admin@example.com
[2025-11-13T19:53:45.636Z] INFO: Questions loaded successfully
[2025-11-13T19:53:45.646Z] INFO: Authentication successful for user: admin@example.com
[2025-11-13T19:53:45.647Z] INFO: Questions loaded successfully
[2025-11-13T19:53:45.657Z] INFO: Authentication successful for user: admin@example.com
[2025-11-13T19:53:45.658Z] INFO: Questions loaded successfully
[2025-11-13T19:53:45.667Z] INFO: Authentication successful for user: admin@example.com
[2025-11-13T19:53:45.668Z] INFO: Questions loaded successfully
[2025-11-13T19:53:45.678Z] INFO: Authentication successful for user: admin@example.com
[2025-11-13T19:53:45.680Z] INFO: Questions loaded successfully
[2025-11-13T19:53:45.691Z] INFO: Authentication successful for user: admin@example.com
[2025-11-13T19:53:45.693Z] INFO: Questions loaded successfully
[2025-11-13T19:53:45.702Z] INFO: Authentication successful for user: admin@example.com
[2025-11-13T19:53:45.703Z] INFO: Questions loaded successfully
[2025-11-13T19:53:45.712Z] INFO: Authentication successful for user: admin@example.com
[2025-11-13T19:53:45.713Z] INFO: Questions loaded successfully
[2025-11-13T19:53:45.722Z] INFO: Authentication successful for user: admin@example.com
[2025-11-13T19:53:45.723Z] INFO: Questions loaded successfully
[2025-11-13T19:53:45.733Z] INFO: Authentication successful for user: admin@example.com
[2025-11-13T19:53:45.734Z] INFO: Questions loaded successfully
[2025-11-13T19:53:45.744Z] INFO: Authentication successful for user: admin@example.com
[2025-11-13T19:53:45.745Z] INFO: Questions loaded successfully
[2025-11-13T19:53:45.757Z] INFO: Authentication successful for user: admin@example.com
[2025-11-13T19:53:45.758Z] INFO: Questions loaded successfully
[2025-11-13T19:53:45.769Z] INFO: Authentication successful for user: admin@example.com
[2025-11-13T19:53:45.771Z] INFO: Questions loaded successfully
[2025-11-13T19:53:45.795Z] INFO: Authentication successful for user: admin@example.com
[2025-11-13T19:53:45.796Z] INFO: Questions loaded successfully
[2025-11-13T19:53:45.808Z] INFO: Authentication successful for user: admin@example.com
[2025-11-13T19:53:45.811Z] INFO: Questions loaded successfully
[2025-11-13T19:53:45.821Z] INFO: Authentication successful for user: admin@example.com
[2025-11-13T19:53:45.822Z] INFO: Questions loaded successfully
[2025-11-13T19:53:45.834Z] INFO: Authentication successful for user: admin@example.com
[2025-11-13T19:53:45.835Z] INFO: Questions loaded successfully
[2025-11-13T19:53:45.845Z] INFO: Authentication successful for user: admin@example.com
[2025-11-13T19:53:45.846Z] INFO: Questions loaded successfully
[2025-11-13T19:53:45.855Z] INFO: Authentication successful for user: admin@example.com
[2025-11-13T19:53:45.856Z] INFO: Questions loaded successfully
[2025-11-13T19:53:45.865Z] INFO: Authentication successful for user: admin@example.com
[2025-11-13T19:53:45.866Z] INFO: Questions loaded successfully
[2025-11-13T19:53:45.875Z] INFO: Authentication successful for user: admin@example.com
[2025-11-13T19:53:45.876Z] INFO: Questions loaded successfully
[2025-11-13T19:53:45.886Z] INFO: Authentication successful for user: admin@example.com
[2025-11-13T19:53:45.887Z] INFO: Questions loaded successfully
[2025-11-13T19:53:45.896Z] INFO: Authentication successful for user: admin@example.com
[2025-11-13T19:53:45.897Z] INFO: Questions loaded successfully
[2025-11-13T19:53:45.906Z] INFO: Authentication successful for user: admin@example.com
[2025-11-13T19:53:45.907Z] INFO: Questions loaded successfully
[2025-11-13T19:53:45.916Z] INFO: Authentication successful for user: admin@example.com
[2025-11-13T19:53:45.917Z] INFO: Questions loaded successfully
[2025-11-13T19:53:45.928Z] INFO: Authentication successful for user: admin@example.com
[2025-11-13T19:53:45.929Z] INFO: Questions loaded successfully
[2025-11-13T19:53:45.938Z] INFO: Authentication successful for user: admin@example.com
[2025-11-13T19:53:45.939Z] INFO: Questions loaded successfully
[2025-11-13T19:53:45.949Z] INFO: Authentication successful for user: admin@example.com
[2025-11-13T19:53:45.950Z] INFO: Questions loaded successfully
[2025-11-13T19:53:45.961Z] INFO: Authentication successful for user: admin@example.com
[2025-11-13T19:53:45.962Z] INFO: Questions loaded successfully
[2025-11-13T19:53:45.974Z] INFO: Authentication successful for user: admin@example.com
[2025-11-13T19:53:45.982Z] INFO: Questions loaded successfully
[2025-11-13T19:53:45.988Z] INFO: Authentication successful for user: admin@example.com
[2025-11-13T19:53:45.990Z] INFO: Questions loaded successfully
[2025-11-13T19:53:46.007Z] INFO: Authentication successful for user: admin@example.com
[2025-11-13T19:53:46.008Z] INFO: Questions loaded successfully
[2025-11-13T19:53:46.018Z] INFO: Authentication successful for user: admin@example.com
[2025-11-13T19:53:46.019Z] INFO: Questions loaded successfully
[2025-11-13T19:53:46.027Z] INFO: Authentication successful for user: admin@example.com
[2025-11-13T19:53:46.028Z] INFO: Questions loaded successfully
[2025-11-13T19:53:46.038Z] INFO: Authentication successful for user: admin@example.com
[2025-11-13T19:53:46.039Z] INFO: Questions loaded successfully
[2025-11-13T19:53:46.046Z] INFO: Authentication successful for user: admin@example.com
[2025-11-13T19:53:46.047Z] INFO: Questions loaded successfully
[2025-11-13T19:53:46.059Z] INFO: Authentication successful for user: admin@example.com
[2025-11-13T19:53:46.060Z] INFO: Questions loaded successfully
[2025-11-13T19:53:46.069Z] INFO: Authentication successful for user: admin@example.com
[2025-11-13T19:53:46.070Z] INFO: Questions loaded successfully
[2025-11-13T19:53:46.077Z] INFO: Authentication successful for user: admin@example.com
[2025-11-13T19:53:46.078Z] INFO: Questions loaded successfully
[2025-11-13T19:53:46.090Z] INFO: Authentication successful for user: admin@example.com
[2025-11-13T19:53:46.091Z] INFO: Questions loaded successfully
[2025-11-13T19:53:46.098Z] INFO: Authentication successful for user: admin@example.com
[2025-11-13T19:53:46.100Z] INFO: Questions loaded successfully
[2025-11-13T19:53:46.108Z] INFO: Authentication successful for user: admin@example.com
[2025-11-13T19:53:46.110Z] INFO: Questions loaded successfully
[2025-11-13T19:53:46.119Z] INFO: Authentication successful for user: admin@example.com
[2025-11-13T19:53:46.120Z] INFO: Questions loaded successfully
[2025-11-13T19:53:46.131Z] INFO: Authentication successful for user: admin@example.com
[2025-11-13T19:53:46.132Z] INFO: Questions loaded successfully
[2025-11-13T19:53:46.141Z] INFO: Authentication successful for user: admin@example.com
[2025-11-13T19:53:46.142Z] INFO: Questions loaded successfully
[2025-11-13T19:53:46.152Z] INFO: Authentication successful for user: admin@example.com
[2025-11-13T19:53:46.154Z] INFO: Questions loaded successfully
[2025-11-13T19:53:46.162Z] INFO: Authentication successful for user: admin@example.com
[2025-11-13T19:53:46.163Z] INFO: Questions loaded successfully
[2025-11-13T19:53:46.174Z] INFO: Authentication successful for user: admin@example.com
[2025-11-13T19:53:46.175Z] INFO: Questions loaded successfully
[2025-11-13T19:53:46.182Z] INFO: Authentication successful for user: admin@example.com
[2025-11-13T19:53:46.183Z] INFO: Questions loaded successfully
[2025-11-13T19:53:46.203Z] INFO: Authentication successful for user: admin@example.com
[2025-11-13T19:53:46.204Z] INFO: Questions loaded successfully
[2025-11-13T19:53:46.209Z] INFO: Authentication successful for user: admin@example.com
[2025-11-13T19:53:46.211Z] INFO: Questions loaded successfully
[2025-11-13T19:53:46.223Z] INFO: Authentication successful for user: admin@example.com
[2025-11-13T19:53:46.225Z] INFO: Questions loaded successfully
[2025-11-13T19:53:46.238Z] INFO: Authentication successful for user: admin@example.com
[2025-11-13T19:53:46.239Z] INFO: Questions loaded successfully
[2025-11-13T19:53:46.249Z] INFO: Authentication successful for user: admin@example.com
[2025-11-13T19:53:46.250Z] INFO: Questions loaded successfully
[2025-11-13T19:53:46.261Z] INFO: Authentication successful for user: admin@example.com
[2025-11-13T19:53:46.263Z] INFO: Questions loaded successfully
[2025-11-13T19:53:46.272Z] INFO: Authentication successful for user: admin@example.com
[2025-11-13T19:53:46.274Z] INFO: Questions loaded successfully
[2025-11-13T19:53:46.287Z] INFO: Authentication successful for user: admin@example.com
[2025-11-13T19:53:46.288Z] INFO: Questions loaded successfully
[2025-11-13T19:53:46.293Z] INFO: Authentication successful for user: admin@example.com
[2025-11-13T19:53:46.294Z] INFO: Questions loaded successfully
[2025-11-13T19:53:46.308Z] INFO: Authentication successful for user: admin@example.com
[2025-11-13T19:53:46.309Z] INFO: Questions loaded successfully
[2025-11-13T19:53:46.320Z] INFO: Authentication successful for user: admin@example.com
[2025-11-13T19:53:46.321Z] INFO: Questions loaded successfully
[2025-11-13T19:53:46.338Z] INFO: Authentication successful for user: admin@example.com
[2025-11-13T19:53:46.340Z] INFO: Questions loaded successfully
[2025-11-13T19:53:46.362Z] INFO: Authentication successful for user: admin@example.com
[2025-11-13T19:53:46.363Z] INFO: Questions loaded successfully
[2025-11-13T19:53:46.369Z] INFO: Authentication successful for user: admin@example.com
[2025-11-13T19:53:46.370Z] INFO: Questions loaded successfully
[2025-11-13T19:53:46.398Z] INFO: Authentication successful for user: admin@example.com
[2025-11-13T19:53:46.399Z] INFO: Questions loaded successfully
[2025-11-13T19:53:46.416Z] INFO: Authentication successful for user: admin@example.com
[2025-11-13T19:53:46.417Z] INFO: Questions loaded successfully
[2025-11-13T19:53:46.433Z] INFO: Authentication successful for user: admin@example.com
[2025-11-13T19:53:46.434Z] INFO: Questions loaded successfully
[2025-11-13T19:53:46.453Z] INFO: Authentication successful for user: admin@example.com
[2025-11-13T19:53:46.454Z] INFO: Questions loaded successfully
[2025-11-13T19:53:46.474Z] INFO: Authentication successful for user: admin@example.com
[2025-11-13T19:53:46.475Z] INFO: Questions loaded successfully
[2025-11-13T19:53:46.493Z] INFO: Authentication successful for user: admin@example.com
[2025-11-13T19:53:46.494Z] INFO: Questions loaded successfully
[2025-11-13T19:53:46.515Z] INFO: Authentication successful for user: admin@example.com
[2025-11-13T19:53:46.516Z] INFO: Questions loaded successfully
[2025-11-13T19:53:46.531Z] INFO: Authentication successful for user: admin@example.com
[2025-11-13T19:53:46.532Z] INFO: Questions loaded successfully
[2025-11-13T19:53:46.552Z] INFO: Authentication successful for user: admin@example.com
[2025-11-13T19:53:46.553Z] INFO: Questions loaded successfully
[2025-11-13T19:53:46.568Z] INFO: Authentication successful for user: admin@example.com
[2025-11-13T19:53:46.569Z] INFO: Questions loaded successfully
[2025-11-13T19:53:46.584Z] INFO: Authentication successful for user: admin@example.com
[2025-11-13T19:53:46.585Z] INFO: Questions loaded successfully
[2025-11-13T19:53:46.609Z] INFO: Authentication successful for user: admin@example.com
[2025-11-13T19:53:46.610Z] INFO: Questions loaded successfully
[2025-11-13T19:53:46.624Z] INFO: Authentication successful for user: admin@example.com
[2025-11-13T19:53:46.625Z] INFO: Questions loaded successfully
[2025-11-13T19:53:46.645Z] INFO: Authentication successful for user: admin@example.com
[2025-11-13T19:53:46.646Z] INFO: Questions loaded successfully
[2025-11-13T19:53:46.662Z] INFO: Authentication successful for user: admin@example.com
[2025-11-13T19:53:46.663Z] INFO: Questions loaded successfully
[2025-11-13T19:53:46.681Z] INFO: Authentication successful for user: admin@example.com
[2025-11-13T19:53:46.682Z] INFO: Questions loaded successfully
[2025-11-13T19:53:46.698Z] INFO: Authentication successful for user: admin@example.com
[2025-11-13T19:53:46.699Z] INFO: Questions loaded successfully
[2025-11-13T19:53:46.715Z] INFO: Authentication successful for user: admin@example.com
[2025-11-13T19:53:46.716Z] INFO: Questions loaded successfully
[2025-11-13T19:53:46.732Z] INFO: Authentication successful for user: admin@example.com
[2025-11-13T19:53:46.733Z] INFO: Questions loaded successfully
[2025-11-13T19:53:46.747Z] INFO: Authentication successful for user: admin@example.com
[2025-11-13T19:53:46.749Z] INFO: Questions loaded successfully
[2025-11-13T19:53:46.772Z] INFO: Authentication successful for user: admin@example.com
[2025-11-13T19:53:46.773Z] INFO: Questions loaded successfully
[2025-11-13T19:53:46.790Z] INFO: Authentication successful for user: admin@example.com
[2025-11-13T19:53:46.791Z] INFO: Questions loaded successfully
[2025-11-13T19:53:46.806Z] INFO: Authentication successful for user: admin@example.com
[2025-11-13T19:53:46.807Z] INFO: Questions loaded successfully
[2025-11-13T19:53:46.824Z] INFO: Authentication successful for user: admin@example.com
[2025-11-13T19:53:46.825Z] INFO: Questions loaded successfully
[2025-11-13T19:53:46.840Z] INFO: Authentication successful for user: admin@example.com
[2025-11-13T19:53:46.841Z] INFO: Questions loaded successfully
[2025-11-13T19:53:46.858Z] INFO: Authentication successful for user: admin@example.com
[2025-11-13T19:53:46.859Z] INFO: Questions loaded successfully
[2025-11-13T19:53:46.876Z] INFO: Authentication successful for user: admin@example.com
[2025-11-13T19:53:46.877Z] INFO: Questions loaded successfully
[2025-11-13T19:53:46.897Z] INFO: Authentication successful for user: admin@example.com
[2025-11-13T19:53:46.898Z] INFO: Questions loaded successfully
[2025-11-13T19:53:46.914Z] INFO: Authentication successful for user: admin@example.com
[2025-11-13T19:53:46.915Z] INFO: Questions loaded successfully
[2025-11-13T19:53:46.930Z] INFO: Authentication successful for user: admin@example.com
[2025-11-13T19:53:46.931Z] INFO: Questions loaded successfully
[2025-11-13T19:53:46.949Z] INFO: Authentication successful for user: admin@example.com
[2025-11-13T19:53:46.950Z] INFO: Questions loaded successfully
[2025-11-13T19:53:46.964Z] INFO: Authentication successful for user: admin@example.com
[2025-11-13T19:53:46.965Z] INFO: Questions loaded successfully
[2025-11-13T19:53:46.986Z] INFO: Authentication successful for user: admin@example.com
[2025-11-13T19:53:46.988Z] INFO: Questions loaded successfully
[2025-11-13T19:53:47.005Z] INFO: Authentication successful for user: admin@example.com
[2025-11-13T19:53:47.006Z] INFO: Questions loaded successfully
[2025-11-13T19:53:47.020Z] INFO: Authentication successful for user: admin@example.com
[2025-11-13T19:53:47.021Z] INFO: Questions loaded successfully
[2025-11-13T19:53:47.036Z] INFO: Authentication successful for user: admin@example.com
[2025-11-13T19:53:47.036Z] INFO: Questions loaded successfully
[2025-11-13T19:53:47.056Z] INFO: Authentication successful for user: admin@example.com
[2025-11-13T19:53:47.057Z] INFO: Questions loaded successfully
[2025-11-13T19:53:47.071Z] INFO: Authentication successful for user: admin@example.com
[2025-11-13T19:53:47.072Z] INFO: Questions loaded successfully
[2025-11-13T19:53:47.090Z] INFO: Authentication successful for user: admin@example.com
[2025-11-13T19:53:47.091Z] INFO: Questions loaded successfully
[2025-11-13T19:53:47.110Z] INFO: Authentication successful for user: admin@example.com
[2025-11-13T19:53:47.110Z] INFO: Questions loaded successfully
[2025-11-13T19:53:47.125Z] INFO: Authentication successful for user: admin@example.com
[2025-11-13T19:53:47.126Z] INFO: Questions loaded successfully
[2025-11-13T19:53:47.144Z] INFO: Authentication successful for user: admin@example.com
[2025-11-13T19:53:47.145Z] INFO: Questions loaded successfully
[2025-11-13T19:53:47.161Z] INFO: Authentication successful for user: admin@example.com
[2025-11-13T19:53:47.162Z] INFO: Questions loaded successfully
[2025-11-13T19:53:47.177Z] INFO: Authentication successful for user: admin@example.com
[2025-11-13T19:53:47.178Z] INFO: Questions loaded successfully
[2025-11-13T19:53:47.194Z] INFO: Authentication successful for user: admin@example.com
[2025-11-13T19:53:47.195Z] INFO: Questions loaded successfully
[2025-11-13T19:53:47.213Z] INFO: Authentication successful for user: admin@example.com
[2025-11-13T19:53:47.214Z] INFO: Questions loaded successfully
[2025-11-13T19:53:47.232Z] INFO: Authentication successful for user: admin@example.com
[2025-11-13T19:53:47.233Z] INFO: Questions loaded successfully
[2025-11-13T19:53:47.249Z] INFO: Authentication successful for user: admin@example.com
[2025-11-13T19:53:47.250Z] INFO: Questions loaded successfully
[2025-11-13T19:53:47.266Z] INFO: Authentication successful for user: admin@example.com
[2025-11-13T19:53:47.267Z] INFO: Questions loaded successfully
[2025-11-13T19:53:47.283Z] INFO: Authentication successful for user: admin@example.com
[2025-11-13T19:53:47.284Z] INFO: Questions loaded successfully
[2025-11-13T19:53:47.300Z] INFO: Authentication successful for user: admin@example.com
[2025-11-13T19:53:47.301Z] INFO: Questions loaded successfully
[2025-11-13T19:53:47.318Z] INFO: Authentication successful for user: admin@example.com
[2025-11-13T19:53:47.319Z] INFO: Questions loaded successfully
[2025-11-13T19:53:47.334Z] INFO: Authentication successful for user: admin@example.com
[2025-11-13T19:53:47.335Z] INFO: Questions loaded successfully
[2025-11-13T19:53:47.349Z] INFO: Authentication successful for user: admin@example.com
[2025-11-13T19:53:47.350Z] INFO: Questions loaded successfully
[2025-11-13T19:53:47.368Z] INFO: Authentication successful for user: admin@example.com
[2025-11-13T19:53:47.370Z] INFO: Questions loaded successfully
[2025-11-13T19:53:47.386Z] INFO: Authentication successful for user: admin@example.com
[2025-11-13T19:53:47.387Z] INFO: Questions loaded successfully
[2025-11-13T19:53:47.404Z] INFO: Authentication successful for user: admin@example.com
[2025-11-13T19:53:47.405Z] INFO: Questions loaded successfully
[2025-11-13T19:53:47.425Z] INFO: Authentication successful for user: admin@example.com
[2025-11-13T19:53:47.426Z] INFO: Questions loaded successfully
[2025-11-13T19:53:47.440Z] INFO: Authentication successful for user: admin@example.com
[2025-11-13T19:53:47.441Z] INFO: Questions loaded successfully
[2025-11-13T19:53:47.455Z] INFO: Authentication successful for user: admin@example.com
[2025-11-13T19:53:47.456Z] INFO: Questions loaded successfully
[2025-11-13T19:53:47.471Z] INFO: Authentication successful for user: admin@example.com
[2025-11-13T19:53:47.472Z] INFO: Questions loaded successfully
[2025-11-13T19:53:47.485Z] INFO: Authentication successful for user: admin@example.com
[2025-11-13T19:53:47.486Z] INFO: Questions loaded successfully
[2025-11-13T19:53:47.503Z] INFO: Authentication successful for user: admin@example.com
[2025-11-13T19:53:47.504Z] INFO: Questions loaded successfully
[2025-11-13T19:53:47.519Z] INFO: Authentication successful for user: admin@example.com
[2025-11-13T19:53:47.520Z] INFO: Questions loaded successfully
[2025-11-13T19:53:47.536Z] INFO: Authentication successful for user: admin@example.com
[2025-11-13T19:53:47.537Z] INFO: Questions loaded successfully
[2025-11-13T19:53:47.575Z] INFO: Authentication successful for user: admin@example.com
[2025-11-13T19:53:47.576Z] INFO: Questions loaded successfully
[2025-11-13T19:53:47.598Z] INFO: Authentication successful for user: admin@example.com
[2025-11-13T19:53:47.599Z] INFO: Questions loaded successfully
[2025-11-13T19:53:47.614Z] INFO: Authentication successful for user: admin@example.com
[2025-11-13T19:53:47.615Z] INFO: Questions loaded successfully
[2025-11-13T19:53:47.631Z] INFO: Authentication successful for user: admin@example.com
[2025-11-13T19:53:47.632Z] INFO: Questions loaded successfully
[2025-11-13T19:53:47.646Z] INFO: Authentication successful for user: admin@example.com
[2025-11-13T19:53:47.647Z] INFO: Questions loaded successfully
[2025-11-13T19:53:47.667Z] INFO: Authentication successful for user: admin@example.com
[2025-11-13T19:53:47.668Z] INFO: Questions loaded successfully
[2025-11-13T19:53:47.690Z] INFO: Authentication successful for user: admin@example.com
[2025-11-13T19:53:47.691Z] INFO: Questions loaded successfully
[2025-11-13T19:53:47.708Z] INFO: Authentication successful for user: admin@example.com
[2025-11-13T19:53:47.709Z] INFO: Questions loaded successfully
[2025-11-13T19:53:47.726Z] INFO: Authentication successful for user: admin@example.com
[2025-11-13T19:53:47.727Z] INFO: Questions loaded successfully
[2025-11-13T19:53:47.745Z] INFO: Authentication successful for user: admin@example.com
[2025-11-13T19:53:47.747Z] INFO: Questions loaded successfully
[2025-11-13T19:53:47.765Z] INFO: Authentication successful for user: admin@example.com
[2025-11-13T19:53:47.766Z] INFO: Questions loaded successfully
[2025-11-13T19:53:47.787Z] INFO: Authentication successful for user: admin@example.com
[2025-11-13T19:53:47.789Z] INFO: Questions loaded successfully
[2025-11-13T19:53:47.810Z] INFO: Authentication successful for user: admin@example.com
[2025-11-13T19:53:47.811Z] INFO: Questions loaded successfully
[2025-11-13T19:53:47.829Z] INFO: Authentication successful for user: admin@example.com
[2025-11-13T19:53:47.830Z] INFO: Questions loaded successfully
[2025-11-13T19:53:47.851Z] INFO: Authentication successful for user: admin@example.com
[2025-11-13T19:53:47.853Z] INFO: Questions loaded successfully
[2025-11-13T19:53:47.873Z] INFO: Authentication successful for user: admin@example.com
[2025-11-13T19:53:47.874Z] INFO: Questions loaded successfully
[2025-11-13T19:53:47.890Z] INFO: Authentication successful for user: admin@example.com
[2025-11-13T19:53:47.891Z] INFO: Questions loaded successfully
[2025-11-13T19:53:47.908Z] INFO: Authentication successful for user: admin@example.com
[2025-11-13T19:53:47.909Z] INFO: Questions loaded successfully
[2025-11-13T19:53:47.925Z] INFO: Authentication successful for user: admin@example.com
[2025-11-13T19:53:47.925Z] INFO: Questions loaded successfully
[2025-11-13T19:53:47.938Z] INFO: Authentication successful for user: admin@example.com
[2025-11-13T19:53:47.939Z] INFO: Questions loaded successfully
[2025-11-13T19:53:47.957Z] INFO: Authentication successful for user: admin@example.com
[2025-11-13T19:53:47.957Z] INFO: Questions loaded successfully
[2025-11-13T19:53:47.972Z] INFO: Authentication successful for user: admin@example.com
[2025-11-13T19:53:47.973Z] INFO: Questions loaded successfully
[2025-11-13T19:53:47.992Z] INFO: Authentication successful for user: admin@example.com
[2025-11-13T19:53:47.993Z] INFO: Questions loaded successfully
[2025-11-13T19:53:48.008Z] INFO: Authentication successful for user: admin@example.com
[2025-11-13T19:53:48.009Z] INFO: Questions loaded successfully
[2025-11-13T19:53:48.024Z] INFO: Authentication successful for user: admin@example.com
[2025-11-13T19:53:48.024Z] INFO: Questions loaded successfully
[2025-11-13T19:53:48.035Z] INFO: Authentication successful for user: admin@example.com
[2025-11-13T19:53:48.036Z] INFO: Questions loaded successfully
[2025-11-13T19:53:48.051Z] INFO: Authentication successful for user: admin@example.com
[2025-11-13T19:53:48.052Z] INFO: Questions loaded successfully
[2025-11-13T19:53:48.065Z] INFO: Authentication successful for user: admin@example.com
[2025-11-13T19:53:48.066Z] INFO: Questions loaded successfully
[2025-11-13T19:53:48.083Z] INFO: Authentication successful for user: admin@example.com
[2025-11-13T19:53:48.084Z] INFO: Questions loaded successfully
[2025-11-13T19:53:48.107Z] INFO: Authentication successful for user: admin@example.com
[2025-11-13T19:53:48.108Z] INFO: Questions loaded successfully
[2025-11-13T19:53:48.123Z] INFO: Authentication successful for user: admin@example.com
[2025-11-13T19:53:48.124Z] INFO: Questions loaded successfully
[2025-11-13T19:53:48.139Z] INFO: Authentication successful for user: admin@example.com
[2025-11-13T19:53:48.139Z] INFO: Questions loaded successfully
[2025-11-13T19:53:48.155Z] INFO: Authentication successful for user: admin@example.com
[2025-11-13T19:53:48.156Z] INFO: Questions loaded successfully
[2025-11-13T19:53:48.167Z] INFO: Authentication successful for user: admin@example.com
[2025-11-13T19:53:48.168Z] INFO: Questions loaded successfully
[2025-11-13T19:53:48.184Z] INFO: Authentication successful for user: admin@example.com
[2025-11-13T19:53:48.185Z] INFO: Questions loaded successfully
[2025-11-13T19:53:48.200Z] INFO: Authentication successful for user: admin@example.com
[2025-11-13T19:53:48.202Z] INFO: Questions loaded successfully
[2025-11-13T19:53:48.243Z] INFO: Authentication successful for user: admin@example.com
[2025-11-13T19:53:48.244Z] INFO: Questions loaded successfully
[2025-11-13T19:53:48.272Z] INFO: Authentication successful for user: admin@example.com
[2025-11-13T19:53:48.272Z] INFO: Questions loaded successfully
[2025-11-13T19:53:48.286Z] INFO: Authentication successful for user: admin@example.com
[2025-11-13T19:53:48.288Z] INFO: Questions loaded successfully
[2025-11-13T19:53:48.307Z] INFO: Authentication successful for user: admin@example.com
[2025-11-13T19:53:48.308Z] INFO: Questions loaded successfully
[2025-11-13T19:53:48.332Z] INFO: Authentication successful for user: admin@example.com
[2025-11-13T19:53:48.333Z] INFO: Questions loaded successfully
[2025-11-13T19:53:48.345Z] INFO: Authentication successful for user: admin@example.com
[2025-11-13T19:53:48.346Z] INFO: Questions loaded successfully
[2025-11-13T19:53:48.360Z] INFO: Authentication successful for user: admin@example.com
[2025-11-13T19:53:48.361Z] INFO: Questions loaded successfully
[2025-11-13T19:53:48.375Z] INFO: Authentication successful for user: admin@example.com
[2025-11-13T19:53:48.376Z] INFO: Questions loaded successfully
[2025-11-13T19:53:48.390Z] INFO: Authentication successful for user: admin@example.com
[2025-11-13T19:53:48.391Z] INFO: Questions loaded successfully
[2025-11-13T19:53:48.406Z] INFO: Authentication successful for user: admin@example.com
[2025-11-13T19:53:48.407Z] INFO: Questions loaded successfully
[2025-11-13T19:53:48.418Z] INFO: Authentication successful for user: admin@example.com
[2025-11-13T19:53:48.419Z] INFO: Questions loaded successfully
[2025-11-13T19:53:48.434Z] INFO: Authentication successful for user: admin@example.com
[2025-11-13T19:53:48.435Z] INFO: Questions loaded successfully
[2025-11-13T19:53:48.449Z] INFO: Authentication successful for user: admin@example.com
[2025-11-13T19:53:48.450Z] INFO: Questions loaded successfully
[2025-11-13T19:53:48.465Z] INFO: Authentication successful for user: admin@example.com
[2025-11-13T19:53:48.466Z] INFO: Questions loaded successfully
[2025-11-13T19:53:48.483Z] INFO: Authentication successful for user: admin@example.com
[2025-11-13T19:53:48.484Z] INFO: Questions loaded successfully
[2025-11-13T19:53:48.496Z] INFO: Authentication successful for user: admin@example.com
[2025-11-13T19:53:48.497Z] INFO: Questions loaded successfully
[2025-11-13T19:53:48.515Z] INFO: Authentication successful for user: admin@example.com
[2025-11-13T19:53:48.516Z] INFO: Questions loaded successfully
[2025-11-13T19:53:48.529Z] INFO: Authentication successful for user: admin@example.com
[2025-11-13T19:53:48.530Z] INFO: Questions loaded successfully
[2025-11-13T19:53:48.545Z] INFO: Authentication successful for user: admin@example.com
[2025-11-13T19:53:48.546Z] INFO: Questions loaded successfully
[2025-11-13T19:53:48.561Z] INFO: Authentication successful for user: admin@example.com
[2025-11-13T19:53:48.561Z] INFO: Questions loaded successfully
[2025-11-13T19:53:48.577Z] INFO: Authentication successful for user: admin@example.com
[2025-11-13T19:53:48.578Z] INFO: Questions loaded successfully
[2025-11-13T19:53:48.592Z] INFO: Authentication successful for user: admin@example.com
[2025-11-13T19:53:48.593Z] INFO: Questions loaded successfully
[2025-11-13T19:53:48.610Z] INFO: Authentication successful for user: admin@example.com
[2025-11-13T19:53:48.611Z] INFO: Questions loaded successfully
[2025-11-13T19:53:48.625Z] INFO: Authentication successful for user: admin@example.com
[2025-11-13T19:53:48.625Z] INFO: Questions loaded successfully
[2025-11-13T19:53:48.636Z] INFO: Authentication successful for user: admin@example.com
[2025-11-13T19:53:48.637Z] INFO: Questions loaded successfully
[2025-11-13T19:53:48.652Z] INFO: Authentication successful for user: admin@example.com
[2025-11-13T19:53:48.653Z] INFO: Questions loaded successfully
[2025-11-13T19:53:48.667Z] INFO: Authentication successful for user: admin@example.com
[2025-11-13T19:53:48.668Z] INFO: Questions loaded successfully
[2025-11-13T19:53:48.684Z] INFO: Authentication successful for user: admin@example.com
[2025-11-13T19:53:48.685Z] INFO: Questions loaded successfully
[2025-11-13T19:53:48.700Z] INFO: Authentication successful for user: admin@example.com
[2025-11-13T19:53:48.701Z] INFO: Questions loaded successfully
[2025-11-13T19:53:48.717Z] INFO: Authentication successful for user: admin@example.com
[2025-11-13T19:53:48.718Z] INFO: Questions loaded successfully
[2025-11-13T19:53:48.733Z] INFO: Authentication successful for user: admin@example.com
[2025-11-13T19:53:48.734Z] INFO: Questions loaded successfully
[2025-11-13T19:53:48.750Z] INFO: Authentication successful for user: admin@example.com
[2025-11-13T19:53:48.750Z] INFO: Questions loaded successfully
[2025-11-13T19:53:48.765Z] INFO: Authentication successful for user: admin@example.com
[2025-11-13T19:53:48.766Z] INFO: Questions loaded successfully
[2025-11-13T19:53:48.782Z] INFO: Authentication successful for user: admin@example.com
[2025-11-13T19:53:48.782Z] INFO: Questions loaded successfully
[2025-11-13T19:53:48.796Z] INFO: Authentication successful for user: admin@example.com
[2025-11-13T19:53:48.797Z] INFO: Questions loaded successfully
[2025-11-13T19:53:48.811Z] INFO: Authentication successful for user: admin@example.com
[2025-11-13T19:53:48.812Z] INFO: Questions loaded successfully
[2025-11-13T19:53:48.827Z] INFO: Authentication successful for user: admin@example.com
[2025-11-13T19:53:48.828Z] INFO: Questions loaded successfully
[2025-11-13T19:53:48.844Z] INFO: Authentication successful for user: admin@example.com
[2025-11-13T19:53:48.845Z] INFO: Questions loaded successfully
[2025-11-13T19:53:48.860Z] INFO: Authentication successful for user: admin@example.com
[2025-11-13T19:53:48.861Z] INFO: Questions loaded successfully
[2025-11-13T19:53:48.873Z] INFO: Authentication successful for user: admin@example.com
[2025-11-13T19:53:48.874Z] INFO: Questions loaded successfully
[2025-11-13T19:53:48.888Z] INFO: Authentication successful for user: admin@example.com
[2025-11-13T19:53:48.888Z] INFO: Questions loaded successfully
[2025-11-13T19:53:48.902Z] INFO: Authentication successful for user: admin@example.com
[2025-11-13T19:53:48.903Z] INFO: Questions loaded successfully
[2025-11-13T19:53:48.916Z] INFO: Authentication successful for user: admin@example.com
[2025-11-13T19:53:48.916Z] INFO: Questions loaded successfully
[2025-11-13T19:53:48.930Z] INFO: Authentication successful for user: admin@example.com
[2025-11-13T19:53:48.931Z] INFO: Questions loaded successfully
[2025-11-13T19:53:48.946Z] INFO: Authentication successful for user: admin@example.com
[2025-11-13T19:53:48.947Z] INFO: Questions loaded successfully
[2025-11-13T19:53:48.962Z] INFO: Authentication successful for user: admin@example.com
[2025-11-13T19:53:48.963Z] INFO: Questions loaded successfully
[2025-11-13T19:53:48.977Z] INFO: Authentication successful for user: admin@example.com
[2025-11-13T19:53:48.978Z] INFO: Questions loaded successfully
[2025-11-13T19:53:48.991Z] INFO: Authentication successful for user: admin@example.com
[2025-11-13T19:53:48.992Z] INFO: Questions loaded successfully
[2025-11-13T19:53:49.005Z] INFO: Authentication successful for user: admin@example.com
[2025-11-13T19:53:49.005Z] INFO: Questions loaded successfully
[2025-11-13T19:53:49.023Z] INFO: Authentication successful for user: admin@example.com
[2025-11-13T19:53:49.024Z] INFO: Questions loaded successfully
[2025-11-13T19:53:49.039Z] INFO: Authentication successful for user: admin@example.com
[2025-11-13T19:53:49.040Z] INFO: Questions loaded successfully
[2025-11-13T19:53:49.054Z] INFO: Authentication successful for user: admin@example.com
[2025-11-13T19:53:49.055Z] INFO: Questions loaded successfully
[2025-11-13T19:53:49.069Z] INFO: Authentication successful for user: admin@example.com
[2025-11-13T19:53:49.070Z] INFO: Questions loaded successfully
[2025-11-13T19:53:49.082Z] INFO: Authentication successful for user: admin@example.com
[2025-11-13T19:53:49.083Z] INFO: Questions loaded successfully
[2025-11-13T19:53:49.102Z] INFO: Authentication successful for user: admin@example.com
[2025-11-13T19:53:49.103Z] INFO: Questions loaded successfully
[2025-11-13T19:53:49.114Z] INFO: Authentication successful for user: admin@example.com
[2025-11-13T19:53:49.115Z] INFO: Questions loaded successfully
[2025-11-13T19:53:49.130Z] INFO: Authentication successful for user: admin@example.com
[2025-11-13T19:53:49.131Z] INFO: Questions loaded successfully
[2025-11-13T19:53:49.146Z] INFO: Authentication successful for user: admin@example.com
[2025-11-13T19:53:49.147Z] INFO: Questions loaded successfully
[2025-11-13T19:53:49.165Z] INFO: Authentication successful for user: admin@example.com
[2025-11-13T19:53:49.166Z] INFO: Questions loaded successfully
[2025-11-13T19:53:49.182Z] INFO: Authentication successful for user: admin@example.com
[2025-11-13T19:53:49.182Z] INFO: Questions loaded successfully
[2025-11-13T19:53:49.199Z] INFO: Authentication successful for user: admin@example.com
[2025-11-13T19:53:49.200Z] INFO: Questions loaded successfully
[2025-11-13T19:53:49.213Z] INFO: Authentication successful for user: admin@example.com
[2025-11-13T19:53:49.214Z] INFO: Questions loaded successfully
[2025-11-13T19:53:49.229Z] INFO: Authentication successful for user: admin@example.com
[2025-11-13T19:53:49.230Z] INFO: Questions loaded successfully
[2025-11-13T19:53:49.244Z] INFO: Authentication successful for user: admin@example.com
[2025-11-13T19:53:49.245Z] INFO: Questions loaded successfully
[2025-11-13T19:53:49.259Z] INFO: Authentication successful for user: admin@example.com
[2025-11-13T19:53:49.260Z] INFO: Questions loaded successfully
[2025-11-13T19:53:49.273Z] INFO: Authentication successful for user: admin@example.com
[2025-11-13T19:53:49.274Z] INFO: Questions loaded successfully
[2025-11-13T19:53:49.289Z] INFO: Authentication successful for user: admin@example.com
[2025-11-13T19:53:49.290Z] INFO: Questions loaded successfully
[2025-11-13T19:53:49.304Z] INFO: Authentication successful for user: admin@example.com
[2025-11-13T19:53:49.305Z] INFO: Questions loaded successfully
[2025-11-13T19:53:49.320Z] INFO: Authentication successful for user: admin@example.com
[2025-11-13T19:53:49.320Z] INFO: Questions loaded successfully
[2025-11-13T19:53:49.335Z] INFO: Authentication successful for user: admin@example.com
[2025-11-13T19:53:49.336Z] INFO: Questions loaded successfully
[2025-11-13T19:53:49.350Z] INFO: Authentication successful for user: admin@example.com
[2025-11-13T19:53:49.351Z] INFO: Questions loaded successfully
[2025-11-13T19:53:49.366Z] INFO: Authentication successful for user: admin@example.com
[2025-11-13T19:53:49.366Z] INFO: Questions loaded successfully
[2025-11-13T19:53:49.380Z] INFO: Authentication successful for user: admin@example.com
[2025-11-13T19:53:49.381Z] INFO: Questions loaded successfully
[2025-11-13T19:53:49.396Z] INFO: Authentication successful for user: admin@example.com
[2025-11-13T19:53:49.397Z] INFO: Questions loaded successfully
[2025-11-13T19:53:49.409Z] INFO: Authentication successful for user: admin@example.com
[2025-11-13T19:53:49.410Z] INFO: Questions loaded successfully
[2025-11-13T19:53:49.425Z] INFO: Authentication successful for user: admin@example.com
[2025-11-13T19:53:49.425Z] INFO: Questions loaded successfully
[2025-11-13T19:53:49.439Z] INFO: Authentication successful for user: admin@example.com
[2025-11-13T19:53:49.440Z] INFO: Questions loaded successfully
[2025-11-13T19:53:49.454Z] INFO: Authentication successful for user: admin@example.com
[2025-11-13T19:53:49.455Z] INFO: Questions loaded successfully
[2025-11-13T19:53:49.470Z] INFO: Authentication successful for user: admin@example.com
[2025-11-13T19:53:49.471Z] INFO: Questions loaded successfully
[2025-11-13T19:53:49.483Z] INFO: Authentication successful for user: admin@example.com
[2025-11-13T19:53:49.484Z] INFO: Questions loaded successfully
[2025-11-13T19:53:49.496Z] INFO: Authentication successful for user: admin@example.com
[2025-11-13T19:53:49.496Z] INFO: Questions loaded successfully
[2025-11-13T19:53:49.508Z] INFO: Authentication successful for user: admin@example.com
[2025-11-13T19:53:49.509Z] INFO: Questions loaded successfully
[2025-11-13T19:53:49.521Z] INFO: Authentication successful for user: admin@example.com
[2025-11-13T19:53:49.522Z] INFO: Questions loaded successfully
[2025-11-13T19:53:49.535Z] INFO: Authentication successful for user: admin@example.com
[2025-11-13T19:53:49.536Z] INFO: Questions loaded successfully
[2025-11-13T19:53:49.548Z] INFO: Authentication successful for user: admin@example.com
[2025-11-13T19:53:49.548Z] INFO: Questions loaded successfully
[2025-11-13T19:53:49.560Z] INFO: Authentication successful for user: admin@example.com
[2025-11-13T19:53:49.561Z] INFO: Questions loaded successfully
[2025-11-13T19:53:49.575Z] INFO: Authentication successful for user: admin@example.com
[2025-11-13T19:53:49.576Z] INFO: Questions loaded successfully
[2025-11-13T19:53:49.590Z] INFO: Authentication successful for user: admin@example.com
[2025-11-13T19:53:49.591Z] INFO: Questions loaded successfully
[2025-11-13T19:53:49.606Z] INFO: Authentication successful for user: admin@example.com
[2025-11-13T19:53:49.607Z] INFO: Questions loaded successfully
[2025-11-13T19:53:49.623Z] INFO: Authentication successful for user: admin@example.com
[2025-11-13T19:53:49.623Z] INFO: Questions loaded successfully
[2025-11-13T19:53:49.639Z] INFO: Authentication successful for user: admin@example.com
[2025-11-13T19:53:49.639Z] INFO: Questions loaded successfully
[2025-11-13T19:53:49.661Z] INFO: Authentication successful for user: admin@example.com
[2025-11-13T19:53:49.662Z] INFO: Questions loaded successfully
[2025-11-13T19:53:49.675Z] INFO: Authentication successful for user: admin@example.com
[2025-11-13T19:53:49.676Z] INFO: Questions loaded successfully
[2025-11-13T19:53:49.692Z] INFO: Authentication successful for user: admin@example.com
[2025-11-13T19:53:49.693Z] INFO: Questions loaded successfully
[2025-11-13T19:53:49.706Z] INFO: Authentication successful for user: admin@example.com
[2025-11-13T19:53:49.707Z] INFO: Questions loaded successfully
[2025-11-13T19:53:49.723Z] INFO: Authentication successful for user: admin@example.com
[2025-11-13T19:53:49.723Z] INFO: Questions loaded successfully
[2025-11-13T19:53:49.738Z] INFO: Authentication successful for user: admin@example.com
[2025-11-13T19:53:49.739Z] INFO: Questions loaded successfully
[2025-11-13T19:53:49.753Z] INFO: Authentication successful for user: admin@example.com
[2025-11-13T19:53:49.754Z] INFO: Questions loaded successfully
[2025-11-13T19:53:49.770Z] INFO: Authentication successful for user: admin@example.com
[2025-11-13T19:53:49.771Z] INFO: Questions loaded successfully
[2025-11-13T19:53:49.785Z] INFO: Authentication successful for user: admin@example.com
[2025-11-13T19:53:49.786Z] INFO: Questions loaded successfully
[2025-11-13T19:53:49.800Z] INFO: Authentication successful for user: admin@example.com
[2025-11-13T19:53:49.801Z] INFO: Questions loaded successfully
[2025-11-13T19:53:49.817Z] INFO: Authentication successful for user: admin@example.com
[2025-11-13T19:53:49.818Z] INFO: Questions loaded successfully
[2025-11-13T19:53:49.838Z] INFO: Authentication successful for user: admin@example.com
[2025-11-13T19:53:49.839Z] INFO: Questions loaded successfully
[2025-11-13T19:53:49.854Z] INFO: Authentication successful for user: admin@example.com
[2025-11-13T19:53:49.856Z] INFO: Questions loaded successfully
[2025-11-13T19:53:49.879Z] INFO: Authentication successful for user: admin@example.com
[2025-11-13T19:53:49.880Z] INFO: Questions loaded successfully
[2025-11-13T19:53:49.894Z] INFO: Authentication successful for user: admin@example.com
[2025-11-13T19:53:49.895Z] INFO: Questions loaded successfully
[2025-11-13T19:53:49.905Z] INFO: Authentication successful for user: admin@example.com
[2025-11-13T19:53:49.906Z] INFO: Questions loaded successfully
[2025-11-13T19:53:49.922Z] INFO: Authentication successful for user: admin@example.com
[2025-11-13T19:53:49.923Z] INFO: Questions loaded successfully
[2025-11-13T19:53:49.936Z] INFO: Authentication successful for user: admin@example.com
[2025-11-13T19:53:49.937Z] INFO: Questions loaded successfully
[2025-11-13T19:53:49.951Z] INFO: Authentication successful for user: admin@example.com
[2025-11-13T19:53:49.952Z] INFO: Questions loaded successfully
[2025-11-13T19:53:49.967Z] INFO: Authentication successful for user: admin@example.com
[2025-11-13T19:53:49.969Z] INFO: Questions loaded successfully
[2025-11-13T19:53:49.983Z] INFO: Authentication successful for user: admin@example.com
[2025-11-13T19:53:49.984Z] INFO: Questions loaded successfully
[2025-11-13T19:53:49.999Z] INFO: Authentication successful for user: admin@example.com
[2025-11-13T19:53:50.000Z] INFO: Questions loaded successfully
[2025-11-13T19:53:50.015Z] INFO: Authentication successful for user: admin@example.com
[2025-11-13T19:53:50.015Z] INFO: Questions loaded successfully
[2025-11-13T19:53:50.029Z] INFO: Authentication successful for user: admin@example.com
[2025-11-13T19:53:50.030Z] INFO: Questions loaded successfully
[2025-11-13T19:53:50.044Z] INFO: Authentication successful for user: admin@example.com
[2025-11-13T19:53:50.045Z] INFO: Questions loaded successfully
[2025-11-13T19:53:50.061Z] INFO: Authentication successful for user: admin@example.com
[2025-11-13T19:53:50.062Z] INFO: Questions loaded successfully
[2025-11-13T19:53:50.076Z] INFO: Authentication successful for user: admin@example.com
[2025-11-13T19:53:50.077Z] INFO: Questions loaded successfully
[2025-11-13T19:53:50.095Z] INFO: Authentication successful for user: admin@example.com
[2025-11-13T19:53:50.096Z] INFO: Questions loaded successfully
[2025-11-13T19:53:50.110Z] INFO: Authentication successful for user: admin@example.com
[2025-11-13T19:53:50.111Z] INFO: Questions loaded successfully
[2025-11-13T19:53:50.126Z] INFO: Authentication successful for user: admin@example.com
[2025-11-13T19:53:50.127Z] INFO: Questions loaded successfully
[2025-11-13T19:53:50.143Z] INFO: Authentication successful for user: admin@example.com
[2025-11-13T19:53:50.144Z] INFO: Questions loaded successfully
[2025-11-13T19:53:50.157Z] INFO: Authentication successful for user: admin@example.com
[2025-11-13T19:53:50.158Z] INFO: Questions loaded successfully
[2025-11-13T19:53:50.173Z] INFO: Authentication successful for user: admin@example.com
[2025-11-13T19:53:50.174Z] INFO: Questions loaded successfully
[2025-11-13T19:53:50.188Z] INFO: Authentication successful for user: admin@example.com
[2025-11-13T19:53:50.189Z] INFO: Questions loaded successfully
[2025-11-13T19:53:50.208Z] INFO: Authentication successful for user: admin@example.com
[2025-11-13T19:53:50.208Z] INFO: Questions loaded successfully
[2025-11-13T19:53:50.225Z] INFO: Authentication successful for user: admin@example.com
[2025-11-13T19:53:50.226Z] INFO: Questions loaded successfully
[2025-11-13T19:53:50.241Z] INFO: Authentication successful for user: admin@example.com
[2025-11-13T19:53:50.242Z] INFO: Questions loaded successfully
[2025-11-13T19:53:50.270Z] INFO: Authentication successful for user: admin@example.com
[2025-11-13T19:53:50.271Z] INFO: Questions loaded successfully
[2025-11-13T19:53:50.291Z] INFO: Authentication successful for user: admin@example.com
[2025-11-13T19:53:50.292Z] INFO: Questions loaded successfully
[2025-11-13T19:53:50.307Z] INFO: Authentication successful for user: admin@example.com
[2025-11-13T19:53:50.308Z] INFO: Questions loaded successfully
[2025-11-13T19:53:50.325Z] INFO: Authentication successful for user: admin@example.com
[2025-11-13T19:53:50.326Z] INFO: Questions loaded successfully
[2025-11-13T19:53:50.343Z] INFO: Authentication successful for user: admin@example.com
[2025-11-13T19:53:50.344Z] INFO: Questions loaded successfully
[2025-11-13T19:53:50.361Z] INFO: Authentication successful for user: admin@example.com
[2025-11-13T19:53:50.362Z] INFO: Questions loaded successfully
[2025-11-13T19:53:50.379Z] INFO: Authentication successful for user: admin@example.com
[2025-11-13T19:53:50.380Z] INFO: Questions loaded successfully
[2025-11-13T19:53:50.416Z] INFO: Authentication successful for user: admin@example.com
[2025-11-13T19:53:50.418Z] INFO: Questions loaded successfully
[2025-11-13T19:53:50.446Z] INFO: Authentication successful for user: admin@example.com
[2025-11-13T19:53:50.446Z] INFO: Questions loaded successfully
[2025-11-13T19:53:50.464Z] INFO: Authentication successful for user: admin@example.com
[2025-11-13T19:53:50.465Z] INFO: Questions loaded successfully
[2025-11-13T19:53:50.491Z] INFO: Authentication successful for user: admin@example.com
[2025-11-13T19:53:50.492Z] INFO: Questions loaded successfully
[2025-11-13T19:53:50.505Z] INFO: Authentication successful for user: admin@example.com
[2025-11-13T19:53:50.506Z] INFO: Questions loaded successfully
[2025-11-13T19:53:50.523Z] INFO: Authentication successful for user: admin@example.com
[2025-11-13T19:53:50.523Z] INFO: Questions loaded successfully
[2025-11-13T19:53:50.549Z] INFO: Authentication successful for user: admin@example.com
[2025-11-13T19:53:50.550Z] INFO: Questions loaded successfully
[2025-11-13T19:53:50.568Z] INFO: Authentication successful for user: admin@example.com
[2025-11-13T19:53:50.569Z] INFO: Questions loaded successfully
[2025-11-13T19:53:50.588Z] INFO: Authentication successful for user: admin@example.com
[2025-11-13T19:53:50.589Z] INFO: Questions loaded successfully
[2025-11-13T19:53:50.608Z] INFO: Authentication successful for user: admin@example.com
[2025-11-13T19:53:50.608Z] INFO: Questions loaded successfully
[2025-11-13T19:53:50.622Z] INFO: Authentication successful for user: admin@example.com
[2025-11-13T19:53:50.623Z] INFO: Questions loaded successfully
[2025-11-13T19:53:50.638Z] INFO: Authentication successful for user: admin@example.com
[2025-11-13T19:53:50.639Z] INFO: Questions loaded successfully
[2025-11-13T19:53:50.658Z] INFO: Authentication successful for user: admin@example.com
[2025-11-13T19:53:50.659Z] INFO: Questions loaded successfully
[2025-11-13T19:53:50.676Z] INFO: Authentication successful for user: admin@example.com
[2025-11-13T19:53:50.677Z] INFO: Questions loaded successfully
[2025-11-13T19:53:50.697Z] INFO: Authentication successful for user: admin@example.com
[2025-11-13T19:53:50.698Z] INFO: Questions loaded successfully
[2025-11-13T19:53:50.713Z] INFO: Authentication successful for user: admin@example.com
[2025-11-13T19:53:50.714Z] INFO: Questions loaded successfully
[2025-11-13T19:53:50.733Z] INFO: Authentication successful for user: admin@example.com
[2025-11-13T19:53:50.734Z] INFO: Questions loaded successfully
[2025-11-13T19:53:50.749Z] INFO: Authentication successful for user: admin@example.com
[2025-11-13T19:53:50.749Z] INFO: Questions loaded successfully
[2025-11-13T19:53:50.767Z] INFO: Authentication successful for user: admin@example.com
[2025-11-13T19:53:50.768Z] INFO: Questions loaded successfully
[2025-11-13T19:53:50.784Z] INFO: Authentication successful for user: admin@example.com
[2025-11-13T19:53:50.785Z] INFO: Questions loaded successfully
[2025-11-13T19:53:50.805Z] INFO: Authentication successful for user: admin@example.com
[2025-11-13T19:53:50.806Z] INFO: Questions loaded successfully
[2025-11-13T19:53:50.820Z] INFO: Authentication successful for user: admin@example.com
[2025-11-13T19:53:50.820Z] INFO: Questions loaded successfully
[2025-11-13T19:53:50.832Z] INFO: Authentication successful for user: admin@example.com
[2025-11-13T19:53:50.833Z] INFO: Questions loaded successfully
[2025-11-13T19:53:50.851Z] INFO: Authentication successful for user: admin@example.com
[2025-11-13T19:53:50.852Z] INFO: Questions loaded successfully
[2025-11-13T19:53:50.864Z] INFO: Authentication successful for user: admin@example.com
[2025-11-13T19:53:50.865Z] INFO: Questions loaded successfully
[2025-11-13T19:53:50.884Z] INFO: Authentication successful for user: admin@example.com
[2025-11-13T19:53:50.886Z] INFO: Questions loaded successfully
[2025-11-13T19:53:50.903Z] INFO: Authentication successful for user: admin@example.com
[2025-11-13T19:53:50.904Z] INFO: Questions loaded successfully
[2025-11-13T19:53:50.920Z] INFO: Authentication successful for user: admin@example.com
[2025-11-13T19:53:50.921Z] INFO: Questions loaded successfully
[2025-11-13T19:53:50.938Z] INFO: Authentication successful for user: admin@example.com
[2025-11-13T19:53:50.939Z] INFO: Questions loaded successfully
[2025-11-13T19:53:50.957Z] INFO: Authentication successful for user: admin@example.com
[2025-11-13T19:53:50.958Z] INFO: Questions loaded successfully
[2025-11-13T19:53:50.982Z] INFO: Authentication successful for user: admin@example.com
[2025-11-13T19:53:50.983Z] INFO: Questions loaded successfully
[2025-11-13T19:53:51.001Z] INFO: Authentication successful for user: admin@example.com
[2025-11-13T19:53:51.002Z] INFO: Questions loaded successfully
[2025-11-13T19:53:51.013Z] INFO: Authentication successful for user: admin@example.com
[2025-11-13T19:53:51.014Z] INFO: Questions loaded successfully
[2025-11-13T19:53:51.035Z] INFO: Authentication successful for user: admin@example.com
[2025-11-13T19:53:51.036Z] INFO: Questions loaded successfully
[2025-11-13T19:53:51.078Z] INFO: Authentication successful for user: admin@example.com
[2025-11-13T19:53:51.079Z] INFO: Questions loaded successfully
[2025-11-13T19:53:51.097Z] INFO: Authentication successful for user: admin@example.com
[2025-11-13T19:53:51.098Z] INFO: Questions loaded successfully
[2025-11-13T19:53:51.124Z] INFO: Authentication successful for user: admin@example.com
[2025-11-13T19:53:51.124Z] INFO: Questions loaded successfully
[2025-11-13T19:53:51.145Z] INFO: Authentication successful for user: admin@example.com
[2025-11-13T19:53:51.146Z] INFO: Questions loaded successfully
[2025-11-13T19:53:51.161Z] INFO: Authentication successful for user: admin@example.com
[2025-11-13T19:53:51.162Z] INFO: Questions loaded successfully
[2025-11-13T19:53:51.187Z] INFO: Authentication successful for user: admin@example.com
[2025-11-13T19:53:51.187Z] INFO: Questions loaded successfully
[2025-11-13T19:53:51.200Z] INFO: Authentication successful for user: admin@example.com
[2025-11-13T19:53:51.201Z] INFO: Questions loaded successfully
[2025-11-13T19:53:51.219Z] INFO: Authentication successful for user: admin@example.com
[2025-11-13T19:53:51.220Z] INFO: Questions loaded successfully
[2025-11-13T19:53:51.232Z] INFO: Authentication successful for user: admin@example.com
[2025-11-13T19:53:51.233Z] INFO: Questions loaded successfully
[2025-11-13T19:53:51.249Z] INFO: Authentication successful for user: admin@example.com
[2025-11-13T19:53:51.250Z] INFO: Questions loaded successfully
[2025-11-13T19:53:51.266Z] INFO: Authentication successful for user: admin@example.com
[2025-11-13T19:53:51.267Z] INFO: Questions loaded successfully
[2025-11-13T19:53:51.281Z] INFO: Authentication successful for user: admin@example.com
[2025-11-13T19:53:51.282Z] INFO: Questions loaded successfully
[2025-11-13T19:53:51.299Z] INFO: Authentication successful for user: admin@example.com
[2025-11-13T19:53:51.300Z] INFO: Questions loaded successfully
[2025-11-13T19:53:51.313Z] INFO: Authentication successful for user: admin@example.com
[2025-11-13T19:53:51.314Z] INFO: Questions loaded successfully
[2025-11-13T19:53:51.331Z] INFO: Authentication successful for user: admin@example.com
[2025-11-13T19:53:51.332Z] INFO: Questions loaded successfully
[2025-11-13T19:53:51.347Z] INFO: Authentication successful for user: admin@example.com
[2025-11-13T19:53:51.348Z] INFO: Questions loaded successfully
[2025-11-13T19:53:51.364Z] INFO: Authentication successful for user: admin@example.com
[2025-11-13T19:53:51.365Z] INFO: Questions loaded successfully
[2025-11-13T19:53:51.381Z] INFO: Authentication successful for user: admin@example.com
[2025-11-13T19:53:51.382Z] INFO: Questions loaded successfully
[2025-11-13T19:53:51.395Z] INFO: Authentication successful for user: admin@example.com
[2025-11-13T19:53:51.396Z] INFO: Questions loaded successfully
[2025-11-13T19:53:51.411Z] INFO: Authentication successful for user: admin@example.com
[2025-11-13T19:53:51.412Z] INFO: Questions loaded successfully
[2025-11-13T19:53:51.428Z] INFO: Authentication successful for user: admin@example.com
[2025-11-13T19:53:51.429Z] INFO: Questions loaded successfully
[2025-11-13T19:53:51.443Z] INFO: Authentication successful for user: admin@example.com
[2025-11-13T19:53:51.443Z] INFO: Questions loaded successfully
[2025-11-13T19:53:51.460Z] INFO: Authentication successful for user: admin@example.com
[2025-11-13T19:53:51.461Z] INFO: Questions loaded successfully
[2025-11-13T19:53:51.476Z] INFO: Authentication successful for user: admin@example.com
[2025-11-13T19:53:51.477Z] INFO: Questions loaded successfully
[2025-11-13T19:53:51.492Z] INFO: Authentication successful for user: admin@example.com
[2025-11-13T19:53:51.493Z] INFO: Questions loaded successfully
[2025-11-13T19:53:51.509Z] INFO: Authentication successful for user: admin@example.com
[2025-11-13T19:53:51.511Z] INFO: Questions loaded successfully
[2025-11-13T19:53:51.533Z] INFO: Authentication successful for user: admin@example.com
[2025-11-13T19:53:51.533Z] INFO: Questions loaded successfully
[2025-11-13T19:53:51.546Z] INFO: Authentication successful for user: admin@example.com
[2025-11-13T19:53:51.547Z] INFO: Questions loaded successfully
[2025-11-13T19:53:51.561Z] INFO: Authentication successful for user: admin@example.com
[2025-11-13T19:53:51.562Z] INFO: Questions loaded successfully
[2025-11-13T19:53:51.576Z] INFO: Authentication successful for user: admin@example.com
[2025-11-13T19:53:51.576Z] INFO: Questions loaded successfully
[2025-11-13T19:53:51.590Z] INFO: Authentication successful for user: admin@example.com
[2025-11-13T19:53:51.591Z] INFO: Questions loaded successfully
[2025-11-13T19:53:51.605Z] INFO: Authentication successful for user: admin@example.com
[2025-11-13T19:53:51.606Z] INFO: Questions loaded successfully
[2025-11-13T19:53:51.620Z] INFO: Authentication successful for user: admin@example.com
[2025-11-13T19:53:51.621Z] INFO: Questions loaded successfully
[2025-11-13T19:53:51.635Z] INFO: Authentication successful for user: admin@example.com
[2025-11-13T19:53:51.636Z] INFO: Questions loaded successfully
[2025-11-13T19:53:51.652Z] INFO: Authentication successful for user: admin@example.com
[2025-11-13T19:53:51.653Z] INFO: Questions loaded successfully
[2025-11-13T19:53:51.668Z] INFO: Authentication successful for user: admin@example.com
[2025-11-13T19:53:51.668Z] INFO: Questions loaded successfully
[2025-11-13T19:53:51.683Z] INFO: Authentication successful for user: admin@example.com
[2025-11-13T19:53:51.684Z] INFO: Questions loaded successfully
[2025-11-13T19:53:51.698Z] INFO: Authentication successful for user: admin@example.com
[2025-11-13T19:53:51.699Z] INFO: Questions loaded successfully
[2025-11-13T19:53:51.713Z] INFO: Authentication successful for user: admin@example.com
[2025-11-13T19:53:51.714Z] INFO: Questions loaded successfully
[2025-11-13T19:53:51.728Z] INFO: Authentication successful for user: admin@example.com
[2025-11-13T19:53:51.729Z] INFO: Questions loaded successfully
[2025-11-13T19:53:51.742Z] INFO: Authentication successful for user: admin@example.com
[2025-11-13T19:53:51.742Z] INFO: Questions loaded successfully
[2025-11-13T19:53:51.760Z] INFO: Authentication successful for user: admin@example.com
[2025-11-13T19:53:51.761Z] INFO: Questions loaded successfully
[2025-11-13T19:53:51.775Z] INFO: Authentication successful for user: admin@example.com
[2025-11-13T19:53:51.775Z] INFO: Questions loaded successfully
[2025-11-13T19:53:51.790Z] INFO: Authentication successful for user: admin@example.com
[2025-11-13T19:53:51.790Z] INFO: Questions loaded successfully
[2025-11-13T19:53:51.803Z] INFO: Authentication successful for user: admin@example.com
[2025-11-13T19:53:51.804Z] INFO: Questions loaded successfully
[2025-11-13T19:53:51.814Z] INFO: Authentication successful for user: admin@example.com
[2025-11-13T19:53:51.815Z] INFO: Questions loaded successfully
[2025-11-13T19:53:51.831Z] INFO: Authentication successful for user: admin@example.com
[2025-11-13T19:53:51.832Z] INFO: Questions loaded successfully
[2025-11-13T19:53:51.843Z] INFO: Authentication successful for user: admin@example.com
[2025-11-13T19:53:51.843Z] INFO: Questions loaded successfully
[2025-11-13T19:53:51.859Z] INFO: Authentication successful for user: admin@example.com
[2025-11-13T19:53:51.859Z] INFO: Questions loaded successfully
[2025-11-13T19:53:51.873Z] INFO: Authentication successful for user: admin@example.com
[2025-11-13T19:53:51.873Z] INFO: Questions loaded successfully
[2025-11-13T19:53:51.887Z] INFO: Authentication successful for user: admin@example.com
[2025-11-13T19:53:51.888Z] INFO: Questions loaded successfully
[2025-11-13T19:53:51.901Z] INFO: Authentication successful for user: admin@example.com
[2025-11-13T19:53:51.902Z] INFO: Questions loaded successfully
[2025-11-13T19:53:51.914Z] INFO: Authentication successful for user: admin@example.com
[2025-11-13T19:53:51.915Z] INFO: Questions loaded successfully
[2025-11-13T19:53:51.930Z] INFO: Authentication successful for user: admin@example.com
[2025-11-13T19:53:51.931Z] INFO: Questions loaded successfully
[2025-11-13T19:53:51.943Z] INFO: Authentication successful for user: admin@example.com
[2025-11-13T19:53:51.944Z] INFO: Questions loaded successfully
[2025-11-13T19:53:51.960Z] INFO: Authentication successful for user: admin@example.com
[2025-11-13T19:53:51.961Z] INFO: Questions loaded successfully
[2025-11-13T19:53:51.972Z] INFO: Authentication successful for user: admin@example.com
[2025-11-13T19:53:51.973Z] INFO: Questions loaded successfully
[2025-11-13T19:53:51.990Z] INFO: Authentication successful for user: admin@example.com
[2025-11-13T19:53:51.991Z] INFO: Questions loaded successfully
[2025-11-13T19:53:52.008Z] INFO: Authentication successful for user: admin@example.com
[2025-11-13T19:53:52.009Z] INFO: Questions loaded successfully
[2025-11-13T19:53:52.026Z] INFO: Authentication successful for user: admin@example.com
[2025-11-13T19:53:52.027Z] INFO: Questions loaded successfully
[2025-11-13T19:53:52.045Z] INFO: Authentication successful for user: admin@example.com
[2025-11-13T19:53:52.046Z] INFO: Questions loaded successfully
[2025-11-13T19:53:52.062Z] INFO: Authentication successful for user: admin@example.com
[2025-11-13T19:53:52.063Z] INFO: Questions loaded successfully
[2025-11-13T19:53:52.083Z] INFO: Authentication successful for user: admin@example.com
[2025-11-13T19:53:52.083Z] INFO: Questions loaded successfully
[2025-11-13T19:53:52.101Z] INFO: Authentication successful for user: admin@example.com
[2025-11-13T19:53:52.102Z] INFO: Questions loaded successfully
[2025-11-13T19:53:52.114Z] INFO: Authentication successful for user: admin@example.com
[2025-11-13T19:53:52.115Z] INFO: Questions loaded successfully
[2025-11-13T19:53:52.129Z] INFO: Authentication successful for user: admin@example.com
[2025-11-13T19:53:52.130Z] INFO: Questions loaded successfully
[2025-11-13T19:53:52.142Z] INFO: Authentication successful for user: admin@example.com
[2025-11-13T19:53:52.143Z] INFO: Questions loaded successfully
[2025-11-13T19:53:52.158Z] INFO: Authentication successful for user: admin@example.com
[2025-11-13T19:53:52.159Z] INFO: Questions loaded successfully
[2025-11-13T19:53:52.173Z] INFO: Authentication successful for user: admin@example.com
[2025-11-13T19:53:52.174Z] INFO: Questions loaded successfully
[2025-11-13T19:53:52.190Z] INFO: Authentication successful for user: admin@example.com
[2025-11-13T19:53:52.191Z] INFO: Questions loaded successfully
[2025-11-13T19:53:52.205Z] INFO: Authentication successful for user: admin@example.com
[2025-11-13T19:53:52.206Z] INFO: Questions loaded successfully
[2025-11-13T19:53:52.222Z] INFO: Authentication successful for user: admin@example.com
[2025-11-13T19:53:52.223Z] INFO: Questions loaded successfully
[2025-11-13T19:53:52.238Z] INFO: Authentication successful for user: admin@example.com
[2025-11-13T19:53:52.238Z] INFO: Questions loaded successfully
[2025-11-13T19:53:52.254Z] INFO: Authentication successful for user: admin@example.com
[2025-11-13T19:53:52.255Z] INFO: Questions loaded successfully
[2025-11-13T19:53:52.267Z] INFO: Authentication successful for user: admin@example.com
[2025-11-13T19:53:52.268Z] INFO: Questions loaded successfully
[2025-11-13T19:53:52.280Z] INFO: Authentication successful for user: admin@example.com
[2025-11-13T19:53:52.281Z] INFO: Questions loaded successfully
[2025-11-13T19:53:52.297Z] INFO: Authentication successful for user: admin@example.com
[2025-11-13T19:53:52.297Z] INFO: Questions loaded successfully
[2025-11-13T19:53:52.314Z] INFO: Authentication successful for user: admin@example.com
[2025-11-13T19:53:52.315Z] INFO: Questions loaded successfully
[2025-11-13T19:53:52.331Z] INFO: Authentication successful for user: admin@example.com
[2025-11-13T19:53:52.332Z] INFO: Questions loaded successfully
[2025-11-13T19:53:52.343Z] INFO: Authentication successful for user: admin@example.com
[2025-11-13T19:53:52.344Z] INFO: Questions loaded successfully
[2025-11-13T19:53:52.360Z] INFO: Authentication successful for user: admin@example.com
[2025-11-13T19:53:52.360Z] INFO: Questions loaded successfully
[2025-11-13T19:53:52.371Z] INFO: Authentication successful for user: admin@example.com
[2025-11-13T19:53:52.372Z] INFO: Questions loaded successfully
[2025-11-13T19:53:52.385Z] INFO: Authentication successful for user: admin@example.com
[2025-11-13T19:53:52.386Z] INFO: Questions loaded successfully
[2025-11-13T19:53:52.401Z] INFO: Authentication successful for user: admin@example.com
[2025-11-13T19:53:52.402Z] INFO: Questions loaded successfully
[2025-11-13T19:53:52.413Z] INFO: Authentication successful for user: admin@example.com
[2025-11-13T19:53:52.414Z] INFO: Questions loaded successfully
[2025-11-13T19:53:52.428Z] INFO: Authentication successful for user: admin@example.com
[2025-11-13T19:53:52.429Z] INFO: Questions loaded successfully
[2025-11-13T19:53:52.440Z] INFO: Authentication successful for user: admin@example.com
[2025-11-13T19:53:52.441Z] INFO: Questions loaded successfully
[2025-11-13T19:53:52.456Z] INFO: Authentication successful for user: admin@example.com
[2025-11-13T19:53:52.457Z] INFO: Questions loaded successfully
[2025-11-13T19:53:52.470Z] INFO: Authentication successful for user: admin@example.com
[2025-11-13T19:53:52.471Z] INFO: Questions loaded successfully
[2025-11-13T19:53:52.484Z] INFO: Authentication successful for user: admin@example.com
[2025-11-13T19:53:52.485Z] INFO: Questions loaded successfully
[2025-11-13T19:53:52.499Z] INFO: Authentication successful for user: admin@example.com
[2025-11-13T19:53:52.499Z] INFO: Questions loaded successfully
[2025-11-13T19:53:52.510Z] INFO: Authentication successful for user: admin@example.com
[2025-11-13T19:53:52.510Z] INFO: Questions loaded successfully
[2025-11-13T19:53:52.526Z] INFO: Authentication successful for user: admin@example.com
[2025-11-13T19:53:52.527Z] INFO: Questions loaded successfully
[2025-11-13T19:53:52.539Z] INFO: Authentication successful for user: admin@example.com
[2025-11-13T19:53:52.540Z] INFO: Questions loaded successfully
[2025-11-13T19:53:52.551Z] INFO: Authentication successful for user: admin@example.com
[2025-11-13T19:53:52.552Z] INFO: Questions loaded successfully
[2025-11-13T19:53:52.567Z] INFO: Authentication successful for user: admin@example.com
[2025-11-13T19:53:52.568Z] INFO: Questions loaded successfully
[2025-11-13T19:53:52.580Z] INFO: Authentication successful for user: admin@example.com
[2025-11-13T19:53:52.581Z] INFO: Questions loaded successfully
[2025-11-13T19:53:52.596Z] INFO: Authentication successful for user: admin@example.com
[2025-11-13T19:53:52.597Z] INFO: Questions loaded successfully
[2025-11-13T19:53:52.611Z] INFO: Authentication successful for user: admin@example.com
[2025-11-13T19:53:52.611Z] INFO: Questions loaded successfully
[2025-11-13T19:53:52.622Z] INFO: Authentication successful for user: admin@example.com
[2025-11-13T19:53:52.623Z] INFO: Questions loaded successfully
[2025-11-13T19:53:52.637Z] INFO: Authentication successful for user: admin@example.com
[2025-11-13T19:53:52.638Z] INFO: Questions loaded successfully
[2025-11-13T19:53:52.651Z] INFO: Authentication successful for user: admin@example.com
[2025-11-13T19:53:52.652Z] INFO: Questions loaded successfully
[2025-11-13T19:53:52.663Z] INFO: Authentication successful for user: admin@example.com
[2025-11-13T19:53:52.664Z] INFO: Questions loaded successfully
[2025-11-13T19:53:52.680Z] INFO: Authentication successful for user: admin@example.com
[2025-11-13T19:53:52.681Z] INFO: Questions loaded successfully
[2025-11-13T19:53:52.693Z] INFO: Authentication successful for user: admin@example.com
[2025-11-13T19:53:52.694Z] INFO: Questions loaded successfully
[2025-11-13T19:53:52.709Z] INFO: Authentication successful for user: admin@example.com
[2025-11-13T19:53:52.710Z] INFO: Questions loaded successfully
[2025-11-13T19:53:52.722Z] INFO: Authentication successful for user: admin@example.com
[2025-11-13T19:53:52.722Z] INFO: Questions loaded successfully
[2025-11-13T19:53:52.736Z] INFO: Authentication successful for user: admin@example.com
[2025-11-13T19:53:52.737Z] INFO: Questions loaded successfully
[2025-11-13T19:53:52.752Z] INFO: Authentication successful for user: admin@example.com
[2025-11-13T19:53:52.753Z] INFO: Questions loaded successfully
[2025-11-13T19:53:52.765Z] INFO: Authentication successful for user: admin@example.com
[2025-11-13T19:53:52.766Z] INFO: Questions loaded successfully
[2025-11-13T19:53:52.780Z] INFO: Authentication successful for user: admin@example.com
[2025-11-13T19:53:52.781Z] INFO: Questions loaded successfully
[2025-11-13T19:53:52.792Z] INFO: Authentication successful for user: admin@example.com
[2025-11-13T19:53:52.793Z] INFO: Questions loaded successfully
[2025-11-13T19:53:52.808Z] INFO: Authentication successful for user: admin@example.com
[2025-11-13T19:53:52.809Z] INFO: Questions loaded successfully
[2025-11-13T19:53:52.819Z] INFO: Authentication successful for user: admin@example.com
[2025-11-13T19:53:52.820Z] INFO: Questions loaded successfully
[2025-11-13T19:53:52.832Z] INFO: Authentication successful for user: admin@example.com
[2025-11-13T19:53:52.833Z] INFO: Questions loaded successfully
[2025-11-13T19:53:52.849Z] INFO: Authentication successful for user: admin@example.com
[2025-11-13T19:53:52.850Z] INFO: Questions loaded successfully
[2025-11-13T19:53:52.867Z] INFO: Authentication successful for user: admin@example.com
[2025-11-13T19:53:52.868Z] INFO: Questions loaded successfully
[2025-11-13T19:53:52.883Z] INFO: Authentication successful for user: admin@example.com
[2025-11-13T19:53:52.885Z] INFO: Questions loaded successfully
[2025-11-13T19:53:52.900Z] INFO: Authentication successful for user: admin@example.com
[2025-11-13T19:53:52.901Z] INFO: Questions loaded successfully
[2025-11-13T19:53:52.915Z] INFO: Authentication successful for user: admin@example.com
[2025-11-13T19:53:52.916Z] INFO: Questions loaded successfully
[2025-11-13T19:53:52.931Z] INFO: Authentication successful for user: admin@example.com
[2025-11-13T19:53:52.932Z] INFO: Questions loaded successfully
[2025-11-13T19:53:52.946Z] INFO: Authentication successful for user: admin@example.com
[2025-11-13T19:53:52.947Z] INFO: Questions loaded successfully
[2025-11-13T19:53:52.962Z] INFO: Authentication successful for user: admin@example.com
[2025-11-13T19:53:52.963Z] INFO: Questions loaded successfully
[2025-11-13T19:53:52.979Z] INFO: Authentication successful for user: admin@example.com
[2025-11-13T19:53:52.979Z] INFO: Questions loaded successfully
[2025-11-13T19:53:52.995Z] INFO: Authentication successful for user: admin@example.com
[2025-11-13T19:53:52.996Z] INFO: Questions loaded successfully
[2025-11-13T19:53:53.011Z] INFO: Authentication successful for user: admin@example.com
[2025-11-13T19:53:53.012Z] INFO: Questions loaded successfully
[2025-11-13T19:53:53.027Z] INFO: Authentication successful for user: admin@example.com
[2025-11-13T19:53:53.028Z] INFO: Questions loaded successfully
[2025-11-13T19:53:53.041Z] INFO: Authentication successful for user: admin@example.com
[2025-11-13T19:53:53.042Z] INFO: Questions loaded successfully
[2025-11-13T19:53:53.058Z] INFO: Authentication successful for user: admin@example.com
[2025-11-13T19:53:53.059Z] INFO: Questions loaded successfully
[2025-11-13T19:53:53.073Z] INFO: Authentication successful for user: admin@example.com
[2025-11-13T19:53:53.074Z] INFO: Questions loaded successfully
[2025-11-13T19:53:53.089Z] INFO: Authentication successful for user: admin@example.com
[2025-11-13T19:53:53.089Z] INFO: Questions loaded successfully
[2025-11-13T19:53:53.106Z] INFO: Authentication successful for user: admin@example.com
[2025-11-13T19:53:53.112Z] INFO: Questions loaded successfully
[2025-11-13T19:53:53.130Z] INFO: Authentication successful for user: admin@example.com
[2025-11-13T19:53:53.131Z] INFO: Questions loaded successfully
[2025-11-13T19:53:53.144Z] INFO: Authentication successful for user: admin@example.com
[2025-11-13T19:53:53.145Z] INFO: Questions loaded successfully
[2025-11-13T19:53:53.160Z] INFO: Authentication successful for user: admin@example.com
[2025-11-13T19:53:53.161Z] INFO: Questions loaded successfully
[2025-11-13T19:53:53.173Z] INFO: Authentication successful for user: admin@example.com
[2025-11-13T19:53:53.173Z] INFO: Questions loaded successfully
[2025-11-13T19:53:53.188Z] INFO: Authentication successful for user: admin@example.com
[2025-11-13T19:53:53.189Z] INFO: Questions loaded successfully
[2025-11-13T19:53:53.204Z] INFO: Authentication successful for user: admin@example.com
[2025-11-13T19:53:53.205Z] INFO: Questions loaded successfully
[2025-11-13T19:53:53.217Z] INFO: Authentication successful for user: admin@example.com
[2025-11-13T19:53:53.219Z] INFO: Questions loaded successfully
[2025-11-13T19:53:53.231Z] INFO: Authentication successful for user: admin@example.com
[2025-11-13T19:53:53.231Z] INFO: Questions loaded successfully
[2025-11-13T19:53:53.246Z] INFO: Authentication successful for user: admin@example.com
[2025-11-13T19:53:53.247Z] INFO: Questions loaded successfully
[2025-11-13T19:53:53.262Z] INFO: Authentication successful for user: admin@example.com
[2025-11-13T19:53:53.263Z] INFO: Questions loaded successfully
[2025-11-13T19:53:53.277Z] INFO: Authentication successful for user: admin@example.com
[2025-11-13T19:53:53.278Z] INFO: Questions loaded successfully
[2025-11-13T19:53:53.293Z] INFO: Authentication successful for user: admin@example.com
[2025-11-13T19:53:53.294Z] INFO: Questions loaded successfully
[2025-11-13T19:53:53.310Z] INFO: Authentication successful for user: admin@example.com
[2025-11-13T19:53:53.310Z] INFO: Questions loaded successfully
[2025-11-13T19:53:53.325Z] INFO: Authentication successful for user: admin@example.com
[2025-11-13T19:53:53.326Z] INFO: Questions loaded successfully
[2025-11-13T19:53:53.340Z] INFO: Authentication successful for user: admin@example.com
[2025-11-13T19:53:53.341Z] INFO: Questions loaded successfully
[2025-11-13T19:53:53.357Z] INFO: Authentication successful for user: admin@example.com
[2025-11-13T19:53:53.357Z] INFO: Questions loaded successfully
[2025-11-13T19:53:53.372Z] INFO: Authentication successful for user: admin@example.com
[2025-11-13T19:53:53.373Z] INFO: Questions loaded successfully
[2025-11-13T19:53:53.389Z] INFO: Authentication successful for user: admin@example.com
[2025-11-13T19:53:53.390Z] INFO: Questions loaded successfully
[2025-11-13T19:53:53.405Z] INFO: Authentication successful for user: admin@example.com
[2025-11-13T19:53:53.405Z] INFO: Questions loaded successfully
[2025-11-13T19:53:53.423Z] INFO: Authentication successful for user: admin@example.com
[2025-11-13T19:53:53.424Z] INFO: Questions loaded successfully
[2025-11-13T19:53:53.442Z] INFO: Authentication successful for user: admin@example.com
[2025-11-13T19:53:53.443Z] INFO: Questions loaded successfully
[2025-11-13T19:53:53.457Z] INFO: Authentication successful for user: admin@example.com
[2025-11-13T19:53:53.458Z] INFO: Questions loaded successfully
[2025-11-13T19:53:53.478Z] INFO: Authentication successful for user: admin@example.com
[2025-11-13T19:53:53.480Z] INFO: Questions loaded successfully
[2025-11-13T19:53:53.495Z] INFO: Authentication successful for user: admin@example.com
[2025-11-13T19:53:53.496Z] INFO: Questions loaded successfully
[2025-11-13T19:53:53.511Z] INFO: Authentication successful for user: admin@example.com
[2025-11-13T19:53:53.512Z] INFO: Questions loaded successfully
[2025-11-13T19:53:53.527Z] INFO: Authentication successful for user: admin@example.com
[2025-11-13T19:53:53.527Z] INFO: Questions loaded successfully
[2025-11-13T19:53:53.543Z] INFO: Authentication successful for user: admin@example.com
[2025-11-13T19:53:53.544Z] INFO: Questions loaded successfully
[2025-11-13T19:53:53.559Z] INFO: Authentication successful for user: admin@example.com
[2025-11-13T19:53:53.560Z] INFO: Questions loaded successfully
[2025-11-13T19:53:53.575Z] INFO: Authentication successful for user: admin@example.com
[2025-11-13T19:53:53.576Z] INFO: Questions loaded successfully
[2025-11-13T19:53:53.591Z] INFO: Authentication successful for user: admin@example.com
[2025-11-13T19:53:53.591Z] INFO: Questions loaded successfully
[2025-11-13T19:53:53.615Z] INFO: Authentication successful for user: admin@example.com
[2025-11-13T19:53:53.616Z] INFO: Questions loaded successfully
[2025-11-13T19:53:53.632Z] INFO: Authentication successful for user: admin@example.com
[2025-11-13T19:53:53.633Z] INFO: Questions loaded successfully
[2025-11-13T19:53:53.659Z] INFO: Authentication successful for user: admin@example.com
[2025-11-13T19:53:53.660Z] INFO: Questions loaded successfully
[2025-11-13T19:53:53.677Z] INFO: Authentication successful for user: admin@example.com
[2025-11-13T19:53:53.678Z] INFO: Questions loaded successfully
[2025-11-13T19:53:53.693Z] INFO: Authentication successful for user: admin@example.com
[2025-11-13T19:53:53.694Z] INFO: Questions loaded successfully
[2025-11-13T19:53:53.712Z] INFO: Authentication successful for user: admin@example.com
[2025-11-13T19:53:53.712Z] INFO: Questions loaded successfully
[2025-11-13T19:53:53.728Z] INFO: Authentication successful for user: admin@example.com
[2025-11-13T19:53:53.730Z] INFO: Questions loaded successfully
[2025-11-13T19:53:53.759Z] INFO: Authentication successful for user: admin@example.com
[2025-11-13T19:53:53.760Z] INFO: Questions loaded successfully
[2025-11-13T19:53:53.786Z] INFO: Authentication successful for user: admin@example.com
[2025-11-13T19:53:53.789Z] INFO: Questions loaded successfully
[2025-11-13T19:53:53.810Z] INFO: Authentication successful for user: admin@example.com
[2025-11-13T19:53:53.811Z] INFO: Questions loaded successfully
[2025-11-13T19:53:53.824Z] INFO: Authentication successful for user: admin@example.com
[2025-11-13T19:53:53.827Z] INFO: Questions loaded successfully
[2025-11-13T19:53:53.845Z] INFO: Authentication successful for user: admin@example.com
[2025-11-13T19:53:53.846Z] INFO: Questions loaded successfully
[2025-11-13T19:53:53.858Z] INFO: Authentication successful for user: admin@example.com
[2025-11-13T19:53:53.859Z] INFO: Questions loaded successfully
[2025-11-13T19:53:53.875Z] INFO: Authentication successful for user: admin@example.com
[2025-11-13T19:53:53.876Z] INFO: Questions loaded successfully
[2025-11-13T19:53:53.887Z] INFO: Authentication successful for user: admin@example.com
[2025-11-13T19:53:53.888Z] INFO: Questions loaded successfully
[2025-11-13T19:53:53.904Z] INFO: Authentication successful for user: admin@example.com
[2025-11-13T19:53:53.905Z] INFO: Questions loaded successfully
[2025-11-13T19:53:53.919Z] INFO: Authentication successful for user: admin@example.com
[2025-11-13T19:53:53.919Z] INFO: Questions loaded successfully
[2025-11-13T19:53:53.933Z] INFO: Authentication successful for user: admin@example.com
[2025-11-13T19:53:53.934Z] INFO: Questions loaded successfully
[2025-11-13T19:53:53.949Z] INFO: Authentication successful for user: admin@example.com
[2025-11-13T19:53:53.950Z] INFO: Questions loaded successfully
[2025-11-13T19:53:53.962Z] INFO: Authentication successful for user: admin@example.com
[2025-11-13T19:53:53.963Z] INFO: Questions loaded successfully
[2025-11-13T19:53:53.982Z] INFO: Authentication successful for user: admin@example.com
[2025-11-13T19:53:53.983Z] INFO: Questions loaded successfully
[2025-11-13T19:53:53.996Z] INFO: Authentication successful for user: admin@example.com
[2025-11-13T19:53:53.997Z] INFO: Questions loaded successfully
[2025-11-13T19:53:54.012Z] INFO: Authentication successful for user: admin@example.com
[2025-11-13T19:53:54.013Z] INFO: Questions loaded successfully
[2025-11-13T19:53:54.027Z] INFO: Authentication successful for user: admin@example.com
[2025-11-13T19:53:54.028Z] INFO: Questions loaded successfully
[2025-11-13T19:53:54.041Z] INFO: Authentication successful for user: admin@example.com
[2025-11-13T19:53:54.042Z] INFO: Questions loaded successfully
[2025-11-13T19:53:54.054Z] INFO: Authentication successful for user: admin@example.com
[2025-11-13T19:53:54.054Z] INFO: Questions loaded successfully
[2025-11-13T19:53:54.075Z] INFO: Authentication successful for user: admin@example.com
[2025-11-13T19:53:54.076Z] INFO: Questions loaded successfully
[2025-11-13T19:53:54.087Z] INFO: Authentication successful for user: admin@example.com
[2025-11-13T19:53:54.088Z] INFO: Questions loaded successfully
[2025-11-13T19:53:54.102Z] INFO: Authentication successful for user: admin@example.com
[2025-11-13T19:53:54.102Z] INFO: Questions loaded successfully
[2025-11-13T19:53:54.117Z] INFO: Authentication successful for user: admin@example.com
[2025-11-13T19:53:54.117Z] INFO: Questions loaded successfully
[2025-11-13T19:53:54.131Z] INFO: Authentication successful for user: admin@example.com
[2025-11-13T19:53:54.132Z] INFO: Questions loaded successfully
[2025-11-13T19:53:54.148Z] INFO: Authentication successful for user: admin@example.com
[2025-11-13T19:53:54.148Z] INFO: Questions loaded successfully
[2025-11-13T19:53:54.160Z] INFO: Authentication successful for user: admin@example.com
[2025-11-13T19:53:54.161Z] INFO: Questions loaded successfully
[2025-11-13T19:53:54.177Z] INFO: Authentication successful for user: admin@example.com
[2025-11-13T19:53:54.178Z] INFO: Questions loaded successfully
[2025-11-13T19:53:54.188Z] INFO: Authentication successful for user: admin@example.com
[2025-11-13T19:53:54.189Z] INFO: Questions loaded successfully
[2025-11-13T19:53:54.204Z] INFO: Authentication successful for user: admin@example.com
[2025-11-13T19:53:54.205Z] INFO: Questions loaded successfully
[2025-11-13T19:53:54.219Z] INFO: Authentication successful for user: admin@example.com
[2025-11-13T19:53:54.219Z] INFO: Questions loaded successfully
[2025-11-13T19:53:54.233Z] INFO: Authentication successful for user: admin@example.com
[2025-11-13T19:53:54.234Z] INFO: Questions loaded successfully
[2025-11-13T19:53:54.248Z] INFO: Authentication successful for user: admin@example.com
[2025-11-13T19:53:54.248Z] INFO: Questions loaded successfully
[2025-11-13T19:53:54.261Z] INFO: Authentication successful for user: admin@example.com
[2025-11-13T19:53:54.261Z] INFO: Questions loaded successfully
[2025-11-13T19:53:54.277Z] INFO: Authentication successful for user: admin@example.com
[2025-11-13T19:53:54.277Z] INFO: Questions loaded successfully
[2025-11-13T19:53:54.290Z] INFO: Authentication successful for user: admin@example.com
[2025-11-13T19:53:54.290Z] INFO: Questions loaded successfully
[2025-11-13T19:53:54.307Z] INFO: Authentication successful for user: admin@example.com
[2025-11-13T19:53:54.308Z] INFO: Questions loaded successfully
[2025-11-13T19:53:54.319Z] INFO: Authentication successful for user: admin@example.com
[2025-11-13T19:53:54.320Z] INFO: Questions loaded successfully
[2025-11-13T19:53:54.334Z] INFO: Authentication successful for user: admin@example.com
[2025-11-13T19:53:54.335Z] INFO: Questions loaded successfully
[2025-11-13T19:53:54.350Z] INFO: Authentication successful for user: admin@example.com
[2025-11-13T19:53:54.351Z] INFO: Questions loaded successfully
[2025-11-13T19:53:54.367Z] INFO: Authentication successful for user: admin@example.com
[2025-11-13T19:53:54.368Z] INFO: Questions loaded successfully
[2025-11-13T19:53:54.386Z] INFO: Authentication successful for user: admin@example.com
[2025-11-13T19:53:54.386Z] INFO: Questions loaded successfully
[2025-11-13T19:53:54.403Z] INFO: Authentication successful for user: admin@example.com
[2025-11-13T19:53:54.404Z] INFO: Questions loaded successfully
[2025-11-13T19:53:54.425Z] INFO: Authentication successful for user: admin@example.com
[2025-11-13T19:53:54.426Z] INFO: Questions loaded successfully
[2025-11-13T19:53:54.440Z] INFO: Authentication successful for user: admin@example.com
[2025-11-13T19:53:54.441Z] INFO: Questions loaded successfully
[2025-11-13T19:53:54.453Z] INFO: Authentication successful for user: admin@example.com
[2025-11-13T19:53:54.453Z] INFO: Questions loaded successfully
[2025-11-13T19:53:54.465Z] INFO: Authentication successful for user: admin@example.com
[2025-11-13T19:53:54.466Z] INFO: Questions loaded successfully
[2025-11-13T19:53:54.480Z] INFO: Authentication successful for user: admin@example.com
[2025-11-13T19:53:54.480Z] INFO: Questions loaded successfully
[2025-11-13T19:53:54.493Z] INFO: Authentication successful for user: admin@example.com
[2025-11-13T19:53:54.494Z] INFO: Questions loaded successfully
[2025-11-13T19:53:54.510Z] INFO: Authentication successful for user: admin@example.com
[2025-11-13T19:53:54.511Z] INFO: Questions loaded successfully
[2025-11-13T19:53:54.526Z] INFO: Authentication successful for user: admin@example.com
[2025-11-13T19:53:54.527Z] INFO: Questions loaded successfully
[2025-11-13T19:53:54.541Z] INFO: Authentication successful for user: admin@example.com
[2025-11-13T19:53:54.542Z] INFO: Questions loaded successfully
[2025-11-13T19:53:54.559Z] INFO: Authentication successful for user: admin@example.com
[2025-11-13T19:53:54.560Z] INFO: Questions loaded successfully
[2025-11-13T19:53:54.576Z] INFO: Authentication successful for user: admin@example.com
[2025-11-13T19:53:54.576Z] INFO: Questions loaded successfully
[2025-11-13T19:53:54.592Z] INFO: Authentication successful for user: admin@example.com
[2025-11-13T19:53:54.593Z] INFO: Questions loaded successfully
[2025-11-13T19:53:54.606Z] INFO: Authentication successful for user: admin@example.com
[2025-11-13T19:53:54.607Z] INFO: Questions loaded successfully
[2025-11-13T19:53:54.622Z] INFO: Authentication successful for user: admin@example.com
[2025-11-13T19:53:54.623Z] INFO: Questions loaded successfully
[2025-11-13T19:53:54.639Z] INFO: Authentication successful for user: admin@example.com
[2025-11-13T19:53:54.640Z] INFO: Questions loaded successfully
[2025-11-13T19:53:54.654Z] INFO: Authentication successful for user: admin@example.com
[2025-11-13T19:53:54.655Z] INFO: Questions loaded successfully
[2025-11-13T19:53:54.671Z] INFO: Authentication successful for user: admin@example.com
[2025-11-13T19:53:54.671Z] INFO: Questions loaded successfully
[2025-11-13T19:53:54.688Z] INFO: Authentication successful for user: admin@example.com
[2025-11-13T19:53:54.689Z] INFO: Questions loaded successfully
[2025-11-13T19:53:54.705Z] INFO: Authentication successful for user: admin@example.com
[2025-11-13T19:53:54.705Z] INFO: Questions loaded successfully
[2025-11-13T19:53:54.722Z] INFO: Authentication successful for user: admin@example.com
[2025-11-13T19:53:54.723Z] INFO: Questions loaded successfully
[2025-11-13T19:53:54.740Z] INFO: Authentication successful for user: admin@example.com
[2025-11-13T19:53:54.741Z] INFO: Questions loaded successfully
[2025-11-13T19:53:54.755Z] INFO: Authentication successful for user: admin@example.com
[2025-11-13T19:53:54.756Z] INFO: Questions loaded successfully
[2025-11-13T19:53:54.768Z] INFO: Authentication successful for user: admin@example.com
[2025-11-13T19:53:54.769Z] INFO: Questions loaded successfully
[2025-11-13T19:53:54.783Z] INFO: Authentication successful for user: admin@example.com
[2025-11-13T19:53:54.784Z] INFO: Questions loaded successfully
[2025-11-13T19:53:54.799Z] INFO: Authentication successful for user: admin@example.com
[2025-11-13T19:53:54.800Z] INFO: Questions loaded successfully
[2025-11-13T19:53:54.813Z] INFO: Authentication successful for user: admin@example.com
[2025-11-13T19:53:54.814Z] INFO: Questions loaded successfully
[2025-11-13T19:53:54.826Z] INFO: Authentication successful for user: admin@example.com
[2025-11-13T19:53:54.827Z] INFO: Questions loaded successfully
[2025-11-13T19:53:54.843Z] INFO: Authentication successful for user: admin@example.com
[2025-11-13T19:53:54.844Z] INFO: Questions loaded successfully
[2025-11-13T19:53:54.855Z] INFO: Authentication successful for user: admin@example.com
[2025-11-13T19:53:54.856Z] INFO: Questions loaded successfully
[2025-11-13T19:53:54.872Z] INFO: Authentication successful for user: admin@example.com
[2025-11-13T19:53:54.873Z] INFO: Questions loaded successfully
[2025-11-13T19:53:54.886Z] INFO: Authentication successful for user: admin@example.com
[2025-11-13T19:53:54.886Z] INFO: Questions loaded successfully
[2025-11-13T19:53:54.901Z] INFO: Authentication successful for user: admin@example.com
[2025-11-13T19:53:54.901Z] INFO: Questions loaded successfully
[2025-11-13T19:53:54.916Z] INFO: Authentication successful for user: admin@example.com
[2025-11-13T19:53:54.918Z] INFO: Questions loaded successfully
[2025-11-13T19:53:54.932Z] INFO: Authentication successful for user: admin@example.com
[2025-11-13T19:53:54.933Z] INFO: Questions loaded successfully
[2025-11-13T19:53:54.948Z] INFO: Authentication successful for user: admin@example.com
[2025-11-13T19:53:54.949Z] INFO: Questions loaded successfully
[2025-11-13T19:53:54.962Z] INFO: Authentication successful for user: admin@example.com
[2025-11-13T19:53:54.962Z] INFO: Questions loaded successfully
[2025-11-13T19:53:54.977Z] INFO: Authentication successful for user: admin@example.com
[2025-11-13T19:53:54.978Z] INFO: Questions loaded successfully
[2025-11-13T19:53:54.992Z] INFO: Authentication successful for user: admin@example.com
[2025-11-13T19:53:54.993Z] INFO: Questions loaded successfully
[2025-11-13T19:53:55.010Z] INFO: Authentication successful for user: admin@example.com
[2025-11-13T19:53:55.010Z] INFO: Questions loaded successfully
[2025-11-13T19:53:55.023Z] INFO: Authentication successful for user: admin@example.com
[2025-11-13T19:53:55.023Z] INFO: Questions loaded successfully
[2025-11-13T19:53:55.039Z] INFO: Authentication successful for user: admin@example.com
[2025-11-13T19:53:55.040Z] INFO: Questions loaded successfully
[2025-11-13T19:53:55.056Z] INFO: Authentication successful for user: admin@example.com
[2025-11-13T19:53:55.056Z] INFO: Questions loaded successfully
[2025-11-13T19:53:55.072Z] INFO: Authentication successful for user: admin@example.com
[2025-11-13T19:53:55.072Z] INFO: Questions loaded successfully
[2025-11-13T19:53:55.085Z] INFO: Authentication successful for user: admin@example.com
[2025-11-13T19:53:55.085Z] INFO: Questions loaded successfully
[2025-11-13T19:53:55.098Z] INFO: Authentication successful for user: admin@example.com
[2025-11-13T19:53:55.099Z] INFO: Questions loaded successfully
[2025-11-13T19:53:55.115Z] INFO: Authentication successful for user: admin@example.com
[2025-11-13T19:53:55.116Z] INFO: Questions loaded successfully
[2025-11-13T19:53:55.128Z] INFO: Authentication successful for user: admin@example.com
[2025-11-13T19:53:55.129Z] INFO: Questions loaded successfully
[2025-11-13T19:53:55.145Z] INFO: Authentication successful for user: admin@example.com
[2025-11-13T19:53:55.145Z] INFO: Questions loaded successfully
[2025-11-13T19:53:55.155Z] INFO: Authentication successful for user: admin@example.com
[2025-11-13T19:53:55.156Z] INFO: Questions loaded successfully
[2025-11-13T19:53:55.173Z] INFO: Authentication successful for user: admin@example.com
[2025-11-13T19:53:55.174Z] INFO: Questions loaded successfully
[2025-11-13T19:53:55.187Z] INFO: Authentication successful for user: admin@example.com
[2025-11-13T19:53:55.188Z] INFO: Questions loaded successfully
[2025-11-13T19:53:55.203Z] INFO: Authentication successful for user: admin@example.com
[2025-11-13T19:53:55.203Z] INFO: Questions loaded successfully
[2025-11-13T19:53:55.218Z] INFO: Authentication successful for user: admin@example.com
[2025-11-13T19:53:55.219Z] INFO: Questions loaded successfully
[2025-11-13T19:53:55.232Z] INFO: Authentication successful for user: admin@example.com
[2025-11-13T19:53:55.233Z] INFO: Questions loaded successfully
[2025-11-13T19:53:55.247Z] INFO: Authentication successful for user: admin@example.com
[2025-11-13T19:53:55.248Z] INFO: Questions loaded successfully
[2025-11-13T19:53:55.261Z] INFO: Authentication successful for user: admin@example.com
[2025-11-13T19:53:55.262Z] INFO: Questions loaded successfully
[2025-11-13T19:53:55.277Z] INFO: Authentication successful for user: admin@example.com
[2025-11-13T19:53:55.278Z] INFO: Questions loaded successfully
[2025-11-13T19:53:55.293Z] INFO: Authentication successful for user: admin@example.com
[2025-11-13T19:53:55.294Z] INFO: Questions loaded successfully
[2025-11-13T19:53:55.304Z] INFO: Authentication successful for user: admin@example.com
[2025-11-13T19:53:55.305Z] INFO: Questions loaded successfully
[2025-11-13T19:53:55.330Z] INFO: Authentication successful for user: admin@example.com
[2025-11-13T19:53:55.331Z] INFO: Questions loaded successfully
[2025-11-13T19:53:55.344Z] INFO: Authentication successful for user: admin@example.com
[2025-11-13T19:53:55.345Z] INFO: Questions loaded successfully
[2025-11-13T19:53:55.361Z] INFO: Authentication successful for user: admin@example.com
[2025-11-13T19:53:55.362Z] INFO: Questions loaded successfully
[2025-11-13T19:53:55.374Z] INFO: Authentication successful for user: admin@example.com
[2025-11-13T19:53:55.375Z] INFO: Questions loaded successfully
[2025-11-13T19:53:55.389Z] INFO: Authentication successful for user: admin@example.com
[2025-11-13T19:53:55.390Z] INFO: Questions loaded successfully
[2025-11-13T19:53:55.404Z] INFO: Authentication successful for user: admin@example.com
[2025-11-13T19:53:55.405Z] INFO: Questions loaded successfully
[2025-11-13T19:53:55.421Z] INFO: Authentication successful for user: admin@example.com
[2025-11-13T19:53:55.422Z] INFO: Questions loaded successfully
[2025-11-13T19:53:55.436Z] INFO: Authentication successful for user: admin@example.com
[2025-11-13T19:53:55.437Z] INFO: Questions loaded successfully
[2025-11-13T19:53:55.452Z] INFO: Authentication successful for user: admin@example.com
[2025-11-13T19:53:55.453Z] INFO: Questions loaded successfully
[2025-11-13T19:53:55.468Z] INFO: Authentication successful for user: admin@example.com
[2025-11-13T19:53:55.469Z] INFO: Questions loaded successfully
[2025-11-13T19:53:55.488Z] INFO: Authentication successful for user: admin@example.com
[2025-11-13T19:53:55.490Z] INFO: Questions loaded successfully
[2025-11-13T19:53:55.505Z] INFO: Authentication successful for user: admin@example.com
[2025-11-13T19:53:55.505Z] INFO: Questions loaded successfully
[2025-11-13T19:53:55.520Z] INFO: Authentication successful for user: admin@example.com
[2025-11-13T19:53:55.521Z] INFO: Questions loaded successfully
[2025-11-13T19:53:55.536Z] INFO: Authentication successful for user: admin@example.com
[2025-11-13T19:53:55.536Z] INFO: Questions loaded successfully
[2025-11-13T19:53:55.555Z] INFO: Authentication successful for user: admin@example.com
[2025-11-13T19:53:55.555Z] INFO: Questions loaded successfully
[2025-11-13T19:53:55.568Z] INFO: Authentication successful for user: admin@example.com
[2025-11-13T19:53:55.568Z] INFO: Questions loaded successfully
[2025-11-13T19:53:55.582Z] INFO: Authentication successful for user: admin@example.com
[2025-11-13T19:53:55.583Z] INFO: Questions loaded successfully
[2025-11-13T19:53:55.601Z] INFO: Authentication successful for user: admin@example.com
[2025-11-13T19:53:55.602Z] INFO: Questions loaded successfully
[2025-11-13T19:53:55.617Z] INFO: Authentication successful for user: admin@example.com
[2025-11-13T19:53:55.617Z] INFO: Questions loaded successfully
[2025-11-13T19:53:55.632Z] INFO: Authentication successful for user: admin@example.com
[2025-11-13T19:53:55.633Z] INFO: Questions loaded successfully
[2025-11-13T19:53:55.647Z] INFO: Authentication successful for user: admin@example.com
[2025-11-13T19:53:55.648Z] INFO: Questions loaded successfully
[2025-11-13T19:53:55.662Z] INFO: Authentication successful for user: admin@example.com
[2025-11-13T19:53:55.663Z] INFO: Questions loaded successfully
[2025-11-13T19:53:55.675Z] INFO: Authentication successful for user: admin@example.com
[2025-11-13T19:53:55.676Z] INFO: Questions loaded successfully
[2025-11-13T19:53:55.692Z] INFO: Authentication successful for user: admin@example.com
[2025-11-13T19:53:55.693Z] INFO: Questions loaded successfully
[2025-11-13T19:53:55.704Z] INFO: Authentication successful for user: admin@example.com
[2025-11-13T19:53:55.705Z] INFO: Questions loaded successfully
[2025-11-13T19:53:55.721Z] INFO: Authentication successful for user: admin@example.com
[2025-11-13T19:53:55.722Z] INFO: Questions loaded successfully
[2025-11-13T19:53:55.734Z] INFO: Authentication successful for user: admin@example.com
[2025-11-13T19:53:55.735Z] INFO: Questions loaded successfully
[2025-11-13T19:53:55.749Z] INFO: Authentication successful for user: admin@example.com
[2025-11-13T19:53:55.750Z] INFO: Questions loaded successfully
[2025-11-13T19:53:55.763Z] INFO: Authentication successful for user: admin@example.com
[2025-11-13T19:53:55.764Z] INFO: Questions loaded successfully
[2025-11-13T19:53:55.775Z] INFO: Authentication successful for user: admin@example.com
[2025-11-13T19:53:55.776Z] INFO: Questions loaded successfully
[2025-11-13T19:53:55.792Z] INFO: Authentication successful for user: admin@example.com
[2025-11-13T19:53:55.792Z] INFO: Questions loaded successfully
[2025-11-13T19:53:55.803Z] INFO: Authentication successful for user: admin@example.com
[2025-11-13T19:53:55.804Z] INFO: Questions loaded successfully
[2025-11-13T19:53:55.818Z] INFO: Authentication successful for user: admin@example.com
[2025-11-13T19:53:55.819Z] INFO: Questions loaded successfully
[2025-11-13T19:53:55.831Z] INFO: Authentication successful for user: admin@example.com
[2025-11-13T19:53:55.832Z] INFO: Questions loaded successfully
[2025-11-13T19:53:55.846Z] INFO: Authentication successful for user: admin@example.com
[2025-11-13T19:53:55.847Z] INFO: Questions loaded successfully
[2025-11-13T19:53:55.862Z] INFO: Authentication successful for user: admin@example.com
[2025-11-13T19:53:55.863Z] INFO: Questions loaded successfully
[2025-11-13T19:53:55.878Z] INFO: Authentication successful for user: admin@example.com
[2025-11-13T19:53:55.879Z] INFO: Questions loaded successfully
[2025-11-13T19:53:55.896Z] INFO: Authentication successful for user: admin@example.com
[2025-11-13T19:53:55.897Z] INFO: Questions loaded successfully
[2025-11-13T19:53:55.912Z] INFO: Authentication successful for user: admin@example.com
[2025-11-13T19:53:55.913Z] INFO: Questions loaded successfully
[2025-11-13T19:53:55.924Z] INFO: Authentication successful for user: admin@example.com
[2025-11-13T19:53:55.925Z] INFO: Questions loaded successfully
[2025-11-13T19:53:55.940Z] INFO: Authentication successful for user: admin@example.com
[2025-11-13T19:53:55.941Z] INFO: Questions loaded successfully
[2025-11-13T19:53:55.953Z] INFO: Authentication successful for user: admin@example.com
[2025-11-13T19:53:55.953Z] INFO: Questions loaded successfully
[2025-11-13T19:53:55.969Z] INFO: Authentication successful for user: admin@example.com
[2025-11-13T19:53:55.970Z] INFO: Questions loaded successfully
[2025-11-13T19:53:55.982Z] INFO: Authentication successful for user: admin@example.com
[2025-11-13T19:53:55.983Z] INFO: Questions loaded successfully
[2025-11-13T19:53:55.996Z] INFO: Authentication successful for user: admin@example.com
[2025-11-13T19:53:55.997Z] INFO: Questions loaded successfully
[2025-11-13T19:53:56.010Z] INFO: Authentication successful for user: admin@example.com
[2025-11-13T19:53:56.011Z] INFO: Questions loaded successfully
[2025-11-13T19:53:56.025Z] INFO: Authentication successful for user: admin@example.com
[2025-11-13T19:53:56.026Z] INFO: Questions loaded successfully
[2025-11-13T19:53:56.042Z] INFO: Authentication successful for user: admin@example.com
[2025-11-13T19:53:56.043Z] INFO: Questions loaded successfully
[2025-11-13T19:53:56.053Z] INFO: Authentication successful for user: admin@example.com
[2025-11-13T19:53:56.054Z] INFO: Questions loaded successfully
[2025-11-13T19:53:56.070Z] INFO: Authentication successful for user: admin@example.com
[2025-11-13T19:53:56.071Z] INFO: Questions loaded successfully
[2025-11-13T19:53:56.084Z] INFO: Authentication successful for user: admin@example.com
[2025-11-13T19:53:56.085Z] INFO: Questions loaded successfully
[2025-11-13T19:53:56.100Z] INFO: Authentication successful for user: admin@example.com
[2025-11-13T19:53:56.100Z] INFO: Questions loaded successfully
[2025-11-13T19:53:56.114Z] INFO: Authentication successful for user: admin@example.com
[2025-11-13T19:53:56.115Z] INFO: Questions loaded successfully
[2025-11-13T19:53:56.130Z] INFO: Authentication successful for user: admin@example.com
[2025-11-13T19:53:56.131Z] INFO: Questions loaded successfully
[2025-11-13T19:53:56.146Z] INFO: Authentication successful for user: admin@example.com
[2025-11-13T19:53:56.147Z] INFO: Questions loaded successfully
[2025-11-13T19:53:56.157Z] INFO: Authentication successful for user: admin@example.com
[2025-11-13T19:53:56.158Z] INFO: Questions loaded successfully
[2025-11-13T19:53:56.172Z] INFO: Authentication successful for user: admin@example.com
[2025-11-13T19:53:56.173Z] INFO: Questions loaded successfully
[2025-11-13T19:53:56.185Z] INFO: Authentication successful for user: admin@example.com
[2025-11-13T19:53:56.186Z] INFO: Questions loaded successfully
[2025-11-13T19:53:56.202Z] INFO: Authentication successful for user: admin@example.com
[2025-11-13T19:53:56.203Z] INFO: Questions loaded successfully
[2025-11-13T19:53:56.215Z] INFO: Authentication successful for user: admin@example.com
[2025-11-13T19:53:56.216Z] INFO: Questions loaded successfully
[2025-11-13T19:53:56.232Z] INFO: Authentication successful for user: admin@example.com
[2025-11-13T19:53:56.233Z] INFO: Questions loaded successfully
[2025-11-13T19:53:56.249Z] INFO: Authentication successful for user: admin@example.com
[2025-11-13T19:53:56.249Z] INFO: Questions loaded successfully
[2025-11-13T19:53:56.264Z] INFO: Authentication successful for user: admin@example.com
[2025-11-13T19:53:56.264Z] INFO: Questions loaded successfully
[2025-11-13T19:53:56.278Z] INFO: Authentication successful for user: admin@example.com
[2025-11-13T19:53:56.279Z] INFO: Questions loaded successfully
[2025-11-13T19:53:56.291Z] INFO: Authentication successful for user: admin@example.com
[2025-11-13T19:53:56.292Z] INFO: Questions loaded successfully
[2025-11-13T19:53:56.308Z] INFO: Authentication successful for user: admin@example.com
[2025-11-13T19:53:56.309Z] INFO: Questions loaded successfully
[2025-11-13T19:53:56.320Z] INFO: Authentication successful for user: admin@example.com
[2025-11-13T19:53:56.320Z] INFO: Questions loaded successfully
[2025-11-13T19:53:56.341Z] INFO: Authentication successful for user: admin@example.com
[2025-11-13T19:53:56.342Z] INFO: Questions loaded successfully
[2025-11-13T19:53:56.352Z] INFO: Authentication successful for user: admin@example.com
[2025-11-13T19:53:56.353Z] INFO: Questions loaded successfully
[2025-11-13T19:53:56.369Z] INFO: Authentication successful for user: admin@example.com
[2025-11-13T19:53:56.370Z] INFO: Questions loaded successfully
[2025-11-13T19:53:56.384Z] INFO: Authentication successful for user: admin@example.com
[2025-11-13T19:53:56.384Z] INFO: Questions loaded successfully
[2025-11-13T19:53:56.399Z] INFO: Authentication successful for user: admin@example.com
[2025-11-13T19:53:56.400Z] INFO: Questions loaded successfully
[2025-11-13T19:53:56.413Z] INFO: Authentication successful for user: admin@example.com
[2025-11-13T19:53:56.413Z] INFO: Questions loaded successfully
[2025-11-13T19:53:56.426Z] INFO: Authentication successful for user: admin@example.com
[2025-11-13T19:53:56.427Z] INFO: Questions loaded successfully
[2025-11-13T19:53:56.444Z] INFO: Authentication successful for user: admin@example.com
[2025-11-13T19:53:56.445Z] INFO: Questions loaded successfully
[2025-11-13T19:53:56.456Z] INFO: Authentication successful for user: admin@example.com
[2025-11-13T19:53:56.458Z] INFO: Questions loaded successfully
[2025-11-13T19:53:56.472Z] INFO: Authentication successful for user: admin@example.com
[2025-11-13T19:53:56.474Z] INFO: Questions loaded successfully
[2025-11-13T19:53:56.485Z] INFO: Authentication successful for user: admin@example.com
[2025-11-13T19:53:56.486Z] INFO: Questions loaded successfully
[2025-11-13T19:53:56.501Z] INFO: Authentication successful for user: admin@example.com
[2025-11-13T19:53:56.501Z] INFO: Questions loaded successfully
[2025-11-13T19:53:56.514Z] INFO: Authentication successful for user: admin@example.com
[2025-11-13T19:53:56.515Z] INFO: Questions loaded successfully
[2025-11-13T19:53:56.528Z] INFO: Authentication successful for user: admin@example.com
[2025-11-13T19:53:56.529Z] INFO: Questions loaded successfully
[2025-11-13T19:53:56.545Z] INFO: Authentication successful for user: admin@example.com
[2025-11-13T19:53:56.545Z] INFO: Questions loaded successfully
[2025-11-13T19:53:56.556Z] INFO: Authentication successful for user: admin@example.com
[2025-11-13T19:53:56.557Z] INFO: Questions loaded successfully
[2025-11-13T19:53:56.572Z] INFO: Authentication successful for user: admin@example.com
[2025-11-13T19:53:56.573Z] INFO: Questions loaded successfully
[2025-11-13T19:53:56.587Z] INFO: Authentication successful for user: admin@example.com
[2025-11-13T19:53:56.588Z] INFO: Questions loaded successfully
[2025-11-13T19:53:56.603Z] INFO: Authentication successful for user: admin@example.com
[2025-11-13T19:53:56.604Z] INFO: Questions loaded successfully
[2025-11-13T19:53:56.616Z] INFO: Authentication successful for user: admin@example.com
[2025-11-13T19:53:56.617Z] INFO: Questions loaded successfully
[2025-11-13T19:53:56.631Z] INFO: Authentication successful for user: admin@example.com
[2025-11-13T19:53:56.632Z] INFO: Questions loaded successfully
[2025-11-13T19:53:56.644Z] INFO: Authentication successful for user: admin@example.com
[2025-11-13T19:53:56.645Z] INFO: Questions loaded successfully
[2025-11-13T19:53:56.657Z] INFO: Authentication successful for user: admin@example.com
[2025-11-13T19:53:56.657Z] INFO: Questions loaded successfully
[2025-11-13T19:53:56.672Z] INFO: Authentication successful for user: admin@example.com
[2025-11-13T19:53:56.673Z] INFO: Questions loaded successfully
[2025-11-13T19:53:56.683Z] INFO: Authentication successful for user: admin@example.com
[2025-11-13T19:53:56.684Z] INFO: Questions loaded successfully
[2025-11-13T19:53:56.699Z] INFO: Authentication successful for user: admin@example.com
[2025-11-13T19:53:56.700Z] INFO: Questions loaded successfully
[2025-11-13T19:53:56.715Z] INFO: Authentication successful for user: admin@example.com
[2025-11-13T19:53:56.716Z] INFO: Questions loaded successfully
[2025-11-13T19:53:56.730Z] INFO: Authentication successful for user: admin@example.com
[2025-11-13T19:53:56.731Z] INFO: Questions loaded successfully
[2025-11-13T19:53:56.745Z] INFO: Authentication successful for user: admin@example.com
[2025-11-13T19:53:56.746Z] INFO: Questions loaded successfully
[2025-11-13T19:53:56.759Z] INFO: Authentication successful for user: admin@example.com
[2025-11-13T19:53:56.759Z] INFO: Questions loaded successfully
[2025-11-13T19:53:56.775Z] INFO: Authentication successful for user: admin@example.com
[2025-11-13T19:53:56.775Z] INFO: Questions loaded successfully
[2025-11-13T19:53:56.787Z] INFO: Authentication successful for user: admin@example.com
[2025-11-13T19:53:56.787Z] INFO: Questions loaded successfully
[2025-11-13T19:53:56.804Z] INFO: Authentication successful for user: admin@example.com
[2025-11-13T19:53:56.805Z] INFO: Questions loaded successfully
[2025-11-13T19:53:56.815Z] INFO: Authentication successful for user: admin@example.com
[2025-11-13T19:53:56.816Z] INFO: Questions loaded successfully
[2025-11-13T19:53:56.831Z] INFO: Authentication successful for user: admin@example.com
[2025-11-13T19:53:56.832Z] INFO: Questions loaded successfully
[2025-11-13T19:53:56.846Z] INFO: Authentication successful for user: admin@example.com
[2025-11-13T19:53:56.847Z] INFO: Questions loaded successfully
[2025-11-13T19:53:56.859Z] INFO: Authentication successful for user: admin@example.com
[2025-11-13T19:53:56.860Z] INFO: Questions loaded successfully
[2025-11-13T19:53:56.878Z] INFO: Authentication successful for user: admin@example.com
[2025-11-13T19:53:56.878Z] INFO: Questions loaded successfully
[2025-11-13T19:53:56.892Z] INFO: Authentication successful for user: admin@example.com
[2025-11-13T19:53:56.893Z] INFO: Questions loaded successfully
[2025-11-13T19:53:56.906Z] INFO: Authentication successful for user: admin@example.com
[2025-11-13T19:53:56.906Z] INFO: Questions loaded successfully
[2025-11-13T19:53:56.917Z] INFO: Authentication successful for user: admin@example.com
[2025-11-13T19:53:56.917Z] INFO: Questions loaded successfully
[2025-11-13T19:53:56.932Z] INFO: Authentication successful for user: admin@example.com
[2025-11-13T19:53:56.933Z] INFO: Questions loaded successfully
[2025-11-13T19:53:56.950Z] INFO: Authentication successful for user: admin@example.com
[2025-11-13T19:53:56.951Z] INFO: Questions loaded successfully
[2025-11-13T19:53:56.969Z] INFO: Authentication successful for user: admin@example.com
[2025-11-13T19:53:56.970Z] INFO: Questions loaded successfully
[2025-11-13T19:53:56.983Z] INFO: Authentication successful for user: admin@example.com
[2025-11-13T19:53:56.984Z] INFO: Questions loaded successfully
[2025-11-13T19:53:57.000Z] INFO: Authentication successful for user: admin@example.com
[2025-11-13T19:53:57.003Z] INFO: Questions loaded successfully
[2025-11-13T19:53:57.015Z] INFO: Authentication successful for user: admin@example.com
[2025-11-13T19:53:57.016Z] INFO: Questions loaded successfully
[2025-11-13T19:53:57.032Z] INFO: Authentication successful for user: admin@example.com
[2025-11-13T19:53:57.033Z] INFO: Questions loaded successfully
[2025-11-13T19:53:57.047Z] INFO: Authentication successful for user: admin@example.com
[2025-11-13T19:53:57.047Z] INFO: Questions loaded successfully
[2025-11-13T19:53:57.062Z] INFO: Authentication successful for user: admin@example.com
[2025-11-13T19:53:57.063Z] INFO: Questions loaded successfully
[2025-11-13T19:53:57.078Z] INFO: Authentication successful for user: admin@example.com
[2025-11-13T19:53:57.078Z] INFO: Questions loaded successfully
[2025-11-13T19:53:57.091Z] INFO: Authentication successful for user: admin@example.com
[2025-11-13T19:53:57.091Z] INFO: Questions loaded successfully
[2025-11-13T19:53:57.107Z] INFO: Authentication successful for user: admin@example.com
[2025-11-13T19:53:57.108Z] INFO: Questions loaded successfully
[2025-11-13T19:53:57.118Z] INFO: Authentication successful for user: admin@example.com
[2025-11-13T19:53:57.119Z] INFO: Questions loaded successfully
[2025-11-13T19:53:57.133Z] INFO: Authentication successful for user: admin@example.com
[2025-11-13T19:53:57.134Z] INFO: Questions loaded successfully
[2025-11-13T19:53:57.147Z] INFO: Authentication successful for user: admin@example.com
[2025-11-13T19:53:57.147Z] INFO: Questions loaded successfully
[2025-11-13T19:53:57.162Z] INFO: Authentication successful for user: admin@example.com
[2025-11-13T19:53:57.162Z] INFO: Questions loaded successfully
[2025-11-13T19:53:57.177Z] INFO: Authentication successful for user: admin@example.com
[2025-11-13T19:53:57.177Z] INFO: Questions loaded successfully
[2025-11-13T19:53:57.190Z] INFO: Authentication successful for user: admin@example.com
[2025-11-13T19:53:57.190Z] INFO: Questions loaded successfully
[2025-11-13T19:53:57.205Z] INFO: Authentication successful for user: admin@example.com
[2025-11-13T19:53:57.206Z] INFO: Questions loaded successfully
[2025-11-13T19:53:57.217Z] INFO: Authentication successful for user: admin@example.com
[2025-11-13T19:53:57.218Z] INFO: Questions loaded successfully
[2025-11-13T19:53:57.236Z] INFO: Authentication successful for user: admin@example.com
[2025-11-13T19:53:57.236Z] INFO: Questions loaded successfully
[2025-11-13T19:53:57.248Z] INFO: Authentication successful for user: admin@example.com
[2025-11-13T19:53:57.249Z] INFO: Questions loaded successfully
[2025-11-13T19:53:57.270Z] INFO: Authentication successful for user: admin@example.com
[2025-11-13T19:53:57.271Z] INFO: Questions loaded successfully
[2025-11-13T19:53:57.283Z] INFO: Authentication successful for user: admin@example.com
[2025-11-13T19:53:57.284Z] INFO: Questions loaded successfully
[2025-11-13T19:53:57.298Z] INFO: Authentication successful for user: admin@example.com
[2025-11-13T19:53:57.299Z] INFO: Questions loaded successfully
[2025-11-13T19:53:57.313Z] INFO: Authentication successful for user: admin@example.com
[2025-11-13T19:53:57.313Z] INFO: Questions loaded successfully
[2025-11-13T19:53:57.330Z] INFO: Authentication successful for user: admin@example.com
[2025-11-13T19:53:57.331Z] INFO: Questions loaded successfully
[2025-11-13T19:53:57.345Z] INFO: Authentication successful for user: admin@example.com
[2025-11-13T19:53:57.346Z] INFO: Questions loaded successfully
[2025-11-13T19:53:57.359Z] INFO: Authentication successful for user: admin@example.com
[2025-11-13T19:53:57.360Z] INFO: Questions loaded successfully
[2025-11-13T19:53:57.375Z] INFO: Authentication successful for user: admin@example.com
[2025-11-13T19:53:57.376Z] INFO: Questions loaded successfully
[2025-11-13T19:53:57.389Z] INFO: Authentication successful for user: admin@example.com
[2025-11-13T19:53:57.390Z] INFO: Questions loaded successfully
[2025-11-13T19:53:57.406Z] INFO: Authentication successful for user: admin@example.com
[2025-11-13T19:53:57.407Z] INFO: Questions loaded successfully
[2025-11-13T19:53:57.418Z] INFO: Authentication successful for user: admin@example.com
[2025-11-13T19:53:57.419Z] INFO: Questions loaded successfully
[2025-11-13T19:53:57.435Z] INFO: Authentication successful for user: admin@example.com
[2025-11-13T19:53:57.436Z] INFO: Questions loaded successfully
[2025-11-13T19:53:57.449Z] INFO: Authentication successful for user: admin@example.com
[2025-11-13T19:53:57.450Z] INFO: Questions loaded successfully
[2025-11-13T19:53:57.465Z] INFO: Authentication successful for user: admin@example.com
[2025-11-13T19:53:57.466Z] INFO: Questions loaded successfully
[2025-11-13T19:53:57.480Z] INFO: Authentication successful for user: admin@example.com
[2025-11-13T19:53:57.481Z] INFO: Questions loaded successfully
[2025-11-13T19:53:57.496Z] INFO: Authentication successful for user: admin@example.com
[2025-11-13T19:53:57.497Z] INFO: Questions loaded successfully
[2025-11-13T19:53:57.512Z] INFO: Authentication successful for user: admin@example.com
[2025-11-13T19:53:57.512Z] INFO: Questions loaded successfully
[2025-11-13T19:53:57.525Z] INFO: Authentication successful for user: admin@example.com
[2025-11-13T19:53:57.526Z] INFO: Questions loaded successfully
[2025-11-13T19:53:57.546Z] INFO: Authentication successful for user: admin@example.com
[2025-11-13T19:53:57.546Z] INFO: Questions loaded successfully
[2025-11-13T19:53:57.562Z] INFO: Authentication successful for user: admin@example.com
[2025-11-13T19:53:57.563Z] INFO: Questions loaded successfully
[2025-11-13T19:53:57.580Z] INFO: Authentication successful for user: admin@example.com
[2025-11-13T19:53:57.580Z] INFO: Questions loaded successfully
[2025-11-13T19:53:57.594Z] INFO: Authentication successful for user: admin@example.com
[2025-11-13T19:53:57.595Z] INFO: Questions loaded successfully
[2025-11-13T19:53:57.609Z] INFO: Authentication successful for user: admin@example.com
[2025-11-13T19:53:57.610Z] INFO: Questions loaded successfully
[2025-11-13T19:53:57.619Z] INFO: Authentication successful for user: admin@example.com
[2025-11-13T19:53:57.620Z] INFO: Questions loaded successfully
[2025-11-13T19:53:57.636Z] INFO: Authentication successful for user: admin@example.com
[2025-11-13T19:53:57.637Z] INFO: Questions loaded successfully
[2025-11-13T19:53:57.655Z] INFO: Authentication successful for user: admin@example.com
[2025-11-13T19:53:57.657Z] INFO: Questions loaded successfully
[2025-11-13T19:53:57.672Z] INFO: Authentication successful for user: admin@example.com
[2025-11-13T19:53:57.673Z] INFO: Questions loaded successfully
[2025-11-13T19:53:57.683Z] INFO: Authentication successful for user: admin@example.com
[2025-11-13T19:53:57.684Z] INFO: Questions loaded successfully
[2025-11-13T19:53:57.705Z] INFO: Authentication successful for user: admin@example.com
[2025-11-13T19:53:57.706Z] INFO: Questions loaded successfully
[2025-11-13T19:53:57.717Z] INFO: Authentication successful for user: admin@example.com
[2025-11-13T19:53:57.717Z] INFO: Questions loaded successfully
[2025-11-13T19:53:57.754Z] INFO: Authentication successful for user: admin@example.com
[2025-11-13T19:53:57.755Z] INFO: Questions loaded successfully
[2025-11-13T19:53:57.771Z] INFO: Authentication successful for user: admin@example.com
[2025-11-13T19:53:57.771Z] INFO: Questions loaded successfully
[2025-11-13T19:53:57.790Z] INFO: Authentication successful for user: admin@example.com
[2025-11-13T19:53:57.807Z] INFO: Questions loaded successfully
[2025-11-13T19:53:57.822Z] INFO: Authentication successful for user: admin@example.com
[2025-11-13T19:53:57.823Z] INFO: Questions loaded successfully
[2025-11-13T19:53:57.840Z] INFO: Authentication successful for user: admin@example.com
[2025-11-13T19:53:57.841Z] INFO: Questions loaded successfully
[2025-11-13T19:53:57.857Z] INFO: Authentication successful for user: admin@example.com
[2025-11-13T19:53:57.858Z] INFO: Questions loaded successfully
[2025-11-13T19:53:57.876Z] INFO: Authentication successful for user: admin@example.com
[2025-11-13T19:53:57.877Z] INFO: Questions loaded successfully
[2025-11-13T19:53:57.892Z] INFO: Authentication successful for user: admin@example.com
[2025-11-13T19:53:57.893Z] INFO: Questions loaded successfully
[2025-11-13T19:53:57.910Z] INFO: Authentication successful for user: admin@example.com
[2025-11-13T19:53:57.911Z] INFO: Questions loaded successfully
[2025-11-13T19:53:57.927Z] INFO: Authentication successful for user: admin@example.com
[2025-11-13T19:53:57.928Z] INFO: Questions loaded successfully
[2025-11-13T19:53:57.944Z] INFO: Authentication successful for user: admin@example.com
[2025-11-13T19:53:57.944Z] INFO: Questions loaded successfully
[2025-11-13T19:53:57.961Z] INFO: Authentication successful for user: admin@example.com
[2025-11-13T19:53:57.962Z] INFO: Questions loaded successfully
[2025-11-13T19:53:57.979Z] INFO: Authentication successful for user: admin@example.com
[2025-11-13T19:53:57.980Z] INFO: Questions loaded successfully
[2025-11-13T19:53:57.997Z] INFO: Authentication successful for user: admin@example.com
[2025-11-13T19:53:57.998Z] INFO: Questions loaded successfully
[2025-11-13T19:53:58.015Z] INFO: Authentication successful for user: admin@example.com
[2025-11-13T19:53:58.016Z] INFO: Questions loaded successfully
[2025-11-13T19:53:58.029Z] INFO: Authentication successful for user: admin@example.com
[2025-11-13T19:53:58.029Z] INFO: Questions loaded successfully
[2025-11-13T19:53:58.045Z] INFO: Authentication successful for user: admin@example.com
[2025-11-13T19:53:58.046Z] INFO: Questions loaded successfully
[2025-11-13T19:53:58.059Z] INFO: Authentication successful for user: admin@example.com
[2025-11-13T19:53:58.059Z] INFO: Questions loaded successfully
[2025-11-13T19:53:58.075Z] INFO: Authentication successful for user: admin@example.com
[2025-11-13T19:53:58.076Z] INFO: Questions loaded successfully
[2025-11-13T19:53:58.092Z] INFO: Authentication successful for user: admin@example.com
[2025-11-13T19:53:58.093Z] INFO: Questions loaded successfully
[2025-11-13T19:53:58.108Z] INFO: Authentication successful for user: admin@example.com
[2025-11-13T19:53:58.109Z] INFO: Questions loaded successfully
[2025-11-13T19:53:58.124Z] INFO: Authentication successful for user: admin@example.com
[2025-11-13T19:53:58.124Z] INFO: Questions loaded successfully
[2025-11-13T19:53:58.140Z] INFO: Authentication successful for user: admin@example.com
[2025-11-13T19:53:58.141Z] INFO: Questions loaded successfully
[2025-11-13T19:53:58.158Z] INFO: Authentication successful for user: admin@example.com
[2025-11-13T19:53:58.159Z] INFO: Questions loaded successfully
[2025-11-13T19:53:58.174Z] INFO: Authentication successful for user: admin@example.com
[2025-11-13T19:53:58.175Z] INFO: Questions loaded successfully
[2025-11-13T19:53:58.191Z] INFO: Authentication successful for user: admin@example.com
[2025-11-13T19:53:58.192Z] INFO: Questions loaded successfully
[2025-11-13T19:53:58.207Z] INFO: Authentication successful for user: admin@example.com
[2025-11-13T19:53:58.208Z] INFO: Questions loaded successfully
[2025-11-13T19:53:58.228Z] INFO: Authentication successful for user: admin@example.com
[2025-11-13T19:53:58.229Z] INFO: Questions loaded successfully
[2025-11-13T19:53:58.251Z] INFO: Authentication successful for user: admin@example.com
[2025-11-13T19:53:58.252Z] INFO: Questions loaded successfully
[2025-11-13T19:53:58.268Z] INFO: Authentication successful for user: admin@example.com
[2025-11-13T19:53:58.269Z] INFO: Questions loaded successfully
[2025-11-13T19:53:58.286Z] INFO: Authentication successful for user: admin@example.com
[2025-11-13T19:53:58.287Z] INFO: Questions loaded successfully
[2025-11-13T19:53:58.302Z] INFO: Authentication successful for user: admin@example.com
[2025-11-13T19:53:58.303Z] INFO: Questions loaded successfully
[2025-11-13T19:53:58.320Z] INFO: Authentication successful for user: admin@example.com
[2025-11-13T19:53:58.321Z] INFO: Questions loaded successfully
[2025-11-13T19:53:58.337Z] INFO: Authentication successful for user: admin@example.com
[2025-11-13T19:53:58.338Z] INFO: Questions loaded successfully
[2025-11-13T19:53:58.352Z] INFO: Authentication successful for user: admin@example.com
[2025-11-13T19:53:58.353Z] INFO: Questions loaded successfully
[2025-11-13T19:53:58.368Z] INFO: Authentication successful for user: admin@example.com
[2025-11-13T19:53:58.368Z] INFO: Questions loaded successfully
[2025-11-13T19:53:58.386Z] INFO: Authentication successful for user: admin@example.com
[2025-11-13T19:53:58.387Z] INFO: Questions loaded successfully
[2025-11-13T19:53:58.403Z] INFO: Authentication successful for user: admin@example.com
[2025-11-13T19:53:58.404Z] INFO: Questions loaded successfully
[2025-11-13T19:53:58.422Z] INFO: Authentication successful for user: admin@example.com
[2025-11-13T19:53:58.423Z] INFO: Questions loaded successfully
[2025-11-13T19:53:58.439Z] INFO: Authentication successful for user: admin@example.com
[2025-11-13T19:53:58.440Z] INFO: Questions loaded successfully
[2025-11-13T19:53:58.457Z] INFO: Authentication successful for user: admin@example.com
[2025-11-13T19:53:58.458Z] INFO: Questions loaded successfully
[2025-11-13T19:53:58.473Z] INFO: Authentication successful for user: admin@example.com
[2025-11-13T19:53:58.474Z] INFO: Questions loaded successfully
[2025-11-13T19:53:58.489Z] INFO: Authentication successful for user: admin@example.com
[2025-11-13T19:53:58.490Z] INFO: Questions loaded successfully
[2025-11-13T19:53:58.511Z] INFO: Authentication successful for user: admin@example.com
[2025-11-13T19:53:58.512Z] INFO: Questions loaded successfully
[2025-11-13T19:53:58.525Z] INFO: Authentication successful for user: admin@example.com
[2025-11-13T19:53:58.526Z] INFO: Questions loaded successfully
[2025-11-13T19:53:58.541Z] INFO: Authentication successful for user: admin@example.com
[2025-11-13T19:53:58.542Z] INFO: Questions loaded successfully
[2025-11-13T19:53:58.558Z] INFO: Authentication successful for user: admin@example.com
[2025-11-13T19:53:58.559Z] INFO: Questions loaded successfully
[2025-11-13T19:53:58.575Z] INFO: Authentication successful for user: admin@example.com
[2025-11-13T19:53:58.576Z] INFO: Questions loaded successfully
[2025-11-13T19:53:58.597Z] INFO: Authentication successful for user: admin@example.com
[2025-11-13T19:53:58.598Z] INFO: Questions loaded successfully
[2025-11-13T19:53:58.647Z] INFO: Authentication successful for user: admin@example.com
[2025-11-13T19:53:58.648Z] INFO: Questions loaded successfully
[2025-11-13T19:53:58.678Z] INFO: Authentication successful for user: admin@example.com
[2025-11-13T19:53:58.679Z] INFO: Questions loaded successfully
[2025-11-13T19:53:58.697Z] INFO: Authentication successful for user: admin@example.com
[2025-11-13T19:53:58.698Z] INFO: Questions loaded successfully
[2025-11-13T19:53:58.715Z] INFO: Authentication successful for user: admin@example.com
[2025-11-13T19:53:58.716Z] INFO: Questions loaded successfully
[2025-11-13T19:53:58.731Z] INFO: Authentication successful for user: admin@example.com
[2025-11-13T19:53:58.732Z] INFO: Questions loaded successfully
[2025-11-13T19:53:58.748Z] INFO: Authentication successful for user: admin@example.com
[2025-11-13T19:53:58.749Z] INFO: Questions loaded successfully
[2025-11-13T19:53:58.763Z] INFO: Authentication successful for user: admin@example.com
[2025-11-13T19:53:58.764Z] INFO: Questions loaded successfully
[2025-11-13T19:53:58.782Z] INFO: Authentication successful for user: admin@example.com
[2025-11-13T19:53:58.783Z] INFO: Questions loaded successfully
[2025-11-13T19:53:58.800Z] INFO: Authentication successful for user: admin@example.com
[2025-11-13T19:53:58.801Z] INFO: Questions loaded successfully
[2025-11-13T19:53:58.818Z] INFO: Authentication successful for user: admin@example.com
[2025-11-13T19:53:58.819Z] INFO: Questions loaded successfully
[2025-11-13T19:53:58.841Z] INFO: Authentication successful for user: admin@example.com
[2025-11-13T19:53:58.842Z] INFO: Questions loaded successfully
[2025-11-13T19:53:58.869Z] INFO: Authentication successful for user: admin@example.com
[2025-11-13T19:53:58.870Z] INFO: Questions loaded successfully
[2025-11-13T19:53:58.898Z] INFO: Authentication successful for user: admin@example.com
[2025-11-13T19:53:58.899Z] INFO: Questions loaded successfully
[2025-11-13T19:53:58.919Z] INFO: Authentication successful for user: admin@example.com
[2025-11-13T19:53:58.920Z] INFO: Questions loaded successfully
[2025-11-13T19:53:58.944Z] INFO: Authentication successful for user: admin@example.com
[2025-11-13T19:53:58.945Z] INFO: Questions loaded successfully
[2025-11-13T19:53:58.963Z] INFO: Authentication successful for user: admin@example.com
[2025-11-13T19:53:58.964Z] INFO: Questions loaded successfully
[2025-11-13T19:53:58.978Z] INFO: Authentication successful for user: admin@example.com
[2025-11-13T19:53:58.979Z] INFO: Questions loaded successfully
[2025-11-13T19:53:58.997Z] INFO: Authentication successful for user: admin@example.com
[2025-11-13T19:53:58.998Z] INFO: Questions loaded successfully
[2025-11-13T19:53:59.012Z] INFO: Authentication successful for user: admin@example.com
[2025-11-13T19:53:59.012Z] INFO: Questions loaded successfully
[2025-11-13T19:53:59.028Z] INFO: Authentication successful for user: admin@example.com
[2025-11-13T19:53:59.029Z] INFO: Questions loaded successfully
[2025-11-13T19:53:59.046Z] INFO: Authentication successful for user: admin@example.com
[2025-11-13T19:53:59.047Z] INFO: Questions loaded successfully
[2025-11-13T19:53:59.064Z] INFO: Authentication successful for user: admin@example.com
[2025-11-13T19:53:59.065Z] INFO: Questions loaded successfully
[2025-11-13T19:53:59.080Z] INFO: Authentication successful for user: admin@example.com
[2025-11-13T19:53:59.081Z] INFO: Questions loaded successfully
[2025-11-13T19:53:59.096Z] INFO: Authentication successful for user: admin@example.com
[2025-11-13T19:53:59.098Z] INFO: Questions loaded successfully
[2025-11-13T19:53:59.112Z] INFO: Authentication successful for user: admin@example.com
[2025-11-13T19:53:59.113Z] INFO: Questions loaded successfully
[2025-11-13T19:53:59.134Z] INFO: Authentication successful for user: admin@example.com
[2025-11-13T19:53:59.135Z] INFO: Questions loaded successfully
[2025-11-13T19:53:59.155Z] INFO: Authentication successful for user: admin@example.com
[2025-11-13T19:53:59.156Z] INFO: Questions loaded successfully
[2025-11-13T19:53:59.171Z] INFO: Authentication successful for user: admin@example.com
[2025-11-13T19:53:59.172Z] INFO: Questions loaded successfully
[2025-11-13T19:53:59.190Z] INFO: Authentication successful for user: admin@example.com
[2025-11-13T19:53:59.191Z] INFO: Questions loaded successfully
[2025-11-13T19:53:59.206Z] INFO: Authentication successful for user: admin@example.com
[2025-11-13T19:53:59.207Z] INFO: Questions loaded successfully
[2025-11-13T19:53:59.226Z] INFO: Authentication successful for user: admin@example.com
[2025-11-13T19:53:59.227Z] INFO: Questions loaded successfully
[2025-11-13T19:53:59.243Z] INFO: Authentication successful for user: admin@example.com
[2025-11-13T19:53:59.244Z] INFO: Questions loaded successfully
[2025-11-13T19:53:59.260Z] INFO: Authentication successful for user: admin@example.com
[2025-11-13T19:53:59.261Z] INFO: Questions loaded successfully
[2025-11-13T19:53:59.277Z] INFO: Authentication successful for user: admin@example.com
[2025-11-13T19:53:59.277Z] INFO: Questions loaded successfully
[2025-11-13T19:53:59.294Z] INFO: Authentication successful for user: admin@example.com
[2025-11-13T19:53:59.295Z] INFO: Questions loaded successfully
[2025-11-13T19:53:59.314Z] INFO: Authentication successful for user: admin@example.com
[2025-11-13T19:53:59.315Z] INFO: Questions loaded successfully
[2025-11-13T19:53:59.331Z] INFO: Authentication successful for user: admin@example.com
[2025-11-13T19:53:59.332Z] INFO: Questions loaded successfully
[2025-11-13T19:53:59.348Z] INFO: Authentication successful for user: admin@example.com
[2025-11-13T19:53:59.349Z] INFO: Questions loaded successfully
[2025-11-13T19:53:59.366Z] INFO: Authentication successful for user: admin@example.com
[2025-11-13T19:53:59.366Z] INFO: Questions loaded successfully
[2025-11-13T19:53:59.398Z] INFO: Authentication successful for user: admin@example.com
[2025-11-13T19:53:59.400Z] INFO: Questions loaded successfully
[2025-11-13T19:53:59.426Z] INFO: Authentication successful for user: admin@example.com
[2025-11-13T19:53:59.427Z] INFO: Questions loaded successfully
[2025-11-13T19:53:59.455Z] INFO: Authentication successful for user: admin@example.com
[2025-11-13T19:53:59.456Z] INFO: Questions loaded successfully
[2025-11-13T19:53:59.473Z] INFO: Authentication successful for user: admin@example.com
[2025-11-13T19:53:59.475Z] INFO: Questions loaded successfully
[2025-11-13T19:53:59.492Z] INFO: Authentication successful for user: admin@example.com
[2025-11-13T19:53:59.493Z] INFO: Questions loaded successfully
[2025-11-13T19:53:59.509Z] INFO: Authentication successful for user: admin@example.com
[2025-11-13T19:53:59.509Z] INFO: Questions loaded successfully
[2025-11-13T19:53:59.536Z] INFO: Authentication successful for user: admin@example.com
[2025-11-13T19:53:59.537Z] INFO: Questions loaded successfully
[2025-11-13T19:53:59.552Z] INFO: Authentication successful for user: admin@example.com
[2025-11-13T19:53:59.552Z] INFO: Questions loaded successfully
[2025-11-13T19:53:59.564Z] INFO: Authentication successful for user: admin@example.com
[2025-11-13T19:53:59.564Z] INFO: Questions loaded successfully
[2025-11-13T19:53:59.582Z] INFO: Authentication successful for user: admin@example.com
[2025-11-13T19:53:59.583Z] INFO: Questions loaded successfully
[2025-11-13T19:53:59.598Z] INFO: Authentication successful for user: admin@example.com
[2025-11-13T19:53:59.599Z] INFO: Questions loaded successfully
[2025-11-13T19:53:59.616Z] INFO: Authentication successful for user: admin@example.com
[2025-11-13T19:53:59.617Z] INFO: Questions loaded successfully
[2025-11-13T19:53:59.630Z] INFO: Authentication successful for user: admin@example.com
[2025-11-13T19:53:59.631Z] INFO: Questions loaded successfully
[2025-11-13T19:53:59.649Z] INFO: Authentication successful for user: admin@example.com
[2025-11-13T19:53:59.649Z] INFO: Questions loaded successfully
[2025-11-13T19:53:59.663Z] INFO: Authentication successful for user: admin@example.com
[2025-11-13T19:53:59.664Z] INFO: Questions loaded successfully
[2025-11-13T19:53:59.684Z] INFO: Authentication successful for user: admin@example.com
[2025-11-13T19:53:59.685Z] INFO: Questions loaded successfully
[2025-11-13T19:53:59.701Z] INFO: Authentication successful for user: admin@example.com
[2025-11-13T19:53:59.702Z] INFO: Questions loaded successfully
[2025-11-13T19:53:59.717Z] INFO: Authentication successful for user: admin@example.com
[2025-11-13T19:53:59.718Z] INFO: Questions loaded successfully
[2025-11-13T19:53:59.733Z] INFO: Authentication successful for user: admin@example.com
[2025-11-13T19:53:59.734Z] INFO: Questions loaded successfully
[2025-11-13T19:53:59.748Z] INFO: Authentication successful for user: admin@example.com
[2025-11-13T19:53:59.749Z] INFO: Questions loaded successfully
[2025-11-13T19:53:59.764Z] INFO: Authentication successful for user: admin@example.com
[2025-11-13T19:53:59.765Z] INFO: Questions loaded successfully
[2025-11-13T19:53:59.779Z] INFO: Authentication successful for user: admin@example.com
[2025-11-13T19:53:59.780Z] INFO: Questions loaded successfully
[2025-11-13T19:53:59.798Z] INFO: Authentication successful for user: admin@example.com
[2025-11-13T19:53:59.799Z] INFO: Questions loaded successfully
[2025-11-13T19:53:59.812Z] INFO: Authentication successful for user: admin@example.com
[2025-11-13T19:53:59.813Z] INFO: Questions loaded successfully
[2025-11-13T19:53:59.828Z] INFO: Authentication successful for user: admin@example.com
[2025-11-13T19:53:59.828Z] INFO: Questions loaded successfully
[2025-11-13T19:53:59.842Z] INFO: Authentication successful for user: admin@example.com
[2025-11-13T19:53:59.843Z] INFO: Questions loaded successfully
[2025-11-13T19:53:59.857Z] INFO: Authentication successful for user: admin@example.com
[2025-11-13T19:53:59.858Z] INFO: Questions loaded successfully
[2025-11-13T19:53:59.874Z] INFO: Authentication successful for user: admin@example.com
[2025-11-13T19:53:59.875Z] INFO: Questions loaded successfully
[2025-11-13T19:53:59.888Z] INFO: Authentication successful for user: admin@example.com
[2025-11-13T19:53:59.889Z] INFO: Questions loaded successfully
[2025-11-13T19:53:59.906Z] INFO: Authentication successful for user: admin@example.com
[2025-11-13T19:53:59.907Z] INFO: Questions loaded successfully
[2025-11-13T19:53:59.919Z] INFO: Authentication successful for user: admin@example.com
[2025-11-13T19:53:59.920Z] INFO: Questions loaded successfully
[2025-11-13T19:53:59.930Z] INFO: Authentication successful for user: admin@example.com
[2025-11-13T19:53:59.931Z] INFO: Questions loaded successfully
[2025-11-13T19:53:59.947Z] INFO: Authentication successful for user: admin@example.com
[2025-11-13T19:53:59.948Z] INFO: Questions loaded successfully
[2025-11-13T19:53:59.961Z] INFO: Authentication successful for user: admin@example.com
[2025-11-13T19:53:59.962Z] INFO: Questions loaded successfully
[2025-11-13T19:53:59.978Z] INFO: Authentication successful for user: admin@example.com
[2025-11-13T19:53:59.978Z] INFO: Questions loaded successfully
[2025-11-13T19:53:59.994Z] INFO: Authentication successful for user: admin@example.com
[2025-11-13T19:53:59.994Z] INFO: Questions loaded successfully
[2025-11-13T19:54:00.010Z] INFO: Authentication successful for user: admin@example.com
[2025-11-13T19:54:00.011Z] INFO: Questions loaded successfully
[2025-11-13T19:54:00.028Z] INFO: Authentication successful for user: admin@example.com
[2025-11-13T19:54:00.029Z] INFO: Questions loaded successfully
[2025-11-13T19:54:00.042Z] INFO: Authentication successful for user: admin@example.com
[2025-11-13T19:54:00.043Z] INFO: Questions loaded successfully
[2025-11-13T19:54:00.059Z] INFO: Authentication successful for user: admin@example.com
[2025-11-13T19:54:00.060Z] INFO: Questions loaded successfully
[2025-11-13T19:54:00.075Z] INFO: Authentication successful for user: admin@example.com
[2025-11-13T19:54:00.076Z] INFO: Questions loaded successfully
[2025-11-13T19:54:00.092Z] INFO: Authentication successful for user: admin@example.com
[2025-11-13T19:54:00.093Z] INFO: Questions loaded successfully
[2025-11-13T19:54:00.108Z] INFO: Authentication successful for user: admin@example.com
[2025-11-13T19:54:00.109Z] INFO: Questions loaded successfully
[2025-11-13T19:54:00.136Z] INFO: Authentication successful for user: admin@example.com
[2025-11-13T19:54:00.137Z] INFO: Questions loaded successfully
[2025-11-13T19:54:00.161Z] INFO: Authentication successful for user: admin@example.com
[2025-11-13T19:54:00.162Z] INFO: Questions loaded successfully
[2025-11-13T19:54:00.182Z] INFO: Authentication successful for user: admin@example.com
[2025-11-13T19:54:00.183Z] INFO: Questions loaded successfully
[2025-11-13T19:54:00.203Z] INFO: Authentication successful for user: admin@example.com
[2025-11-13T19:54:00.204Z] INFO: Questions loaded successfully
[2025-11-13T19:54:00.226Z] INFO: Authentication successful for user: admin@example.com
[2025-11-13T19:54:00.227Z] INFO: Questions loaded successfully
[2025-11-13T19:54:00.244Z] INFO: Authentication successful for user: admin@example.com
[2025-11-13T19:54:00.245Z] INFO: Questions loaded successfully
[2025-11-13T19:54:00.262Z] INFO: Authentication successful for user: admin@example.com
[2025-11-13T19:54:00.263Z] INFO: Questions loaded successfully
[2025-11-13T19:54:00.280Z] INFO: Authentication successful for user: admin@example.com
[2025-11-13T19:54:00.281Z] INFO: Questions loaded successfully
[2025-11-13T19:54:00.300Z] INFO: Authentication successful for user: admin@example.com
[2025-11-13T19:54:00.301Z] INFO: Questions loaded successfully
[2025-11-13T19:54:00.314Z] INFO: Authentication successful for user: admin@example.com
[2025-11-13T19:54:00.315Z] INFO: Questions loaded successfully
[2025-11-13T19:54:00.334Z] INFO: Authentication successful for user: admin@example.com
[2025-11-13T19:54:00.334Z] INFO: Questions loaded successfully
[2025-11-13T19:54:00.346Z] INFO: Authentication successful for user: admin@example.com
[2025-11-13T19:54:00.347Z] INFO: Questions loaded successfully
[2025-11-13T19:54:00.366Z] INFO: Authentication successful for user: admin@example.com
[2025-11-13T19:54:00.366Z] INFO: Questions loaded successfully
[2025-11-13T19:54:00.379Z] INFO: Authentication successful for user: admin@example.com
[2025-11-13T19:54:00.380Z] INFO: Questions loaded successfully
[2025-11-13T19:54:00.400Z] INFO: Authentication successful for user: admin@example.com
[2025-11-13T19:54:00.401Z] INFO: Questions loaded successfully
[2025-11-13T19:54:00.414Z] INFO: Authentication successful for user: admin@example.com
[2025-11-13T19:54:00.415Z] INFO: Questions loaded successfully
[2025-11-13T19:54:00.432Z] INFO: Authentication successful for user: admin@example.com
[2025-11-13T19:54:00.433Z] INFO: Questions loaded successfully
[2025-11-13T19:54:00.446Z] INFO: Authentication successful for user: admin@example.com
[2025-11-13T19:54:00.446Z] INFO: Questions loaded successfully
[2025-11-13T19:54:00.465Z] INFO: Authentication successful for user: admin@example.com
[2025-11-13T19:54:00.466Z] INFO: Questions loaded successfully
[2025-11-13T19:54:00.484Z] INFO: Authentication successful for user: admin@example.com
[2025-11-13T19:54:00.484Z] INFO: Questions loaded successfully
[2025-11-13T19:54:00.501Z] INFO: Authentication successful for user: admin@example.com
[2025-11-13T19:54:00.502Z] INFO: Questions loaded successfully
[2025-11-13T19:54:00.515Z] INFO: Authentication successful for user: admin@example.com
[2025-11-13T19:54:00.515Z] INFO: Questions loaded successfully
[2025-11-13T19:54:00.533Z] INFO: Authentication successful for user: admin@example.com
[2025-11-13T19:54:00.533Z] INFO: Questions loaded successfully
[2025-11-13T19:54:00.548Z] INFO: Authentication successful for user: admin@example.com
[2025-11-13T19:54:00.549Z] INFO: Questions loaded successfully
[2025-11-13T19:54:00.565Z] INFO: Authentication successful for user: admin@example.com
[2025-11-13T19:54:00.566Z] INFO: Questions loaded successfully
[2025-11-13T19:54:00.577Z] INFO: Authentication successful for user: admin@example.com
[2025-11-13T19:54:00.578Z] INFO: Questions loaded successfully
[2025-11-13T19:54:00.593Z] INFO: Authentication successful for user: admin@example.com
[2025-11-13T19:54:00.594Z] INFO: Questions loaded successfully
[2025-11-13T19:54:00.608Z] INFO: Authentication successful for user: admin@example.com
[2025-11-13T19:54:00.609Z] INFO: Questions loaded successfully
[2025-11-13T19:54:00.623Z] INFO: Authentication successful for user: admin@example.com
[2025-11-13T19:54:00.623Z] INFO: Questions loaded successfully
[2025-11-13T19:54:00.642Z] INFO: Authentication successful for user: admin@example.com
[2025-11-13T19:54:00.643Z] INFO: Questions loaded successfully
[2025-11-13T19:54:00.657Z] INFO: Authentication successful for user: admin@example.com
[2025-11-13T19:54:00.657Z] INFO: Questions loaded successfully
[2025-11-13T19:54:00.674Z] INFO: Authentication successful for user: admin@example.com
[2025-11-13T19:54:00.675Z] INFO: Questions loaded successfully
[2025-11-13T19:54:00.687Z] INFO: Authentication successful for user: admin@example.com
[2025-11-13T19:54:00.688Z] INFO: Questions loaded successfully
[2025-11-13T19:54:00.704Z] INFO: Authentication successful for user: admin@example.com
[2025-11-13T19:54:00.705Z] INFO: Questions loaded successfully
[2025-11-13T19:54:00.716Z] INFO: Authentication successful for user: admin@example.com
[2025-11-13T19:54:00.717Z] INFO: Questions loaded successfully
[2025-11-13T19:54:00.732Z] INFO: Authentication successful for user: admin@example.com
[2025-11-13T19:54:00.733Z] INFO: Questions loaded successfully
[2025-11-13T19:54:00.745Z] INFO: Authentication successful for user: admin@example.com
[2025-11-13T19:54:00.746Z] INFO: Questions loaded successfully
[2025-11-13T19:54:00.756Z] INFO: Authentication successful for user: admin@example.com
[2025-11-13T19:54:00.756Z] INFO: Questions loaded successfully
[2025-11-13T19:54:00.772Z] INFO: Authentication successful for user: admin@example.com
[2025-11-13T19:54:00.773Z] INFO: Questions loaded successfully
[2025-11-13T19:54:00.787Z] INFO: Authentication successful for user: admin@example.com
[2025-11-13T19:54:00.788Z] INFO: Questions loaded successfully
[2025-11-13T19:54:00.806Z] INFO: Authentication successful for user: admin@example.com
[2025-11-13T19:54:00.807Z] INFO: Questions loaded successfully
[2025-11-13T19:54:00.818Z] INFO: Authentication successful for user: admin@example.com
[2025-11-13T19:54:00.819Z] INFO: Questions loaded successfully
[2025-11-13T19:54:00.830Z] INFO: Authentication successful for user: admin@example.com
[2025-11-13T19:54:00.831Z] INFO: Questions loaded successfully
[2025-11-13T19:54:00.847Z] INFO: Authentication successful for user: admin@example.com
[2025-11-13T19:54:00.848Z] INFO: Questions loaded successfully
[2025-11-13T19:54:00.864Z] INFO: Authentication successful for user: admin@example.com
[2025-11-13T19:54:00.865Z] INFO: Questions loaded successfully
[2025-11-13T19:54:00.882Z] INFO: Authentication successful for user: admin@example.com
[2025-11-13T19:54:00.883Z] INFO: Questions loaded successfully
[2025-11-13T19:54:00.919Z] INFO: Authentication successful for user: admin@example.com
[2025-11-13T19:54:00.920Z] INFO: Questions loaded successfully
[2025-11-13T19:54:00.937Z] INFO: Authentication successful for user: admin@example.com
[2025-11-13T19:54:00.938Z] INFO: Questions loaded successfully
[2025-11-13T19:54:00.953Z] INFO: Authentication successful for user: admin@example.com
[2025-11-13T19:54:00.953Z] INFO: Questions loaded successfully
[2025-11-13T19:54:00.975Z] INFO: Authentication successful for user: admin@example.com
[2025-11-13T19:54:00.976Z] INFO: Questions loaded successfully
[2025-11-13T19:54:00.992Z] INFO: Authentication successful for user: admin@example.com
[2025-11-13T19:54:00.993Z] INFO: Questions loaded successfully
[2025-11-13T19:54:01.009Z] INFO: Authentication successful for user: admin@example.com
[2025-11-13T19:54:01.009Z] INFO: Questions loaded successfully
[2025-11-13T19:54:01.026Z] INFO: Authentication successful for user: admin@example.com
[2025-11-13T19:54:01.027Z] INFO: Questions loaded successfully
[2025-11-13T19:54:01.044Z] INFO: Authentication successful for user: admin@example.com
[2025-11-13T19:54:01.045Z] INFO: Questions loaded successfully
[2025-11-13T19:54:01.065Z] INFO: Authentication successful for user: admin@example.com
[2025-11-13T19:54:01.066Z] INFO: Questions loaded successfully
[2025-11-13T19:54:01.080Z] INFO: Authentication successful for user: admin@example.com
[2025-11-13T19:54:01.081Z] INFO: Questions loaded successfully
[2025-11-13T19:54:01.098Z] INFO: Authentication successful for user: admin@example.com
[2025-11-13T19:54:01.099Z] INFO: Questions loaded successfully
[2025-11-13T19:54:01.113Z] INFO: Authentication successful for user: admin@example.com
[2025-11-13T19:54:01.114Z] INFO: Questions loaded successfully
[2025-11-13T19:54:01.132Z] INFO: Authentication successful for user: admin@example.com
[2025-11-13T19:54:01.133Z] INFO: Questions loaded successfully
[2025-11-13T19:54:01.144Z] INFO: Authentication successful for user: admin@example.com
[2025-11-13T19:54:01.145Z] INFO: Questions loaded successfully
[2025-11-13T19:54:01.165Z] INFO: Authentication successful for user: admin@example.com
[2025-11-13T19:54:01.166Z] INFO: Questions loaded successfully
[2025-11-13T19:54:01.179Z] INFO: Authentication successful for user: admin@example.com
[2025-11-13T19:54:01.180Z] INFO: Questions loaded successfully
[2025-11-13T19:54:01.192Z] INFO: Authentication successful for user: admin@example.com
[2025-11-13T19:54:01.193Z] INFO: Questions loaded successfully
[2025-11-13T19:54:01.204Z] INFO: Authentication successful for user: admin@example.com
[2025-11-13T19:54:01.205Z] INFO: Questions loaded successfully
[2025-11-13T19:54:01.221Z] INFO: Authentication successful for user: admin@example.com
[2025-11-13T19:54:01.222Z] INFO: Questions loaded successfully
[2025-11-13T19:54:01.238Z] INFO: Authentication successful for user: admin@example.com
[2025-11-13T19:54:01.239Z] INFO: Questions loaded successfully
[2025-11-13T19:54:01.254Z] INFO: Authentication successful for user: admin@example.com
[2025-11-13T19:54:01.255Z] INFO: Questions loaded successfully
[2025-11-13T19:54:01.271Z] INFO: Authentication successful for user: admin@example.com
[2025-11-13T19:54:01.272Z] INFO: Questions loaded successfully
[2025-11-13T19:54:01.288Z] INFO: Authentication successful for user: admin@example.com
[2025-11-13T19:54:01.289Z] INFO: Questions loaded successfully
[2025-11-13T19:54:01.304Z] INFO: Authentication successful for user: admin@example.com
[2025-11-13T19:54:01.305Z] INFO: Questions loaded successfully
[2025-11-13T19:54:01.329Z] INFO: Authentication successful for user: admin@example.com
[2025-11-13T19:54:01.330Z] INFO: Questions loaded successfully
[2025-11-13T19:54:01.344Z] INFO: Authentication successful for user: admin@example.com
[2025-11-13T19:54:01.345Z] INFO: Questions loaded successfully
[2025-11-13T19:54:01.359Z] INFO: Authentication successful for user: admin@example.com
[2025-11-13T19:54:01.360Z] INFO: Questions loaded successfully
[2025-11-13T19:54:01.380Z] INFO: Authentication successful for user: admin@example.com
[2025-11-13T19:54:01.381Z] INFO: Questions loaded successfully
[2025-11-13T19:54:01.394Z] INFO: Authentication successful for user: admin@example.com
[2025-11-13T19:54:01.395Z] INFO: Questions loaded successfully
[2025-11-13T19:54:01.408Z] INFO: Authentication successful for user: admin@example.com
[2025-11-13T19:54:01.409Z] INFO: Questions loaded successfully
[2025-11-13T19:54:01.425Z] INFO: Authentication successful for user: admin@example.com
[2025-11-13T19:54:01.426Z] INFO: Questions loaded successfully
[2025-11-13T19:54:01.439Z] INFO: Authentication successful for user: admin@example.com
[2025-11-13T19:54:01.440Z] INFO: Questions loaded successfully
[2025-11-13T19:54:01.453Z] INFO: Authentication successful for user: admin@example.com
[2025-11-13T19:54:01.453Z] INFO: Questions loaded successfully
[2025-11-13T19:54:01.471Z] INFO: Authentication successful for user: admin@example.com
[2025-11-13T19:54:01.472Z] INFO: Questions loaded successfully
[2025-11-13T19:54:01.489Z] INFO: Authentication successful for user: admin@example.com
[2025-11-13T19:54:01.490Z] INFO: Questions loaded successfully
[2025-11-13T19:54:01.504Z] INFO: Authentication successful for user: admin@example.com
[2025-11-13T19:54:01.505Z] INFO: Questions loaded successfully
[2025-11-13T19:54:01.519Z] INFO: Authentication successful for user: admin@example.com
[2025-11-13T19:54:01.520Z] INFO: Questions loaded successfully
[2025-11-13T19:54:01.535Z] INFO: Authentication successful for user: admin@example.com
[2025-11-13T19:54:01.536Z] INFO: Questions loaded successfully
[2025-11-13T19:54:01.554Z] INFO: Authentication successful for user: admin@example.com
[2025-11-13T19:54:01.555Z] INFO: Questions loaded successfully
[2025-11-13T19:54:01.616Z] INFO: Authentication successful for user: admin@example.com
[2025-11-13T19:54:01.617Z] INFO: Questions loaded successfully
[2025-11-13T19:54:01.649Z] INFO: Authentication successful for user: admin@example.com
[2025-11-13T19:54:01.650Z] INFO: Questions loaded successfully
[2025-11-13T19:54:01.674Z] INFO: Authentication successful for user: admin@example.com
[2025-11-13T19:54:01.674Z] INFO: Questions loaded successfully
[2025-11-13T19:54:01.701Z] INFO: Authentication successful for user: admin@example.com
[2025-11-13T19:54:01.702Z] INFO: Questions loaded successfully
[2025-11-13T19:54:01.719Z] INFO: Authentication successful for user: admin@example.com
[2025-11-13T19:54:01.719Z] INFO: Questions loaded successfully
[2025-11-13T19:54:01.735Z] INFO: Authentication successful for user: admin@example.com
[2025-11-13T19:54:01.736Z] INFO: Questions loaded successfully
[2025-11-13T19:54:01.754Z] INFO: Authentication successful for user: admin@example.com
[2025-11-13T19:54:01.755Z] INFO: Questions loaded successfully
[2025-11-13T19:54:01.773Z] INFO: Authentication successful for user: admin@example.com
[2025-11-13T19:54:01.774Z] INFO: Questions loaded successfully
[2025-11-13T19:54:01.787Z] INFO: Authentication successful for user: admin@example.com
[2025-11-13T19:54:01.788Z] INFO: Questions loaded successfully
[2025-11-13T19:54:01.804Z] INFO: Authentication successful for user: admin@example.com
[2025-11-13T19:54:01.805Z] INFO: Questions loaded successfully
[2025-11-13T19:54:01.824Z] INFO: Authentication successful for user: admin@example.com
[2025-11-13T19:54:01.825Z] INFO: Questions loaded successfully
[2025-11-13T19:54:01.845Z] INFO: Authentication successful for user: admin@example.com
[2025-11-13T19:54:01.848Z] INFO: Questions loaded successfully
[2025-11-13T19:54:01.864Z] INFO: Authentication successful for user: admin@example.com
[2025-11-13T19:54:01.865Z] INFO: Questions loaded successfully
[2025-11-13T19:54:01.879Z] INFO: Authentication successful for user: admin@example.com
[2025-11-13T19:54:01.880Z] INFO: Questions loaded successfully
[2025-11-13T19:54:01.897Z] INFO: Authentication successful for user: admin@example.com
[2025-11-13T19:54:01.898Z] INFO: Questions loaded successfully
[2025-11-13T19:54:01.911Z] INFO: Authentication successful for user: admin@example.com
[2025-11-13T19:54:01.912Z] INFO: Questions loaded successfully
[2025-11-13T19:54:01.927Z] INFO: Authentication successful for user: admin@example.com
[2025-11-13T19:54:01.928Z] INFO: Questions loaded successfully
[2025-11-13T19:54:01.941Z] INFO: Authentication successful for user: admin@example.com
[2025-11-13T19:54:01.942Z] INFO: Questions loaded successfully
[2025-11-13T19:54:01.963Z] INFO: Authentication successful for user: admin@example.com
[2025-11-13T19:54:01.965Z] INFO: Questions loaded successfully
[2025-11-13T19:54:01.980Z] INFO: Authentication successful for user: admin@example.com
[2025-11-13T19:54:01.981Z] INFO: Questions loaded successfully
[2025-11-13T19:54:01.998Z] INFO: Authentication successful for user: admin@example.com
[2025-11-13T19:54:01.999Z] INFO: Questions loaded successfully
[2025-11-13T19:54:02.016Z] INFO: Authentication successful for user: admin@example.com
[2025-11-13T19:54:02.017Z] INFO: Questions loaded successfully
[2025-11-13T19:54:02.034Z] INFO: Authentication successful for user: admin@example.com
[2025-11-13T19:54:02.034Z] INFO: Questions loaded successfully
[2025-11-13T19:54:02.054Z] INFO: Authentication successful for user: admin@example.com
[2025-11-13T19:54:02.055Z] INFO: Questions loaded successfully
[2025-11-13T19:54:02.078Z] INFO: Authentication successful for user: admin@example.com
[2025-11-13T19:54:02.079Z] INFO: Questions loaded successfully
[2025-11-13T19:54:02.099Z] INFO: Authentication successful for user: admin@example.com
[2025-11-13T19:54:02.100Z] INFO: Questions loaded successfully
[2025-11-13T19:54:02.115Z] INFO: Authentication successful for user: admin@example.com
[2025-11-13T19:54:02.116Z] INFO: Questions loaded successfully
[2025-11-13T19:54:02.129Z] INFO: Authentication successful for user: admin@example.com
[2025-11-13T19:54:02.130Z] INFO: Questions loaded successfully
[2025-11-13T19:54:02.146Z] INFO: Authentication successful for user: admin@example.com
[2025-11-13T19:54:02.147Z] INFO: Questions loaded successfully
[2025-11-13T19:54:02.166Z] INFO: Authentication successful for user: admin@example.com
[2025-11-13T19:54:02.167Z] INFO: Questions loaded successfully
[2025-11-13T19:54:02.182Z] INFO: Authentication successful for user: admin@example.com
[2025-11-13T19:54:02.182Z] INFO: Questions loaded successfully
[2025-11-13T19:54:02.203Z] INFO: Authentication successful for user: admin@example.com
[2025-11-13T19:54:02.204Z] INFO: Questions loaded successfully
[2025-11-13T19:54:02.221Z] INFO: Authentication successful for user: admin@example.com
[2025-11-13T19:54:02.222Z] INFO: Questions loaded successfully
[2025-11-13T19:54:02.234Z] INFO: Authentication successful for user: admin@example.com
[2025-11-13T19:54:02.235Z] INFO: Questions loaded successfully
[2025-11-13T19:54:02.248Z] INFO: Authentication successful for user: admin@example.com
[2025-11-13T19:54:02.249Z] INFO: Questions loaded successfully
[2025-11-13T19:54:02.264Z] INFO: Authentication successful for user: admin@example.com
[2025-11-13T19:54:02.264Z] INFO: Questions loaded successfully
[2025-11-13T19:54:02.279Z] INFO: Authentication successful for user: admin@example.com
[2025-11-13T19:54:02.280Z] INFO: Questions loaded successfully
[2025-11-13T19:54:02.296Z] INFO: Authentication successful for user: admin@example.com
[2025-11-13T19:54:02.297Z] INFO: Questions loaded successfully
[2025-11-13T19:54:02.314Z] INFO: Authentication successful for user: admin@example.com
[2025-11-13T19:54:02.315Z] INFO: Questions loaded successfully
[2025-11-13T19:54:02.333Z] INFO: Authentication successful for user: admin@example.com
[2025-11-13T19:54:02.334Z] INFO: Questions loaded successfully
[2025-11-13T19:54:02.354Z] INFO: Authentication successful for user: admin@example.com
[2025-11-13T19:54:02.355Z] INFO: Questions loaded successfully
[2025-11-13T19:54:02.367Z] INFO: Authentication successful for user: admin@example.com
[2025-11-13T19:54:02.368Z] INFO: Questions loaded successfully
[2025-11-13T19:54:02.385Z] INFO: Authentication successful for user: admin@example.com
[2025-11-13T19:54:02.386Z] INFO: Questions loaded successfully
[2025-11-13T19:54:02.406Z] INFO: Authentication successful for user: admin@example.com
[2025-11-13T19:54:02.407Z] INFO: Questions loaded successfully
[2025-11-13T19:54:02.423Z] INFO: Authentication successful for user: admin@example.com
[2025-11-13T19:54:02.424Z] INFO: Questions loaded successfully
[2025-11-13T19:54:02.438Z] INFO: Authentication successful for user: admin@example.com
[2025-11-13T19:54:02.439Z] INFO: Questions loaded successfully
[2025-11-13T19:54:02.455Z] INFO: Authentication successful for user: admin@example.com
[2025-11-13T19:54:02.455Z] INFO: Questions loaded successfully
[2025-11-13T19:54:02.469Z] INFO: Authentication successful for user: admin@example.com
[2025-11-13T19:54:02.470Z] INFO: Questions loaded successfully
[2025-11-13T19:54:02.491Z] INFO: Authentication successful for user: admin@example.com
[2025-11-13T19:54:02.492Z] INFO: Questions loaded successfully
[2025-11-13T19:54:02.527Z] INFO: Authentication successful for user: admin@example.com
[2025-11-13T19:54:02.528Z] INFO: Questions loaded successfully
[2025-11-13T19:54:02.563Z] INFO: Authentication successful for user: admin@example.com
[2025-11-13T19:54:02.564Z] INFO: Questions loaded successfully
[2025-11-13T19:54:02.575Z] INFO: Authentication successful for user: admin@example.com
[2025-11-13T19:54:02.576Z] INFO: Questions loaded successfully
[2025-11-13T19:54:02.591Z] INFO: Authentication successful for user: admin@example.com
[2025-11-13T19:54:02.592Z] INFO: Questions loaded successfully
[2025-11-13T19:54:02.608Z] INFO: Authentication successful for user: admin@example.com
[2025-11-13T19:54:02.609Z] INFO: Questions loaded successfully
[2025-11-13T19:54:02.626Z] INFO: Authentication successful for user: admin@example.com
[2025-11-13T19:54:02.626Z] INFO: Questions loaded successfully
[2025-11-13T19:54:02.648Z] INFO: Authentication successful for user: admin@example.com
[2025-11-13T19:54:02.649Z] INFO: Questions loaded successfully
[2025-11-13T19:54:02.663Z] INFO: Authentication successful for user: admin@example.com
[2025-11-13T19:54:02.664Z] INFO: Questions loaded successfully
[2025-11-13T19:54:02.680Z] INFO: Authentication successful for user: admin@example.com
[2025-11-13T19:54:02.681Z] INFO: Questions loaded successfully
[2025-11-13T19:54:02.697Z] INFO: Authentication successful for user: admin@example.com
[2025-11-13T19:54:02.698Z] INFO: Questions loaded successfully
[2025-11-13T19:54:02.716Z] INFO: Authentication successful for user: admin@example.com
[2025-11-13T19:54:02.716Z] INFO: Questions loaded successfully
[2025-11-13T19:54:02.730Z] INFO: Authentication successful for user: admin@example.com
[2025-11-13T19:54:02.731Z] INFO: Questions loaded successfully
[2025-11-13T19:54:02.745Z] INFO: Authentication successful for user: admin@example.com
[2025-11-13T19:54:02.746Z] INFO: Questions loaded successfully
[2025-11-13T19:54:02.759Z] INFO: Authentication successful for user: admin@example.com
[2025-11-13T19:54:02.760Z] INFO: Questions loaded successfully
[2025-11-13T19:54:02.776Z] INFO: Authentication successful for user: admin@example.com
[2025-11-13T19:54:02.776Z] INFO: Questions loaded successfully
[2025-11-13T19:54:02.793Z] INFO: Authentication successful for user: admin@example.com
[2025-11-13T19:54:02.794Z] INFO: Questions loaded successfully
[2025-11-13T19:54:02.810Z] INFO: Authentication successful for user: admin@example.com
[2025-11-13T19:54:02.811Z] INFO: Questions loaded successfully
[2025-11-13T19:54:02.826Z] INFO: Authentication successful for user: admin@example.com
[2025-11-13T19:54:02.827Z] INFO: Questions loaded successfully
[2025-11-13T19:54:02.845Z] INFO: Authentication successful for user: admin@example.com
[2025-11-13T19:54:02.846Z] INFO: Questions loaded successfully
[2025-11-13T19:54:02.860Z] INFO: Authentication successful for user: admin@example.com
[2025-11-13T19:54:02.861Z] INFO: Questions loaded successfully
[2025-11-13T19:54:02.880Z] INFO: Authentication successful for user: admin@example.com
[2025-11-13T19:54:02.880Z] INFO: Questions loaded successfully
[2025-11-13T19:54:02.896Z] INFO: Authentication successful for user: admin@example.com
[2025-11-13T19:54:02.897Z] INFO: Questions loaded successfully
[2025-11-13T19:54:02.914Z] INFO: Authentication successful for user: admin@example.com
[2025-11-13T19:54:02.915Z] INFO: Questions loaded successfully
[2025-11-13T19:54:02.930Z] INFO: Authentication successful for user: admin@example.com
[2025-11-13T19:54:02.931Z] INFO: Questions loaded successfully
[2025-11-13T19:54:02.947Z] INFO: Authentication successful for user: admin@example.com
[2025-11-13T19:54:02.948Z] INFO: Questions loaded successfully
[2025-11-13T19:54:02.967Z] INFO: Authentication successful for user: admin@example.com
[2025-11-13T19:54:02.967Z] INFO: Questions loaded successfully
[2025-11-13T19:54:02.987Z] INFO: Authentication successful for user: admin@example.com
[2025-11-13T19:54:02.988Z] INFO: Questions loaded successfully
[2025-11-13T19:54:03.005Z] INFO: Authentication successful for user: admin@example.com
[2025-11-13T19:54:03.006Z] INFO: Questions loaded successfully
[2025-11-13T19:54:03.022Z] INFO: Authentication successful for user: admin@example.com
[2025-11-13T19:54:03.022Z] INFO: Questions loaded successfully
[2025-11-13T19:54:03.039Z] INFO: Authentication successful for user: admin@example.com
[2025-11-13T19:54:03.040Z] INFO: Questions loaded successfully
[2025-11-13T19:54:03.057Z] INFO: Authentication successful for user: admin@example.com
[2025-11-13T19:54:03.058Z] INFO: Questions loaded successfully
[2025-11-13T19:54:03.073Z] INFO: Authentication successful for user: admin@example.com
[2025-11-13T19:54:03.074Z] INFO: Questions loaded successfully
[2025-11-13T19:54:03.094Z] INFO: Authentication successful for user: admin@example.com
[2025-11-13T19:54:03.095Z] INFO: Questions loaded successfully
[2025-11-13T19:54:03.109Z] INFO: Authentication successful for user: admin@example.com
[2025-11-13T19:54:03.110Z] INFO: Questions loaded successfully
[2025-11-13T19:54:03.126Z] INFO: Authentication successful for user: admin@example.com
[2025-11-13T19:54:03.127Z] INFO: Questions loaded successfully
[2025-11-13T19:54:03.144Z] INFO: Authentication successful for user: admin@example.com
[2025-11-13T19:54:03.145Z] INFO: Questions loaded successfully
[2025-11-13T19:54:03.165Z] INFO: Authentication successful for user: admin@example.com
[2025-11-13T19:54:03.166Z] INFO: Questions loaded successfully
[2025-11-13T19:54:03.182Z] INFO: Authentication successful for user: admin@example.com
[2025-11-13T19:54:03.183Z] INFO: Questions loaded successfully
[2025-11-13T19:54:03.200Z] INFO: Authentication successful for user: admin@example.com
[2025-11-13T19:54:03.201Z] INFO: Questions loaded successfully
[2025-11-13T19:54:03.215Z] INFO: Authentication successful for user: admin@example.com
[2025-11-13T19:54:03.216Z] INFO: Questions loaded successfully
[2025-11-13T19:54:03.233Z] INFO: Authentication successful for user: admin@example.com
[2025-11-13T19:54:03.233Z] INFO: Questions loaded successfully
[2025-11-13T19:54:03.247Z] INFO: Authentication successful for user: admin@example.com
[2025-11-13T19:54:03.248Z] INFO: Questions loaded successfully
[2025-11-13T19:54:03.265Z] INFO: Authentication successful for user: admin@example.com
[2025-11-13T19:54:03.266Z] INFO: Questions loaded successfully
[2025-11-13T19:54:03.284Z] INFO: Authentication successful for user: admin@example.com
[2025-11-13T19:54:03.285Z] INFO: Questions loaded successfully
[2025-11-13T19:54:03.300Z] INFO: Authentication successful for user: admin@example.com
[2025-11-13T19:54:03.301Z] INFO: Questions loaded successfully
[2025-11-13T19:54:03.338Z] INFO: Authentication successful for user: admin@example.com
[2025-11-13T19:54:03.340Z] INFO: Questions loaded successfully
[2025-11-13T19:54:03.364Z] INFO: Authentication successful for user: admin@example.com
[2025-11-13T19:54:03.364Z] INFO: Questions loaded successfully
[2025-11-13T19:54:03.382Z] INFO: Authentication successful for user: admin@example.com
[2025-11-13T19:54:03.383Z] INFO: Questions loaded successfully
[2025-11-13T19:54:03.402Z] INFO: Authentication successful for user: admin@example.com
[2025-11-13T19:54:03.402Z] INFO: Questions loaded successfully
[2025-11-13T19:54:03.420Z] INFO: Authentication successful for user: admin@example.com
[2025-11-13T19:54:03.421Z] INFO: Questions loaded successfully
[2025-11-13T19:54:03.437Z] INFO: Authentication successful for user: admin@example.com
[2025-11-13T19:54:03.440Z] INFO: Questions loaded successfully
[2025-11-13T19:54:03.458Z] INFO: Authentication successful for user: admin@example.com
[2025-11-13T19:54:03.459Z] INFO: Questions loaded successfully
[2025-11-13T19:54:03.473Z] INFO: Authentication successful for user: admin@example.com
[2025-11-13T19:54:03.474Z] INFO: Questions loaded successfully
[2025-11-13T19:54:03.490Z] INFO: Authentication successful for user: admin@example.com
[2025-11-13T19:54:03.491Z] INFO: Questions loaded successfully
[2025-11-13T19:54:03.507Z] INFO: Authentication successful for user: admin@example.com
[2025-11-13T19:54:03.507Z] INFO: Questions loaded successfully
[2025-11-13T19:54:03.521Z] INFO: Authentication successful for user: admin@example.com
[2025-11-13T19:54:03.522Z] INFO: Questions loaded successfully
[2025-11-13T19:54:03.535Z] INFO: Authentication successful for user: admin@example.com
[2025-11-13T19:54:03.535Z] INFO: Questions loaded successfully
[2025-11-13T19:54:03.552Z] INFO: Authentication successful for user: admin@example.com
[2025-11-13T19:54:03.553Z] INFO: Questions loaded successfully
[2025-11-13T19:54:03.567Z] INFO: Authentication successful for user: admin@example.com
[2025-11-13T19:54:03.568Z] INFO: Questions loaded successfully
[2025-11-13T19:54:03.590Z] INFO: Authentication successful for user: admin@example.com
[2025-11-13T19:54:03.591Z] INFO: Questions loaded successfully
[2025-11-13T19:54:03.607Z] INFO: Authentication successful for user: admin@example.com
[2025-11-13T19:54:03.608Z] INFO: Questions loaded successfully
[2025-11-13T19:54:03.621Z] INFO: Authentication successful for user: admin@example.com
[2025-11-13T19:54:03.622Z] INFO: Questions loaded successfully
[2025-11-13T19:54:03.638Z] INFO: Authentication successful for user: admin@example.com
[2025-11-13T19:54:03.639Z] INFO: Questions loaded successfully
[2025-11-13T19:54:03.657Z] INFO: Authentication successful for user: admin@example.com
[2025-11-13T19:54:03.658Z] INFO: Questions loaded successfully
[2025-11-13T19:54:03.676Z] INFO: Authentication successful for user: admin@example.com
[2025-11-13T19:54:03.677Z] INFO: Questions loaded successfully
[2025-11-13T19:54:03.693Z] INFO: Authentication successful for user: admin@example.com
[2025-11-13T19:54:03.694Z] INFO: Questions loaded successfully
[2025-11-13T19:54:03.713Z] INFO: Authentication successful for user: admin@example.com
[2025-11-13T19:54:03.714Z] INFO: Questions loaded successfully
[2025-11-13T19:54:03.730Z] INFO: Authentication successful for user: admin@example.com
[2025-11-13T19:54:03.731Z] INFO: Questions loaded successfully
[2025-11-13T19:54:03.745Z] INFO: Authentication successful for user: admin@example.com
[2025-11-13T19:54:03.746Z] INFO: Questions loaded successfully
[2025-11-13T19:54:03.761Z] INFO: Authentication successful for user: admin@example.com
[2025-11-13T19:54:03.762Z] INFO: Questions loaded successfully
[2025-11-13T19:54:03.778Z] INFO: Authentication successful for user: admin@example.com
[2025-11-13T19:54:03.779Z] INFO: Questions loaded successfully
[2025-11-13T19:54:03.796Z] INFO: Authentication successful for user: admin@example.com
[2025-11-13T19:54:03.797Z] INFO: Questions loaded successfully
[2025-11-13T19:54:03.815Z] INFO: Authentication successful for user: admin@example.com
[2025-11-13T19:54:03.816Z] INFO: Questions loaded successfully
[2025-11-13T19:54:03.835Z] INFO: Authentication successful for user: admin@example.com
[2025-11-13T19:54:03.836Z] INFO: Questions loaded successfully
[2025-11-13T19:54:03.858Z] INFO: Authentication successful for user: admin@example.com
[2025-11-13T19:54:03.859Z] INFO: Questions loaded successfully
[2025-11-13T19:54:03.876Z] INFO: Authentication successful for user: admin@example.com
[2025-11-13T19:54:03.877Z] INFO: Questions loaded successfully
[2025-11-13T19:54:03.898Z] INFO: Authentication successful for user: admin@example.com
[2025-11-13T19:54:03.899Z] INFO: Questions loaded successfully
[2025-11-13T19:54:03.923Z] INFO: Authentication successful for user: admin@example.com
[2025-11-13T19:54:03.924Z] INFO: Questions loaded successfully
[2025-11-13T19:54:03.943Z] INFO: Authentication successful for user: admin@example.com
[2025-11-13T19:54:03.944Z] INFO: Questions loaded successfully
[2025-11-13T19:54:03.967Z] INFO: Authentication successful for user: admin@example.com
[2025-11-13T19:54:03.968Z] INFO: Questions loaded successfully
[2025-11-13T19:54:03.986Z] INFO: Authentication successful for user: admin@example.com
[2025-11-13T19:54:03.987Z] INFO: Questions loaded successfully
[2025-11-13T19:54:04.010Z] INFO: Authentication successful for user: admin@example.com
[2025-11-13T19:54:04.011Z] INFO: Questions loaded successfully
[2025-11-13T19:54:04.031Z] INFO: Authentication successful for user: admin@example.com
[2025-11-13T19:54:04.032Z] INFO: Questions loaded successfully
[2025-11-13T19:54:04.057Z] INFO: Authentication successful for user: admin@example.com
[2025-11-13T19:54:04.058Z] INFO: Questions loaded successfully
[2025-11-13T19:54:04.079Z] INFO: Authentication successful for user: admin@example.com
[2025-11-13T19:54:04.080Z] INFO: Questions loaded successfully
[2025-11-13T19:54:04.101Z] INFO: Authentication successful for user: admin@example.com
[2025-11-13T19:54:04.103Z] INFO: Questions loaded successfully
[2025-11-13T19:54:04.124Z] INFO: Authentication successful for user: admin@example.com
[2025-11-13T19:54:04.125Z] INFO: Questions loaded successfully
[2025-11-13T19:54:04.144Z] INFO: Authentication successful for user: admin@example.com
[2025-11-13T19:54:04.145Z] INFO: Questions loaded successfully
[2025-11-13T19:54:04.172Z] INFO: Authentication successful for user: admin@example.com
[2025-11-13T19:54:04.173Z] INFO: Questions loaded successfully
[2025-11-13T19:54:04.194Z] INFO: Authentication successful for user: admin@example.com
[2025-11-13T19:54:04.195Z] INFO: Questions loaded successfully
[2025-11-13T19:54:04.214Z] INFO: Authentication successful for user: admin@example.com
[2025-11-13T19:54:04.215Z] INFO: Questions loaded successfully
[2025-11-13T19:54:04.236Z] INFO: Authentication successful for user: admin@example.com
[2025-11-13T19:54:04.237Z] INFO: Questions loaded successfully
[2025-11-13T19:54:04.254Z] INFO: Authentication successful for user: admin@example.com
[2025-11-13T19:54:04.254Z] INFO: Questions loaded successfully
[2025-11-13T19:54:04.272Z] INFO: Authentication successful for user: admin@example.com
[2025-11-13T19:54:04.273Z] INFO: Questions loaded successfully
[2025-11-13T19:54:04.293Z] INFO: Authentication successful for user: admin@example.com
[2025-11-13T19:54:04.294Z] INFO: Questions loaded successfully
[2025-11-13T19:54:04.313Z] INFO: Authentication successful for user: admin@example.com
[2025-11-13T19:54:04.314Z] INFO: Questions loaded successfully
[2025-11-13T19:54:04.342Z] INFO: Authentication successful for user: admin@example.com
[2025-11-13T19:54:04.343Z] INFO: Questions loaded successfully
[2025-11-13T19:54:04.360Z] INFO: Authentication successful for user: admin@example.com
[2025-11-13T19:54:04.361Z] INFO: Questions loaded successfully
[2025-11-13T19:54:04.375Z] INFO: Authentication successful for user: admin@example.com
[2025-11-13T19:54:04.376Z] INFO: Questions loaded successfully
[2025-11-13T19:54:04.393Z] INFO: Authentication successful for user: admin@example.com
[2025-11-13T19:54:04.394Z] INFO: Questions loaded successfully
[2025-11-13T19:54:04.415Z] INFO: Authentication successful for user: admin@example.com
[2025-11-13T19:54:04.416Z] INFO: Questions loaded successfully
[2025-11-13T19:54:04.440Z] INFO: Authentication successful for user: admin@example.com
[2025-11-13T19:54:04.441Z] INFO: Questions loaded successfully
[2025-11-13T19:54:04.464Z] INFO: Authentication successful for user: admin@example.com
[2025-11-13T19:54:04.465Z] INFO: Questions loaded successfully
[2025-11-13T19:54:04.489Z] INFO: Authentication successful for user: admin@example.com
[2025-11-13T19:54:04.490Z] INFO: Questions loaded successfully
[2025-11-13T19:54:04.513Z] INFO: Authentication successful for user: admin@example.com
[2025-11-13T19:54:04.514Z] INFO: Questions loaded successfully
[2025-11-13T19:54:04.535Z] INFO: Authentication successful for user: admin@example.com
[2025-11-13T19:54:04.536Z] INFO: Questions loaded successfully
[2025-11-13T19:54:04.567Z] INFO: Authentication successful for user: admin@example.com
[2025-11-13T19:54:04.568Z] INFO: Questions loaded successfully
[2025-11-13T19:54:04.592Z] INFO: Authentication successful for user: admin@example.com
[2025-11-13T19:54:04.593Z] INFO: Questions loaded successfully
[2025-11-13T19:54:04.617Z] INFO: Authentication successful for user: admin@example.com
[2025-11-13T19:54:04.618Z] INFO: Questions loaded successfully
[2025-11-13T19:54:04.639Z] INFO: Authentication successful for user: admin@example.com
[2025-11-13T19:54:04.640Z] INFO: Questions loaded successfully
[2025-11-13T19:54:04.662Z] INFO: Authentication successful for user: admin@example.com
[2025-11-13T19:54:04.663Z] INFO: Questions loaded successfully
[2025-11-13T19:54:04.684Z] INFO: Authentication successful for user: admin@example.com
[2025-11-13T19:54:04.685Z] INFO: Questions loaded successfully
[2025-11-13T19:54:04.719Z] INFO: Authentication successful for user: admin@example.com
[2025-11-13T19:54:04.720Z] INFO: Questions loaded successfully
[2025-11-13T19:54:04.742Z] INFO: Authentication successful for user: admin@example.com
[2025-11-13T19:54:04.743Z] INFO: Questions loaded successfully
[2025-11-13T19:54:04.759Z] INFO: Authentication successful for user: admin@example.com
[2025-11-13T19:54:04.760Z] INFO: Questions loaded successfully
[2025-11-13T19:54:04.784Z] INFO: Authentication successful for user: admin@example.com
[2025-11-13T19:54:04.785Z] INFO: Questions loaded successfully
[2025-11-13T19:54:04.804Z] INFO: Authentication successful for user: admin@example.com
[2025-11-13T19:54:04.805Z] INFO: Questions loaded successfully
[2025-11-13T19:54:04.827Z] INFO: Authentication successful for user: admin@example.com
[2025-11-13T19:54:04.828Z] INFO: Questions loaded successfully
[2025-11-13T19:54:04.867Z] INFO: Authentication successful for user: admin@example.com
[2025-11-13T19:54:04.868Z] INFO: Questions loaded successfully
[2025-11-13T19:54:04.891Z] INFO: Authentication successful for user: admin@example.com
[2025-11-13T19:54:04.892Z] INFO: Questions loaded successfully
[2025-11-13T19:54:04.916Z] INFO: Authentication successful for user: admin@example.com
[2025-11-13T19:54:04.917Z] INFO: Questions loaded successfully
[2025-11-13T19:54:04.938Z] INFO: Authentication successful for user: admin@example.com
[2025-11-13T19:54:04.939Z] INFO: Questions loaded successfully
[2025-11-13T19:54:04.960Z] INFO: Authentication successful for user: admin@example.com
[2025-11-13T19:54:04.961Z] INFO: Questions loaded successfully
[2025-11-13T19:54:04.985Z] INFO: Authentication successful for user: admin@example.com
[2025-11-13T19:54:04.986Z] INFO: Questions loaded successfully
[2025-11-13T19:54:05.004Z] INFO: Authentication successful for user: admin@example.com
[2025-11-13T19:54:05.005Z] INFO: Questions loaded successfully
[2025-11-13T19:54:05.027Z] INFO: Authentication successful for user: admin@example.com
[2025-11-13T19:54:05.028Z] INFO: Questions loaded successfully
[2025-11-13T19:54:05.051Z] INFO: Authentication successful for user: admin@example.com
[2025-11-13T19:54:05.052Z] INFO: Questions loaded successfully
[2025-11-13T19:54:05.118Z] INFO: Authentication successful for user: admin@example.com
[2025-11-13T19:54:05.119Z] INFO: Questions loaded successfully
[2025-11-13T19:54:05.145Z] INFO: Authentication successful for user: admin@example.com
[2025-11-13T19:54:05.147Z] INFO: Questions loaded successfully
[2025-11-13T19:54:05.174Z] INFO: Authentication successful for user: admin@example.com
[2025-11-13T19:54:05.175Z] INFO: Questions loaded successfully
[2025-11-13T19:54:05.199Z] INFO: Authentication successful for user: admin@example.com
[2025-11-13T19:54:05.201Z] INFO: Questions loaded successfully
[2025-11-13T19:54:05.241Z] INFO: Authentication successful for user: admin@example.com
[2025-11-13T19:54:05.242Z] INFO: Questions loaded successfully
[2025-11-13T19:54:05.268Z] INFO: Authentication successful for user: admin@example.com
[2025-11-13T19:54:05.269Z] INFO: Questions loaded successfully
[2025-11-13T19:54:05.300Z] INFO: Authentication successful for user: admin@example.com
[2025-11-13T19:54:05.301Z] INFO: Questions loaded successfully
[2025-11-13T19:54:05.329Z] INFO: Authentication successful for user: admin@example.com
[2025-11-13T19:54:05.330Z] INFO: Questions loaded successfully
[2025-11-13T19:54:05.358Z] INFO: Authentication successful for user: admin@example.com
[2025-11-13T19:54:05.359Z] INFO: Questions loaded successfully
[2025-11-13T19:54:05.380Z] INFO: Authentication successful for user: admin@example.com
[2025-11-13T19:54:05.381Z] INFO: Questions loaded successfully
[2025-11-13T19:54:05.403Z] INFO: Authentication successful for user: admin@example.com
[2025-11-13T19:54:05.404Z] INFO: Questions loaded successfully
[2025-11-13T19:54:05.428Z] INFO: Authentication successful for user: admin@example.com
[2025-11-13T19:54:05.429Z] INFO: Questions loaded successfully
[2025-11-13T19:54:05.446Z] INFO: Authentication successful for user: admin@example.com
[2025-11-13T19:54:05.447Z] INFO: Questions loaded successfully
[2025-11-13T19:54:05.465Z] INFO: Authentication successful for user: admin@example.com
[2025-11-13T19:54:05.467Z] INFO: Questions loaded successfully
[2025-11-13T19:54:05.488Z] INFO: Authentication successful for user: admin@example.com
[2025-11-13T19:54:05.489Z] INFO: Questions loaded successfully
[2025-11-13T19:54:05.505Z] INFO: Authentication successful for user: admin@example.com
[2025-11-13T19:54:05.506Z] INFO: Questions loaded successfully
[2025-11-13T19:54:05.530Z] INFO: Authentication successful for user: admin@example.com
[2025-11-13T19:54:05.532Z] INFO: Questions loaded successfully
[2025-11-13T19:54:05.549Z] INFO: Authentication successful for user: admin@example.com
[2025-11-13T19:54:05.550Z] INFO: Questions loaded successfully
[2025-11-13T19:54:05.569Z] INFO: Authentication successful for user: admin@example.com
[2025-11-13T19:54:05.570Z] INFO: Questions loaded successfully
[2025-11-13T19:54:05.593Z] INFO: Authentication successful for user: admin@example.com
[2025-11-13T19:54:05.594Z] INFO: Questions loaded successfully
[2025-11-13T19:54:05.611Z] INFO: Authentication successful for user: admin@example.com
[2025-11-13T19:54:05.612Z] INFO: Questions loaded successfully
[2025-11-13T19:54:05.633Z] INFO: Authentication successful for user: admin@example.com
[2025-11-13T19:54:05.634Z] INFO: Questions loaded successfully
[2025-11-13T19:54:05.651Z] INFO: Authentication successful for user: admin@example.com
[2025-11-13T19:54:05.652Z] INFO: Questions loaded successfully
[2025-11-13T19:54:05.672Z] INFO: Authentication successful for user: admin@example.com
[2025-11-13T19:54:05.673Z] INFO: Questions loaded successfully
[2025-11-13T19:54:05.691Z] INFO: Authentication successful for user: admin@example.com
[2025-11-13T19:54:05.692Z] INFO: Questions loaded successfully
[2025-11-13T19:54:05.714Z] INFO: Authentication successful for user: admin@example.com
[2025-11-13T19:54:05.715Z] INFO: Questions loaded successfully
[2025-11-13T19:54:05.732Z] INFO: Authentication successful for user: admin@example.com
[2025-11-13T19:54:05.732Z] INFO: Questions loaded successfully
[2025-11-13T19:54:05.751Z] INFO: Authentication successful for user: admin@example.com
[2025-11-13T19:54:05.752Z] INFO: Questions loaded successfully
[2025-11-13T19:54:05.774Z] INFO: Authentication successful for user: admin@example.com
[2025-11-13T19:54:05.775Z] INFO: Questions loaded successfully
[2025-11-13T19:54:05.789Z] INFO: Authentication successful for user: admin@example.com
[2025-11-13T19:54:05.790Z] INFO: Questions loaded successfully
[2025-11-13T19:54:05.812Z] INFO: Authentication successful for user: admin@example.com
[2025-11-13T19:54:05.813Z] INFO: Questions loaded successfully
[2025-11-13T19:54:05.833Z] INFO: Authentication successful for user: admin@example.com
[2025-11-13T19:54:05.834Z] INFO: Questions loaded successfully
[2025-11-13T19:54:05.852Z] INFO: Authentication successful for user: admin@example.com
[2025-11-13T19:54:05.853Z] INFO: Questions loaded successfully
[2025-11-13T19:54:05.871Z] INFO: Authentication successful for user: admin@example.com
[2025-11-13T19:54:05.872Z] INFO: Questions loaded successfully
[2025-11-13T19:54:05.890Z] INFO: Authentication successful for user: admin@example.com
[2025-11-13T19:54:05.891Z] INFO: Questions loaded successfully
[2025-11-13T19:54:05.911Z] INFO: Authentication successful for user: admin@example.com
[2025-11-13T19:54:05.912Z] INFO: Questions loaded successfully
[2025-11-13T19:54:05.929Z] INFO: Authentication successful for user: admin@example.com
[2025-11-13T19:54:05.930Z] INFO: Questions loaded successfully
[2025-11-13T19:54:05.952Z] INFO: Authentication successful for user: admin@example.com
[2025-11-13T19:54:05.953Z] INFO: Questions loaded successfully
[2025-11-13T19:54:05.975Z] INFO: Authentication successful for user: admin@example.com
[2025-11-13T19:54:05.976Z] INFO: Questions loaded successfully
[2025-11-13T19:54:05.996Z] INFO: Authentication successful for user: admin@example.com
[2025-11-13T19:54:05.997Z] INFO: Questions loaded successfully
[2025-11-13T19:54:06.015Z] INFO: Authentication successful for user: admin@example.com
[2025-11-13T19:54:06.016Z] INFO: Questions loaded successfully
[2025-11-13T19:54:06.037Z] INFO: Authentication successful for user: admin@example.com
[2025-11-13T19:54:06.038Z] INFO: Questions loaded successfully
[2025-11-13T19:54:06.056Z] INFO: Authentication successful for user: admin@example.com
[2025-11-13T19:54:06.057Z] INFO: Questions loaded successfully
[2025-11-13T19:54:06.082Z] INFO: Authentication successful for user: admin@example.com
[2025-11-13T19:54:06.083Z] INFO: Questions loaded successfully
[2025-11-13T19:54:06.110Z] INFO: Authentication successful for user: admin@example.com
[2025-11-13T19:54:06.112Z] INFO: Questions loaded successfully
[2025-11-13T19:54:06.140Z] INFO: Authentication successful for user: admin@example.com
[2025-11-13T19:54:06.141Z] INFO: Questions loaded successfully
[2025-11-13T19:54:06.163Z] INFO: Authentication successful for user: admin@example.com
[2025-11-13T19:54:06.164Z] INFO: Questions loaded successfully
[2025-11-13T19:54:06.195Z] INFO: Authentication successful for user: admin@example.com
[2025-11-13T19:54:06.196Z] INFO: Questions loaded successfully
[2025-11-13T19:54:06.218Z] INFO: Authentication successful for user: admin@example.com
[2025-11-13T19:54:06.219Z] INFO: Questions loaded successfully
[2025-11-13T19:54:06.242Z] INFO: Authentication successful for user: admin@example.com
[2025-11-13T19:54:06.243Z] INFO: Questions loaded successfully
[2025-11-13T19:54:06.267Z] INFO: Authentication successful for user: admin@example.com
[2025-11-13T19:54:06.269Z] INFO: Questions loaded successfully
[2025-11-13T19:54:06.298Z] INFO: Authentication successful for user: admin@example.com
[2025-11-13T19:54:06.300Z] INFO: Questions loaded successfully
[2025-11-13T19:54:06.325Z] INFO: Authentication successful for user: admin@example.com
[2025-11-13T19:54:06.326Z] INFO: Questions loaded successfully
[2025-11-13T19:54:06.349Z] INFO: Authentication successful for user: admin@example.com
[2025-11-13T19:54:06.350Z] INFO: Questions loaded successfully
[2025-11-13T19:54:06.373Z] INFO: Authentication successful for user: admin@example.com
[2025-11-13T19:54:06.375Z] INFO: Questions loaded successfully
[2025-11-13T19:54:06.398Z] INFO: Authentication successful for user: admin@example.com
[2025-11-13T19:54:06.399Z] INFO: Questions loaded successfully
[2025-11-13T19:54:06.425Z] INFO: Authentication successful for user: admin@example.com
[2025-11-13T19:54:06.426Z] INFO: Questions loaded successfully
[2025-11-13T19:54:06.445Z] INFO: Authentication successful for user: admin@example.com
[2025-11-13T19:54:06.447Z] INFO: Questions loaded successfully
[2025-11-13T19:54:06.472Z] INFO: Authentication successful for user: admin@example.com
[2025-11-13T19:54:06.473Z] INFO: Questions loaded successfully
[2025-11-13T19:54:06.495Z] INFO: Authentication successful for user: admin@example.com
[2025-11-13T19:54:06.497Z] INFO: Questions loaded successfully
[2025-11-13T19:54:06.520Z] INFO: Authentication successful for user: admin@example.com
[2025-11-13T19:54:06.521Z] INFO: Questions loaded successfully
[2025-11-13T19:54:06.549Z] INFO: Authentication successful for user: admin@example.com
[2025-11-13T19:54:06.550Z] INFO: Questions loaded successfully
[2025-11-13T19:54:06.586Z] INFO: Authentication successful for user: admin@example.com
[2025-11-13T19:54:06.588Z] INFO: Questions loaded successfully
[2025-11-13T19:54:06.632Z] INFO: Authentication successful for user: admin@example.com
[2025-11-13T19:54:06.634Z] INFO: Questions loaded successfully
[2025-11-13T19:54:06.646Z] INFO: Authentication successful for user: admin@example.com
[2025-11-13T19:54:06.647Z] INFO: Questions loaded successfully
[2025-11-13T19:54:06.661Z] INFO: Authentication successful for user: admin@example.com
[2025-11-13T19:54:06.662Z] INFO: Questions loaded successfully
[2025-11-13T19:54:06.677Z] INFO: Authentication successful for user: admin@example.com
[2025-11-13T19:54:06.678Z] INFO: Questions loaded successfully
[2025-11-13T19:54:06.692Z] INFO: Authentication successful for user: admin@example.com
[2025-11-13T19:54:06.693Z] INFO: Questions loaded successfully
[2025-11-13T19:54:06.707Z] INFO: Authentication successful for user: admin@example.com
[2025-11-13T19:54:06.708Z] INFO: Questions loaded successfully
[2025-11-13T19:54:06.721Z] INFO: Authentication successful for user: admin@example.com
[2025-11-13T19:54:06.722Z] INFO: Questions loaded successfully
[2025-11-13T19:54:06.736Z] INFO: Authentication successful for user: admin@example.com
[2025-11-13T19:54:06.737Z] INFO: Questions loaded successfully
[2025-11-13T19:54:06.750Z] INFO: Authentication successful for user: admin@example.com
[2025-11-13T19:54:06.751Z] INFO: Questions loaded successfully
[2025-11-13T19:54:06.765Z] INFO: Authentication successful for user: admin@example.com
[2025-11-13T19:54:06.766Z] INFO: Questions loaded successfully
[2025-11-13T19:54:06.779Z] INFO: Authentication successful for user: admin@example.com
[2025-11-13T19:54:06.781Z] INFO: Questions loaded successfully
[2025-11-13T19:54:06.791Z] INFO: Authentication successful for user: admin@example.com
[2025-11-13T19:54:06.792Z] INFO: Questions loaded successfully
[2025-11-13T19:54:06.807Z] INFO: Authentication successful for user: admin@example.com
[2025-11-13T19:54:06.808Z] INFO: Questions loaded successfully
[2025-11-13T19:54:06.822Z] INFO: Authentication successful for user: admin@example.com
[2025-11-13T19:54:06.823Z] INFO: Questions loaded successfully
[2025-11-13T19:54:06.834Z] INFO: Authentication successful for user: admin@example.com
[2025-11-13T19:54:06.836Z] INFO: Questions loaded successfully
[2025-11-13T19:54:06.850Z] INFO: Authentication successful for user: admin@example.com
[2025-11-13T19:54:06.851Z] INFO: Questions loaded successfully
[2025-11-13T19:54:06.864Z] INFO: Authentication successful for user: admin@example.com
[2025-11-13T19:54:06.865Z] INFO: Questions loaded successfully
[2025-11-13T19:54:06.880Z] INFO: Authentication successful for user: admin@example.com
[2025-11-13T19:54:06.881Z] INFO: Questions loaded successfully
[2025-11-13T19:54:06.895Z] INFO: Authentication successful for user: admin@example.com
[2025-11-13T19:54:06.896Z] INFO: Questions loaded successfully
[2025-11-13T19:54:06.915Z] INFO: Authentication successful for user: admin@example.com
[2025-11-13T19:54:06.916Z] INFO: Questions loaded successfully
[2025-11-13T19:54:06.923Z] INFO: Authentication successful for user: admin@example.com
[2025-11-13T19:54:06.926Z] INFO: Questions loaded successfully
[2025-11-13T19:54:06.939Z] INFO: Authentication successful for user: admin@example.com
[2025-11-13T19:54:06.941Z] INFO: Questions loaded successfully
[2025-11-13T19:54:06.954Z] INFO: Authentication successful for user: admin@example.com
[2025-11-13T19:54:06.955Z] INFO: Questions loaded successfully
[2025-11-13T19:54:06.967Z] INFO: Authentication successful for user: admin@example.com
[2025-11-13T19:54:06.968Z] INFO: Questions loaded successfully
[2025-11-13T19:54:06.981Z] INFO: Authentication successful for user: admin@example.com
[2025-11-13T19:54:06.982Z] INFO: Questions loaded successfully
[2025-11-13T19:54:06.996Z] INFO: Authentication successful for user: admin@example.com
[2025-11-13T19:54:06.997Z] INFO: Questions loaded successfully
[2025-11-13T19:54:07.010Z] INFO: Authentication successful for user: admin@example.com
[2025-11-13T19:54:07.011Z] INFO: Questions loaded successfully
[2025-11-13T19:54:07.023Z] INFO: Authentication successful for user: admin@example.com
[2025-11-13T19:54:07.024Z] INFO: Questions loaded successfully
[2025-11-13T19:54:07.039Z] INFO: Authentication successful for user: admin@example.com
[2025-11-13T19:54:07.040Z] INFO: Questions loaded successfully
[2025-11-13T19:54:07.053Z] INFO: Authentication successful for user: admin@example.com
[2025-11-13T19:54:07.054Z] INFO: Questions loaded successfully
[2025-11-13T19:54:07.068Z] INFO: Authentication successful for user: admin@example.com
[2025-11-13T19:54:07.069Z] INFO: Questions loaded successfully
[2025-11-13T19:54:07.081Z] INFO: Authentication successful for user: admin@example.com
[2025-11-13T19:54:07.082Z] INFO: Questions loaded successfully
[2025-11-13T19:54:07.095Z] INFO: Authentication successful for user: admin@example.com
[2025-11-13T19:54:07.096Z] INFO: Questions loaded successfully
[2025-11-13T19:54:07.110Z] INFO: Authentication successful for user: admin@example.com
[2025-11-13T19:54:07.111Z] INFO: Questions loaded successfully
[2025-11-13T19:54:07.125Z] INFO: Authentication successful for user: admin@example.com
[2025-11-13T19:54:07.126Z] INFO: Questions loaded successfully
[2025-11-13T19:54:07.135Z] INFO: Authentication successful for user: admin@example.com
[2025-11-13T19:54:07.136Z] INFO: Questions loaded successfully
[2025-11-13T19:54:07.150Z] INFO: Authentication successful for user: admin@example.com
[2025-11-13T19:54:07.151Z] INFO: Questions loaded successfully
[2025-11-13T19:54:07.178Z] INFO: Authentication successful for user: admin@example.com
[2025-11-13T19:54:07.179Z] INFO: Questions loaded successfully
[2025-11-13T19:54:07.187Z] INFO: Authentication successful for user: admin@example.com
[2025-11-13T19:54:07.188Z] INFO: Questions loaded successfully
[2025-11-13T19:54:07.205Z] INFO: Authentication successful for user: admin@example.com
[2025-11-13T19:54:07.206Z] INFO: Questions loaded successfully
[2025-11-13T19:54:07.220Z] INFO: Authentication successful for user: admin@example.com
[2025-11-13T19:54:07.221Z] INFO: Questions loaded successfully
[2025-11-13T19:54:07.233Z] INFO: Authentication successful for user: admin@example.com
[2025-11-13T19:54:07.234Z] INFO: Questions loaded successfully
[2025-11-13T19:54:07.251Z] INFO: Authentication successful for user: admin@example.com
[2025-11-13T19:54:07.252Z] INFO: Questions loaded successfully
[2025-11-13T19:54:07.275Z] INFO: Authentication successful for user: admin@example.com
[2025-11-13T19:54:07.276Z] INFO: Questions loaded successfully
[2025-11-13T19:54:07.281Z] INFO: Authentication successful for user: admin@example.com
[2025-11-13T19:54:07.282Z] INFO: Questions loaded successfully
[2025-11-13T19:54:07.299Z] INFO: Authentication successful for user: admin@example.com
[2025-11-13T19:54:07.300Z] INFO: Questions loaded successfully
[2025-11-13T19:54:07.320Z] INFO: Authentication successful for user: admin@example.com
[2025-11-13T19:54:07.321Z] INFO: Questions loaded successfully
[2025-11-13T19:54:07.331Z] INFO: Authentication successful for user: admin@example.com
[2025-11-13T19:54:07.332Z] INFO: Questions loaded successfully
[2025-11-13T19:54:07.345Z] INFO: Authentication successful for user: admin@example.com
[2025-11-13T19:54:07.346Z] INFO: Questions loaded successfully
[2025-11-13T19:54:07.366Z] INFO: Authentication successful for user: admin@example.com
[2025-11-13T19:54:07.367Z] INFO: Questions loaded successfully
[2025-11-13T19:54:07.388Z] INFO: Authentication successful for user: admin@example.com
[2025-11-13T19:54:07.389Z] INFO: Questions loaded successfully
[2025-11-13T19:54:07.403Z] INFO: Authentication successful for user: admin@example.com
[2025-11-13T19:54:07.404Z] INFO: Questions loaded successfully
[2025-11-13T19:54:07.424Z] INFO: Authentication successful for user: admin@example.com
[2025-11-13T19:54:07.425Z] INFO: Questions loaded successfully
[2025-11-13T19:54:07.438Z] INFO: Authentication successful for user: admin@example.com
[2025-11-13T19:54:07.439Z] INFO: Questions loaded successfully
[2025-11-13T19:54:07.449Z] INFO: Authentication successful for user: admin@example.com
[2025-11-13T19:54:07.450Z] INFO: Questions loaded successfully
[2025-11-13T19:54:07.465Z] INFO: Authentication successful for user: admin@example.com
[2025-11-13T19:54:07.467Z] INFO: Questions loaded successfully
[2025-11-13T19:54:07.485Z] INFO: Authentication successful for user: admin@example.com
[2025-11-13T19:54:07.486Z] INFO: Questions loaded successfully
[2025-11-13T19:54:07.504Z] INFO: Authentication successful for user: admin@example.com
[2025-11-13T19:54:07.505Z] INFO: Questions loaded successfully
[2025-11-13T19:54:07.517Z] INFO: Authentication successful for user: admin@example.com
[2025-11-13T19:54:07.518Z] INFO: Questions loaded successfully
[2025-11-13T19:54:07.534Z] INFO: Authentication successful for user: admin@example.com
[2025-11-13T19:54:07.535Z] INFO: Questions loaded successfully
[2025-11-13T19:54:07.552Z] INFO: Authentication successful for user: admin@example.com
[2025-11-13T19:54:07.553Z] INFO: Questions loaded successfully
[2025-11-13T19:54:07.567Z] INFO: Authentication successful for user: admin@example.com
[2025-11-13T19:54:07.568Z] INFO: Questions loaded successfully
[2025-11-13T19:54:07.582Z] INFO: Authentication successful for user: admin@example.com
[2025-11-13T19:54:07.583Z] INFO: Questions loaded successfully
[2025-11-13T19:54:07.597Z] INFO: Authentication successful for user: admin@example.com
[2025-11-13T19:54:07.599Z] INFO: Questions loaded successfully
[2025-11-13T19:54:07.612Z] INFO: Authentication successful for user: admin@example.com
[2025-11-13T19:54:07.615Z] INFO: Questions loaded successfully
[2025-11-13T19:54:07.630Z] INFO: Authentication successful for user: admin@example.com
[2025-11-13T19:54:07.631Z] INFO: Questions loaded successfully
[2025-11-13T19:54:07.649Z] INFO: Authentication successful for user: admin@example.com
[2025-11-13T19:54:07.650Z] INFO: Questions loaded successfully
[2025-11-13T19:54:07.667Z] INFO: Authentication successful for user: admin@example.com
[2025-11-13T19:54:07.668Z] INFO: Questions loaded successfully
[2025-11-13T19:54:07.684Z] INFO: Authentication successful for user: admin@example.com
[2025-11-13T19:54:07.685Z] INFO: Questions loaded successfully
[2025-11-13T19:54:07.702Z] INFO: Authentication successful for user: admin@example.com
[2025-11-13T19:54:07.703Z] INFO: Questions loaded successfully
[2025-11-13T19:54:07.721Z] INFO: Authentication successful for user: admin@example.com
[2025-11-13T19:54:07.722Z] INFO: Questions loaded successfully
[2025-11-13T19:54:07.743Z] INFO: Authentication successful for user: admin@example.com
[2025-11-13T19:54:07.744Z] INFO: Questions loaded successfully
[2025-11-13T19:54:07.768Z] INFO: Authentication successful for user: admin@example.com
[2025-11-13T19:54:07.769Z] INFO: Questions loaded successfully
[2025-11-13T19:54:07.791Z] INFO: Authentication successful for user: admin@example.com
[2025-11-13T19:54:07.792Z] INFO: Questions loaded successfully
[2025-11-13T19:54:07.817Z] INFO: Authentication successful for user: admin@example.com
[2025-11-13T19:54:07.818Z] INFO: Questions loaded successfully
[2025-11-13T19:54:07.843Z] INFO: Authentication successful for user: admin@example.com
[2025-11-13T19:54:07.844Z] INFO: Questions loaded successfully
[2025-11-13T19:54:07.864Z] INFO: Authentication successful for user: admin@example.com
[2025-11-13T19:54:07.865Z] INFO: Questions loaded successfully
[2025-11-13T19:54:07.889Z] INFO: Authentication successful for user: admin@example.com
[2025-11-13T19:54:07.891Z] INFO: Questions loaded successfully
[2025-11-13T19:54:07.908Z] INFO: Authentication successful for user: admin@example.com
[2025-11-13T19:54:07.909Z] INFO: Questions loaded successfully
[2025-11-13T19:54:07.929Z] INFO: Authentication successful for user: admin@example.com
[2025-11-13T19:54:07.930Z] INFO: Questions loaded successfully
[2025-11-13T19:54:07.947Z] INFO: Authentication successful for user: admin@example.com
[2025-11-13T19:54:07.948Z] INFO: Questions loaded successfully
[2025-11-13T19:54:07.965Z] INFO: Authentication successful for user: admin@example.com
[2025-11-13T19:54:07.966Z] INFO: Questions loaded successfully
[2025-11-13T19:54:07.990Z] INFO: Authentication successful for user: admin@example.com
[2025-11-13T19:54:07.991Z] INFO: Questions loaded successfully
[2025-11-13T19:54:08.019Z] INFO: Authentication successful for user: admin@example.com
[2025-11-13T19:54:08.021Z] INFO: Questions loaded successfully
[2025-11-13T19:54:08.039Z] INFO: Authentication successful for user: admin@example.com
[2025-11-13T19:54:08.040Z] INFO: Questions loaded successfully
[2025-11-13T19:54:08.057Z] INFO: Authentication successful for user: admin@example.com
[2025-11-13T19:54:08.058Z] INFO: Questions loaded successfully
[2025-11-13T19:54:08.077Z] INFO: Authentication successful for user: admin@example.com
[2025-11-13T19:54:08.078Z] INFO: Questions loaded successfully
[2025-11-13T19:54:08.097Z] INFO: Authentication successful for user: admin@example.com
[2025-11-13T19:54:08.098Z] INFO: Questions loaded successfully
[2025-11-13T19:54:08.111Z] INFO: Authentication successful for user: admin@example.com
[2025-11-13T19:54:08.112Z] INFO: Questions loaded successfully
[2025-11-13T19:54:08.125Z] INFO: Authentication successful for user: admin@example.com
[2025-11-13T19:54:08.126Z] INFO: Questions loaded successfully
[2025-11-13T19:54:08.143Z] INFO: Authentication successful for user: admin@example.com
[2025-11-13T19:54:08.144Z] INFO: Questions loaded successfully
[2025-11-13T19:54:08.159Z] INFO: Authentication successful for user: admin@example.com
[2025-11-13T19:54:08.160Z] INFO: Questions loaded successfully
[2025-11-13T19:54:08.176Z] INFO: Authentication successful for user: admin@example.com
[2025-11-13T19:54:08.177Z] INFO: Questions loaded successfully
[2025-11-13T19:54:08.204Z] INFO: Authentication successful for user: admin@example.com
[2025-11-13T19:54:08.205Z] INFO: Questions loaded successfully
[2025-11-13T19:54:08.216Z] INFO: Authentication successful for user: admin@example.com
[2025-11-13T19:54:08.217Z] INFO: Questions loaded successfully
[2025-11-13T19:54:08.240Z] INFO: Authentication successful for user: admin@example.com
[2025-11-13T19:54:08.241Z] INFO: Questions loaded successfully
[2025-11-13T19:54:08.250Z] INFO: Authentication successful for user: admin@example.com
[2025-11-13T19:54:08.251Z] INFO: Questions loaded successfully
[2025-11-13T19:54:08.268Z] INFO: Authentication successful for user: admin@example.com
[2025-11-13T19:54:08.269Z] INFO: Questions loaded successfully
[2025-11-13T19:54:08.288Z] INFO: Authentication successful for user: admin@example.com
[2025-11-13T19:54:08.289Z] INFO: Questions loaded successfully
[2025-11-13T19:54:08.299Z] INFO: Authentication successful for user: admin@example.com
[2025-11-13T19:54:08.300Z] INFO: Questions loaded successfully
[2025-11-13T19:54:08.316Z] INFO: Authentication successful for user: admin@example.com
[2025-11-13T19:54:08.317Z] INFO: Questions loaded successfully
[2025-11-13T19:54:08.330Z] INFO: Authentication successful for user: admin@example.com
[2025-11-13T19:54:08.331Z] INFO: Questions loaded successfully
[2025-11-13T19:54:08.344Z] INFO: Authentication successful for user: admin@example.com
[2025-11-13T19:54:08.345Z] INFO: Questions loaded successfully
[2025-11-13T19:54:08.359Z] INFO: Authentication successful for user: admin@example.com
[2025-11-13T19:54:08.360Z] INFO: Questions loaded successfully
[2025-11-13T19:54:08.375Z] INFO: Authentication successful for user: admin@example.com
[2025-11-13T19:54:08.376Z] INFO: Questions loaded successfully
[2025-11-13T19:54:08.389Z] INFO: Authentication successful for user: admin@example.com
[2025-11-13T19:54:08.390Z] INFO: Questions loaded successfully
[2025-11-13T19:54:08.406Z] INFO: Authentication successful for user: admin@example.com
[2025-11-13T19:54:08.407Z] INFO: Questions loaded successfully
[2025-11-13T19:54:08.427Z] INFO: Authentication successful for user: admin@example.com
[2025-11-13T19:54:08.428Z] INFO: Questions loaded successfully
[2025-11-13T19:54:08.437Z] INFO: Authentication successful for user: admin@example.com
[2025-11-13T19:54:08.438Z] INFO: Questions loaded successfully
[2025-11-13T19:54:08.457Z] INFO: Authentication successful for user: admin@example.com
[2025-11-13T19:54:08.458Z] INFO: Questions loaded successfully
[2025-11-13T19:54:08.473Z] INFO: Authentication successful for user: admin@example.com
[2025-11-13T19:54:08.474Z] INFO: Questions loaded successfully
[2025-11-13T19:54:08.489Z] INFO: Authentication successful for user: admin@example.com
[2025-11-13T19:54:08.490Z] INFO: Questions loaded successfully
[2025-11-13T19:54:08.504Z] INFO: Authentication successful for user: admin@example.com
[2025-11-13T19:54:08.505Z] INFO: Questions loaded successfully
[2025-11-13T19:54:08.520Z] INFO: Authentication successful for user: admin@example.com
[2025-11-13T19:54:08.521Z] INFO: Questions loaded successfully
[2025-11-13T19:54:08.536Z] INFO: Authentication successful for user: admin@example.com
[2025-11-13T19:54:08.537Z] INFO: Questions loaded successfully
[2025-11-13T19:54:08.552Z] INFO: Authentication successful for user: admin@example.com
[2025-11-13T19:54:08.553Z] INFO: Questions loaded successfully
[2025-11-13T19:54:08.566Z] INFO: Authentication successful for user: admin@example.com
[2025-11-13T19:54:08.567Z] INFO: Questions loaded successfully
[2025-11-13T19:54:08.582Z] INFO: Authentication successful for user: admin@example.com
[2025-11-13T19:54:08.583Z] INFO: Questions loaded successfully
[2025-11-13T19:54:08.598Z] INFO: Authentication successful for user: admin@example.com
[2025-11-13T19:54:08.599Z] INFO: Questions loaded successfully
[2025-11-13T19:54:08.613Z] INFO: Authentication successful for user: admin@example.com
[2025-11-13T19:54:08.614Z] INFO: Questions loaded successfully
[2025-11-13T19:54:08.628Z] INFO: Authentication successful for user: admin@example.com
[2025-11-13T19:54:08.629Z] INFO: Questions loaded successfully
[2025-11-13T19:54:08.644Z] INFO: Authentication successful for user: admin@example.com
[2025-11-13T19:54:08.645Z] INFO: Questions loaded successfully
[2025-11-13T19:54:08.660Z] INFO: Authentication successful for user: admin@example.com
[2025-11-13T19:54:08.661Z] INFO: Questions loaded successfully
[2025-11-13T19:54:08.671Z] INFO: Authentication successful for user: admin@example.com
[2025-11-13T19:54:08.672Z] INFO: Questions loaded successfully
[2025-11-13T19:54:08.687Z] INFO: Authentication successful for user: admin@example.com
[2025-11-13T19:54:08.688Z] INFO: Questions loaded successfully
[2025-11-13T19:54:08.709Z] INFO: Authentication successful for user: admin@example.com
[2025-11-13T19:54:08.710Z] INFO: Questions loaded successfully
[2025-11-13T19:54:08.722Z] INFO: Authentication successful for user: admin@example.com
[2025-11-13T19:54:08.723Z] INFO: Questions loaded successfully
[2025-11-13T19:54:08.737Z] INFO: Authentication successful for user: admin@example.com
[2025-11-13T19:54:08.738Z] INFO: Questions loaded successfully
[2025-11-13T19:54:08.753Z] INFO: Authentication successful for user: admin@example.com
[2025-11-13T19:54:08.754Z] INFO: Questions loaded successfully
[2025-11-13T19:54:08.772Z] INFO: Authentication successful for user: admin@example.com
[2025-11-13T19:54:08.773Z] INFO: Questions loaded successfully
[2025-11-13T19:54:08.782Z] INFO: Authentication successful for user: admin@example.com
[2025-11-13T19:54:08.783Z] INFO: Questions loaded successfully
[2025-11-13T19:54:08.797Z] INFO: Authentication successful for user: admin@example.com
[2025-11-13T19:54:08.798Z] INFO: Questions loaded successfully
[2025-11-13T19:54:08.815Z] INFO: Authentication successful for user: admin@example.com
[2025-11-13T19:54:08.816Z] INFO: Questions loaded successfully
[2025-11-13T19:54:08.827Z] INFO: Authentication successful for user: admin@example.com
[2025-11-13T19:54:08.828Z] INFO: Questions loaded successfully
[2025-11-13T19:54:08.855Z] INFO: Authentication successful for user: admin@example.com
[2025-11-13T19:54:08.856Z] INFO: Questions loaded successfully
[2025-11-13T19:54:08.867Z] INFO: Authentication successful for user: admin@example.com
[2025-11-13T19:54:08.868Z] INFO: Questions loaded successfully
[2025-11-13T19:54:08.891Z] INFO: Authentication successful for user: admin@example.com
[2025-11-13T19:54:08.892Z] INFO: Questions loaded successfully
[2025-11-13T19:54:08.900Z] INFO: Authentication successful for user: admin@example.com
[2025-11-13T19:54:08.901Z] INFO: Questions loaded successfully
[2025-11-13T19:54:08.916Z] INFO: Authentication successful for user: admin@example.com
[2025-11-13T19:54:08.917Z] INFO: Questions loaded successfully
[2025-11-13T19:54:08.930Z] INFO: Authentication successful for user: admin@example.com
[2025-11-13T19:54:08.931Z] INFO: Questions loaded successfully
[2025-11-13T19:54:08.943Z] INFO: Authentication successful for user: admin@example.com
[2025-11-13T19:54:08.944Z] INFO: Questions loaded successfully
[2025-11-13T19:54:08.955Z] INFO: Authentication successful for user: admin@example.com
[2025-11-13T19:54:08.956Z] INFO: Questions loaded successfully
[2025-11-13T19:54:08.971Z] INFO: Authentication successful for user: admin@example.com
[2025-11-13T19:54:08.972Z] INFO: Questions loaded successfully
[2025-11-13T19:54:08.986Z] INFO: Authentication successful for user: admin@example.com
[2025-11-13T19:54:08.987Z] INFO: Questions loaded successfully
[2025-11-13T19:54:08.998Z] INFO: Authentication successful for user: admin@example.com
[2025-11-13T19:54:08.999Z] INFO: Questions loaded successfully
[2025-11-13T19:54:09.024Z] INFO: Authentication successful for user: admin@example.com
[2025-11-13T19:54:09.025Z] INFO: Questions loaded successfully
[2025-11-13T19:54:09.043Z] INFO: Authentication successful for user: admin@example.com
[2025-11-13T19:54:09.044Z] INFO: Questions loaded successfully
[2025-11-13T19:54:09.055Z] INFO: Authentication successful for user: admin@example.com
[2025-11-13T19:54:09.056Z] INFO: Questions loaded successfully
[2025-11-13T19:54:09.069Z] INFO: Authentication successful for user: admin@example.com
[2025-11-13T19:54:09.070Z] INFO: Questions loaded successfully
[2025-11-13T19:54:09.084Z] INFO: Authentication successful for user: admin@example.com
[2025-11-13T19:54:09.085Z] INFO: Questions loaded successfully
[2025-11-13T19:54:09.098Z] INFO: Authentication successful for user: admin@example.com
[2025-11-13T19:54:09.100Z] INFO: Questions loaded successfully
[2025-11-13T19:54:09.119Z] INFO: Authentication successful for user: admin@example.com
[2025-11-13T19:54:09.121Z] INFO: Questions loaded successfully
[2025-11-13T19:54:09.130Z] INFO: Authentication successful for user: admin@example.com
[2025-11-13T19:54:09.131Z] INFO: Questions loaded successfully
[2025-11-13T19:54:09.145Z] INFO: Authentication successful for user: admin@example.com
[2025-11-13T19:54:09.146Z] INFO: Questions loaded successfully
[2025-11-13T19:54:09.158Z] INFO: Authentication successful for user: admin@example.com
[2025-11-13T19:54:09.159Z] INFO: Questions loaded successfully
[2025-11-13T19:54:09.175Z] INFO: Authentication successful for user: admin@example.com
[2025-11-13T19:54:09.176Z] INFO: Questions loaded successfully
[2025-11-13T19:54:09.191Z] INFO: Authentication successful for user: admin@example.com
[2025-11-13T19:54:09.192Z] INFO: Questions loaded successfully
[2025-11-13T19:54:09.204Z] INFO: Authentication successful for user: admin@example.com
[2025-11-13T19:54:09.205Z] INFO: Questions loaded successfully
[2025-11-13T19:54:09.215Z] INFO: Authentication successful for user: admin@example.com
[2025-11-13T19:54:09.216Z] INFO: Questions loaded successfully
[2025-11-13T19:54:09.231Z] INFO: Authentication successful for user: admin@example.com
[2025-11-13T19:54:09.232Z] INFO: Questions loaded successfully
[2025-11-13T19:54:09.248Z] INFO: Authentication successful for user: admin@example.com
[2025-11-13T19:54:09.253Z] INFO: Questions loaded successfully
[2025-11-13T19:54:09.265Z] INFO: Authentication successful for user: admin@example.com
[2025-11-13T19:54:09.266Z] INFO: Questions loaded successfully
[2025-11-13T19:54:09.291Z] INFO: Authentication successful for user: admin@example.com
[2025-11-13T19:54:09.293Z] INFO: Questions loaded successfully
[2025-11-13T19:54:09.328Z] INFO: Authentication successful for user: admin@example.com
[2025-11-13T19:54:09.329Z] INFO: Questions loaded successfully
[2025-11-13T19:54:09.334Z] INFO: Authentication successful for user: admin@example.com
[2025-11-13T19:54:09.339Z] INFO: Questions loaded successfully
[2025-11-13T19:54:09.359Z] INFO: Authentication successful for user: admin@example.com
[2025-11-13T19:54:09.360Z] INFO: Questions loaded successfully
[2025-11-13T19:54:09.375Z] INFO: Authentication successful for user: admin@example.com
[2025-11-13T19:54:09.376Z] INFO: Questions loaded successfully
[2025-11-13T19:54:09.389Z] INFO: Authentication successful for user: admin@example.com
[2025-11-13T19:54:09.389Z] INFO: Questions loaded successfully
[2025-11-13T19:54:09.405Z] INFO: Authentication successful for user: admin@example.com
[2025-11-13T19:54:09.406Z] INFO: Questions loaded successfully
[2025-11-13T19:54:09.418Z] INFO: Authentication successful for user: admin@example.com
[2025-11-13T19:54:09.418Z] INFO: Questions loaded successfully
[2025-11-13T19:54:09.436Z] INFO: Authentication successful for user: admin@example.com
[2025-11-13T19:54:09.437Z] INFO: Questions loaded successfully
[2025-11-13T19:54:09.450Z] INFO: Authentication successful for user: admin@example.com
[2025-11-13T19:54:09.451Z] INFO: Questions loaded successfully
[2025-11-13T19:54:09.472Z] INFO: Authentication successful for user: admin@example.com
[2025-11-13T19:54:09.473Z] INFO: Questions loaded successfully
[2025-11-13T19:54:09.483Z] INFO: Authentication successful for user: admin@example.com
[2025-11-13T19:54:09.484Z] INFO: Questions loaded successfully
[2025-11-13T19:54:09.498Z] INFO: Authentication successful for user: admin@example.com
[2025-11-13T19:54:09.499Z] INFO: Questions loaded successfully
[2025-11-13T19:54:09.513Z] INFO: Authentication successful for user: admin@example.com
[2025-11-13T19:54:09.514Z] INFO: Questions loaded successfully
[2025-11-13T19:54:09.531Z] INFO: Authentication successful for user: admin@example.com
[2025-11-13T19:54:09.532Z] INFO: Questions loaded successfully
[2025-11-13T19:54:09.546Z] INFO: Authentication successful for user: admin@example.com
[2025-11-13T19:54:09.547Z] INFO: Questions loaded successfully
[2025-11-13T19:54:09.561Z] INFO: Authentication successful for user: admin@example.com
[2025-11-13T19:54:09.562Z] INFO: Questions loaded successfully
[2025-11-13T19:54:09.577Z] INFO: Authentication successful for user: admin@example.com
[2025-11-13T19:54:09.580Z] INFO: Questions loaded successfully
[2025-11-13T19:54:09.593Z] INFO: Authentication successful for user: admin@example.com
[2025-11-13T19:54:09.594Z] INFO: Questions loaded successfully
[2025-11-13T19:54:09.618Z] INFO: Authentication successful for user: admin@example.com
[2025-11-13T19:54:09.619Z] INFO: Questions loaded successfully
[2025-11-13T19:54:09.628Z] INFO: Authentication successful for user: admin@example.com
[2025-11-13T19:54:09.629Z] INFO: Questions loaded successfully
[2025-11-13T19:54:09.642Z] INFO: Authentication successful for user: admin@example.com
[2025-11-13T19:54:09.643Z] INFO: Questions loaded successfully
[2025-11-13T19:54:09.660Z] INFO: Authentication successful for user: admin@example.com
[2025-11-13T19:54:09.661Z] INFO: Questions loaded successfully
[2025-11-13T19:54:09.673Z] INFO: Authentication successful for user: admin@example.com
[2025-11-13T19:54:09.673Z] INFO: Questions loaded successfully
[2025-11-13T19:54:09.683Z] INFO: Authentication successful for user: admin@example.com
[2025-11-13T19:54:09.687Z] INFO: Questions loaded successfully
[2025-11-13T19:54:09.701Z] INFO: Authentication successful for user: admin@example.com
[2025-11-13T19:54:09.702Z] INFO: Questions loaded successfully
[2025-11-13T19:54:09.715Z] INFO: Authentication successful for user: admin@example.com
[2025-11-13T19:54:09.716Z] INFO: Questions loaded successfully
[2025-11-13T19:54:09.731Z] INFO: Authentication successful for user: admin@example.com
[2025-11-13T19:54:09.732Z] INFO: Questions loaded successfully
[2025-11-13T19:54:09.741Z] INFO: Authentication successful for user: admin@example.com
[2025-11-13T19:54:09.744Z] INFO: Questions loaded successfully
[2025-11-13T19:54:09.757Z] INFO: Authentication successful for user: admin@example.com
[2025-11-13T19:54:09.757Z] INFO: Questions loaded successfully
[2025-11-13T19:54:09.774Z] INFO: Authentication successful for user: admin@example.com
[2025-11-13T19:54:09.775Z] INFO: Questions loaded successfully
[2025-11-13T19:54:09.788Z] INFO: Authentication successful for user: admin@example.com
[2025-11-13T19:54:09.788Z] INFO: Questions loaded successfully
[2025-11-13T19:54:09.803Z] INFO: Authentication successful for user: admin@example.com
[2025-11-13T19:54:09.804Z] INFO: Questions loaded successfully
[2025-11-13T19:54:09.820Z] INFO: Authentication successful for user: admin@example.com
[2025-11-13T19:54:09.821Z] INFO: Questions loaded successfully
[2025-11-13T19:54:09.832Z] INFO: Authentication successful for user: admin@example.com
[2025-11-13T19:54:09.833Z] INFO: Questions loaded successfully
[2025-11-13T19:54:09.847Z] INFO: Authentication successful for user: admin@example.com
[2025-11-13T19:54:09.848Z] INFO: Questions loaded successfully
[2025-11-13T19:54:09.864Z] INFO: Authentication successful for user: admin@example.com
[2025-11-13T19:54:09.865Z] INFO: Questions loaded successfully
[2025-11-13T19:54:09.874Z] INFO: Authentication successful for user: admin@example.com
[2025-11-13T19:54:09.875Z] INFO: Questions loaded successfully
[2025-11-13T19:54:09.887Z] INFO: Authentication successful for user: admin@example.com
[2025-11-13T19:54:09.888Z] INFO: Questions loaded successfully
[2025-11-13T19:54:09.902Z] INFO: Authentication successful for user: admin@example.com
[2025-11-13T19:54:09.903Z] INFO: Questions loaded successfully
[2025-11-13T19:54:09.916Z] INFO: Authentication successful for user: admin@example.com
[2025-11-13T19:54:09.917Z] INFO: Questions loaded successfully
[2025-11-13T19:54:09.931Z] INFO: Authentication successful for user: admin@example.com
[2025-11-13T19:54:09.932Z] INFO: Questions loaded successfully
[2025-11-13T19:54:09.946Z] INFO: Authentication successful for user: admin@example.com
[2025-11-13T19:54:09.947Z] INFO: Questions loaded successfully
[2025-11-13T19:54:09.961Z] INFO: Authentication successful for user: admin@example.com
[2025-11-13T19:54:09.961Z] INFO: Questions loaded successfully
[2025-11-13T19:54:09.977Z] INFO: Authentication successful for user: admin@example.com
[2025-11-13T19:54:09.978Z] INFO: Questions loaded successfully
[2025-11-13T19:54:09.997Z] INFO: Authentication successful for user: admin@example.com
[2025-11-13T19:54:09.998Z] INFO: Questions loaded successfully
[2025-11-13T19:54:10.005Z] INFO: Authentication successful for user: admin@example.com
[2025-11-13T19:54:10.006Z] INFO: Questions loaded successfully
[2025-11-13T19:54:10.020Z] INFO: Authentication successful for user: admin@example.com
[2025-11-13T19:54:10.022Z] INFO: Questions loaded successfully
[2025-11-13T19:54:10.036Z] INFO: Authentication successful for user: admin@example.com
[2025-11-13T19:54:10.037Z] INFO: Questions loaded successfully
[2025-11-13T19:54:25.509Z] INFO: MySQL Database connected successfully!
[2025-11-13T19:54:25.520Z] INFO: Server listening at 5000
[2025-11-13T19:54:37.899Z] INFO: Authentication successful for user: admin@example.com
[2025-11-13T19:54:37.905Z] INFO: Questions loaded successfully
[2025-11-13T19:54:37.914Z] INFO: Authentication successful for user: admin@example.com
[2025-11-13T19:54:37.916Z] INFO: Questions loaded successfully
[2025-11-13T19:57:16.935Z] INFO: Login attempt: email=admin@example.com
[2025-11-13T19:57:17.000Z] INFO: Login successful: email=admin@example.com, id=3
[2025-11-13T19:57:17.024Z] INFO: Authentication successful for user: admin@example.com
[2025-11-13T19:57:17.026Z] INFO: Questions loaded successfully
[2025-11-13T19:57:17.031Z] INFO: Authentication successful for user: admin@example.com
[2025-11-13T19:57:17.033Z] INFO: Questions loaded successfully
[2025-11-13T19:57:17.051Z] INFO: Authentication successful for user: admin@example.com
[2025-11-13T19:57:17.052Z] INFO: Questions loaded successfully
[2025-11-13T19:57:17.060Z] INFO: Authentication successful for user: admin@example.com
[2025-11-13T19:57:17.061Z] INFO: Questions loaded successfully
[2025-11-13T19:57:17.072Z] INFO: Authentication successful for user: admin@example.com
[2025-11-13T19:57:17.074Z] INFO: Questions loaded successfully
[2025-11-13T19:57:17.090Z] INFO: Authentication successful for user: admin@example.com
[2025-11-13T19:57:17.092Z] INFO: Questions loaded successfully
[2025-11-13T19:57:17.096Z] INFO: Authentication successful for user: admin@example.com
[2025-11-13T19:57:17.097Z] INFO: Questions loaded successfully
[2025-11-13T19:57:17.112Z] INFO: Authentication successful for user: admin@example.com
[2025-11-13T19:57:17.113Z] INFO: Questions loaded successfully
[2025-11-13T19:57:17.118Z] INFO: Authentication successful for user: admin@example.com
[2025-11-13T19:57:17.120Z] INFO: Questions loaded successfully
[2025-11-13T19:57:17.129Z] INFO: Authentication successful for user: admin@example.com
[2025-11-13T19:57:17.130Z] INFO: Questions loaded successfully
[2025-11-13T19:57:17.138Z] INFO: Authentication successful for user: admin@example.com
[2025-11-13T19:57:17.139Z] INFO: Questions loaded successfully
[2025-11-13T19:57:17.148Z] INFO: Authentication successful for user: admin@example.com
[2025-11-13T19:57:17.149Z] INFO: Questions loaded successfully
[2025-11-13T19:57:17.158Z] INFO: Authentication successful for user: admin@example.com
[2025-11-13T19:57:17.159Z] INFO: Questions loaded successfully
[2025-11-13T19:57:17.167Z] INFO: Authentication successful for user: admin@example.com
[2025-11-13T19:57:17.168Z] INFO: Questions loaded successfully
[2025-11-13T19:57:17.180Z] INFO: Authentication successful for user: admin@example.com
[2025-11-13T19:57:17.181Z] INFO: Questions loaded successfully
[2025-11-13T19:57:17.191Z] INFO: Authentication successful for user: admin@example.com
[2025-11-13T19:57:17.192Z] INFO: Questions loaded successfully
[2025-11-13T19:57:17.199Z] INFO: Authentication successful for user: admin@example.com
[2025-11-13T19:57:17.201Z] INFO: Questions loaded successfully
[2025-11-13T19:57:17.213Z] INFO: Authentication successful for user: admin@example.com
[2025-11-13T19:57:17.214Z] INFO: Questions loaded successfully
[2025-11-13T19:57:17.224Z] INFO: Authentication successful for user: admin@example.com
[2025-11-13T19:57:17.225Z] INFO: Questions loaded successfully
[2025-11-13T19:57:17.232Z] INFO: Authentication successful for user: admin@example.com
[2025-11-13T19:57:17.233Z] INFO: Questions loaded successfully
[2025-11-13T19:57:17.243Z] INFO: Authentication successful for user: admin@example.com
[2025-11-13T19:57:17.244Z] INFO: Questions loaded successfully
[2025-11-13T19:57:17.256Z] INFO: Authentication successful for user: admin@example.com
[2025-11-13T19:57:17.258Z] INFO: Questions loaded successfully
[2025-11-13T19:57:17.263Z] INFO: Authentication successful for user: admin@example.com
[2025-11-13T19:57:17.264Z] INFO: Questions loaded successfully
[2025-11-13T19:57:17.274Z] INFO: Authentication successful for user: admin@example.com
[2025-11-13T19:57:17.275Z] INFO: Questions loaded successfully
[2025-11-13T19:57:17.285Z] INFO: Authentication successful for user: admin@example.com
[2025-11-13T19:57:17.286Z] INFO: Questions loaded successfully
[2025-11-13T19:57:17.295Z] INFO: Authentication successful for user: admin@example.com
[2025-11-13T19:57:17.296Z] INFO: Questions loaded successfully
[2025-11-13T19:57:17.305Z] INFO: Authentication successful for user: admin@example.com
[2025-11-13T19:57:17.307Z] INFO: Questions loaded successfully
[2025-11-13T19:57:17.318Z] INFO: Authentication successful for user: admin@example.com
[2025-11-13T19:57:17.319Z] INFO: Questions loaded successfully
[2025-11-13T19:57:17.329Z] INFO: Authentication successful for user: admin@example.com
[2025-11-13T19:57:17.331Z] INFO: Questions loaded successfully
[2025-11-13T19:57:17.339Z] INFO: Authentication successful for user: admin@example.com
[2025-11-13T19:57:17.340Z] INFO: Questions loaded successfully
[2025-11-13T19:57:17.346Z] INFO: Authentication successful for user: admin@example.com
[2025-11-13T19:57:17.347Z] INFO: Questions loaded successfully
[2025-11-13T19:57:17.356Z] INFO: Authentication successful for user: admin@example.com
[2025-11-13T19:57:17.357Z] INFO: Questions loaded successfully
[2025-11-13T19:57:17.365Z] INFO: Authentication successful for user: admin@example.com
[2025-11-13T19:57:17.367Z] INFO: Questions loaded successfully
[2025-11-13T19:57:17.379Z] INFO: Authentication successful for user: admin@example.com
[2025-11-13T19:57:17.381Z] INFO: Questions loaded successfully
[2025-11-13T19:57:17.399Z] INFO: Authentication successful for user: admin@example.com
[2025-11-13T19:57:17.403Z] INFO: Questions loaded successfully
[2025-11-13T19:57:17.412Z] INFO: Authentication successful for user: admin@example.com
[2025-11-13T19:57:17.413Z] INFO: Questions loaded successfully
[2025-11-13T19:57:17.425Z] INFO: Authentication successful for user: admin@example.com
[2025-11-13T19:57:17.426Z] INFO: Questions loaded successfully
[2025-11-13T19:57:17.442Z] INFO: Authentication successful for user: admin@example.com
[2025-11-13T19:57:17.443Z] INFO: Questions loaded successfully
[2025-11-13T19:57:17.448Z] INFO: Authentication successful for user: admin@example.com
[2025-11-13T19:57:17.449Z] INFO: Questions loaded successfully
[2025-11-13T19:57:17.459Z] INFO: Authentication successful for user: admin@example.com
[2025-11-13T19:57:17.460Z] INFO: Questions loaded successfully
[2025-11-13T19:57:17.468Z] INFO: Authentication successful for user: admin@example.com
[2025-11-13T19:57:17.469Z] INFO: Questions loaded successfully
[2025-11-13T19:57:17.478Z] INFO: Authentication successful for user: admin@example.com
[2025-11-13T19:57:17.480Z] INFO: Questions loaded successfully
[2025-11-13T19:57:17.488Z] INFO: Authentication successful for user: admin@example.com
[2025-11-13T19:57:17.489Z] INFO: Questions loaded successfully
[2025-11-13T19:57:17.496Z] INFO: Authentication successful for user: admin@example.com
[2025-11-13T19:57:17.497Z] INFO: Questions loaded successfully
[2025-11-13T19:57:17.506Z] INFO: Authentication successful for user: admin@example.com
[2025-11-13T19:57:17.507Z] INFO: Questions loaded successfully
[2025-11-13T19:57:17.518Z] INFO: Authentication successful for user: admin@example.com
[2025-11-13T19:57:17.518Z] INFO: Questions loaded successfully
[2025-11-13T19:57:17.527Z] INFO: Authentication successful for user: admin@example.com
[2025-11-13T19:57:17.528Z] INFO: Questions loaded successfully
[2025-11-13T19:57:17.537Z] INFO: Authentication successful for user: admin@example.com
[2025-11-13T19:57:17.538Z] INFO: Questions loaded successfully
[2025-11-13T19:57:17.547Z] INFO: Authentication successful for user: admin@example.com
[2025-11-13T19:57:17.548Z] INFO: Questions loaded successfully
[2025-11-13T19:57:17.559Z] INFO: Authentication successful for user: admin@example.com
[2025-11-13T19:57:17.559Z] INFO: Questions loaded successfully
[2025-11-13T19:57:17.571Z] INFO: Authentication successful for user: admin@example.com
[2025-11-13T19:57:17.572Z] INFO: Questions loaded successfully
[2025-11-13T19:57:17.579Z] INFO: Authentication successful for user: admin@example.com
[2025-11-13T19:57:17.580Z] INFO: Questions loaded successfully
[2025-11-13T19:57:17.590Z] INFO: Authentication successful for user: admin@example.com
[2025-11-13T19:57:17.591Z] INFO: Questions loaded successfully
[2025-11-13T19:57:17.599Z] INFO: Authentication successful for user: admin@example.com
[2025-11-13T19:57:17.601Z] INFO: Questions loaded successfully
[2025-11-13T19:57:17.611Z] INFO: Authentication successful for user: admin@example.com
[2025-11-13T19:57:17.613Z] INFO: Questions loaded successfully
[2025-11-13T19:57:17.622Z] INFO: Authentication successful for user: admin@example.com
[2025-11-13T19:57:17.623Z] INFO: Questions loaded successfully
[2025-11-13T19:57:17.629Z] INFO: Authentication successful for user: admin@example.com
[2025-11-13T19:57:17.630Z] INFO: Questions loaded successfully
[2025-11-13T19:57:17.640Z] INFO: Authentication successful for user: admin@example.com
[2025-11-13T19:57:17.642Z] INFO: Questions loaded successfully
[2025-11-13T19:57:17.652Z] INFO: Authentication successful for user: admin@example.com
[2025-11-13T19:57:17.653Z] INFO: Questions loaded successfully
[2025-11-13T19:57:17.668Z] INFO: Authentication successful for user: admin@example.com
[2025-11-13T19:57:17.669Z] INFO: Questions loaded successfully
[2025-11-13T19:57:17.678Z] INFO: Authentication successful for user: admin@example.com
[2025-11-13T19:57:17.679Z] INFO: Questions loaded successfully
[2025-11-13T19:57:17.691Z] INFO: Authentication successful for user: admin@example.com
[2025-11-13T19:57:17.692Z] INFO: Questions loaded successfully
[2025-11-13T19:57:17.700Z] INFO: Authentication successful for user: admin@example.com
[2025-11-13T19:57:17.701Z] INFO: Questions loaded successfully
[2025-11-13T19:57:17.709Z] INFO: Authentication successful for user: admin@example.com
[2025-11-13T19:57:17.710Z] INFO: Questions loaded successfully
[2025-11-13T19:57:17.715Z] INFO: Authentication successful for user: admin@example.com
[2025-11-13T19:57:17.716Z] INFO: Questions loaded successfully
[2025-11-13T19:57:17.725Z] INFO: Authentication successful for user: admin@example.com
[2025-11-13T19:57:17.727Z] INFO: Questions loaded successfully
[2025-11-13T19:57:17.734Z] INFO: Authentication successful for user: admin@example.com
[2025-11-13T19:57:17.735Z] INFO: Questions loaded successfully
[2025-11-13T19:57:17.750Z] INFO: Authentication successful for user: admin@example.com
[2025-11-13T19:57:17.751Z] INFO: Questions loaded successfully
[2025-11-13T19:57:17.759Z] INFO: Authentication successful for user: admin@example.com
[2025-11-13T19:57:17.760Z] INFO: Questions loaded successfully
[2025-11-13T19:57:17.768Z] INFO: Authentication successful for user: admin@example.com
[2025-11-13T19:57:17.769Z] INFO: Questions loaded successfully
[2025-11-13T19:57:17.778Z] INFO: Authentication successful for user: admin@example.com
[2025-11-13T19:57:17.779Z] INFO: Questions loaded successfully
[2025-11-13T19:57:17.786Z] INFO: Authentication successful for user: admin@example.com
[2025-11-13T19:57:17.788Z] INFO: Questions loaded successfully
[2025-11-13T19:57:17.797Z] INFO: Authentication successful for user: admin@example.com
[2025-11-13T19:57:17.798Z] INFO: Questions loaded successfully
[2025-11-13T19:57:17.806Z] INFO: Authentication successful for user: admin@example.com
[2025-11-13T19:57:17.807Z] INFO: Questions loaded successfully
[2025-11-13T19:57:17.815Z] INFO: Authentication successful for user: admin@example.com
[2025-11-13T19:57:17.817Z] INFO: Questions loaded successfully
[2025-11-13T19:57:17.826Z] INFO: Authentication successful for user: admin@example.com
[2025-11-13T19:57:17.827Z] INFO: Questions loaded successfully
[2025-11-13T19:57:17.836Z] INFO: Authentication successful for user: admin@example.com
[2025-11-13T19:57:17.837Z] INFO: Questions loaded successfully
[2025-11-13T19:57:17.848Z] INFO: Authentication successful for user: admin@example.com
[2025-11-13T19:57:17.849Z] INFO: Questions loaded successfully
[2025-11-13T19:57:17.857Z] INFO: Authentication successful for user: admin@example.com
[2025-11-13T19:57:17.858Z] INFO: Questions loaded successfully
[2025-11-13T19:57:17.865Z] INFO: Authentication successful for user: admin@example.com
[2025-11-13T19:57:17.866Z] INFO: Questions loaded successfully
[2025-11-13T19:57:17.875Z] INFO: Authentication successful for user: admin@example.com
[2025-11-13T19:57:17.876Z] INFO: Questions loaded successfully
[2025-11-13T19:57:17.886Z] INFO: Authentication successful for user: admin@example.com
[2025-11-13T19:57:17.887Z] INFO: Questions loaded successfully
[2025-11-13T19:57:17.894Z] INFO: Authentication successful for user: admin@example.com
[2025-11-13T19:57:17.895Z] INFO: Questions loaded successfully
[2025-11-13T19:57:17.908Z] INFO: Authentication successful for user: admin@example.com
[2025-11-13T19:57:17.909Z] INFO: Questions loaded successfully
[2025-11-13T19:57:17.918Z] INFO: Authentication successful for user: admin@example.com
[2025-11-13T19:57:17.919Z] INFO: Questions loaded successfully
[2025-11-13T19:57:17.928Z] INFO: Authentication successful for user: admin@example.com
[2025-11-13T19:57:17.929Z] INFO: Questions loaded successfully
[2025-11-13T19:57:17.938Z] INFO: Authentication successful for user: admin@example.com
[2025-11-13T19:57:17.939Z] INFO: Questions loaded successfully
[2025-11-13T19:57:17.953Z] INFO: Authentication successful for user: admin@example.com
[2025-11-13T19:57:17.954Z] INFO: Questions loaded successfully
[2025-11-13T19:57:17.967Z] INFO: Authentication successful for user: admin@example.com
[2025-11-13T19:57:17.968Z] INFO: Questions loaded successfully
[2025-11-13T19:57:17.973Z] INFO: Authentication successful for user: admin@example.com
[2025-11-13T19:57:17.974Z] INFO: Questions loaded successfully
[2025-11-13T19:57:17.984Z] INFO: Authentication successful for user: admin@example.com
[2025-11-13T19:57:17.985Z] INFO: Questions loaded successfully
[2025-11-13T19:57:17.996Z] INFO: Authentication successful for user: admin@example.com
[2025-11-13T19:57:17.997Z] INFO: Questions loaded successfully
[2025-11-13T19:57:18.005Z] INFO: Authentication successful for user: admin@example.com
[2025-11-13T19:57:18.006Z] INFO: Questions loaded successfully
[2025-11-13T19:57:18.014Z] INFO: Authentication successful for user: admin@example.com
[2025-11-13T19:57:18.015Z] INFO: Questions loaded successfully
[2025-11-13T19:57:18.026Z] INFO: Authentication successful for user: admin@example.com
[2025-11-13T19:57:18.027Z] INFO: Questions loaded successfully
[2025-11-13T19:57:18.040Z] INFO: Authentication successful for user: admin@example.com
[2025-11-13T19:57:18.041Z] INFO: Questions loaded successfully
[2025-11-13T19:57:18.052Z] INFO: Authentication successful for user: admin@example.com
[2025-11-13T19:57:18.053Z] INFO: Questions loaded successfully
[2025-11-13T19:57:18.062Z] INFO: Authentication successful for user: admin@example.com
[2025-11-13T19:57:18.063Z] INFO: Questions loaded successfully
[2025-11-13T19:57:18.071Z] INFO: Authentication successful for user: admin@example.com
[2025-11-13T19:57:18.085Z] INFO: Questions loaded successfully
[2025-11-13T19:57:18.091Z] INFO: Authentication successful for user: admin@example.com
[2025-11-13T19:57:18.092Z] INFO: Questions loaded successfully
[2025-11-13T19:57:18.101Z] INFO: Authentication successful for user: admin@example.com
[2025-11-13T19:57:18.102Z] INFO: Questions loaded successfully
[2025-11-13T19:57:18.118Z] INFO: Authentication successful for user: admin@example.com
[2025-11-13T19:57:18.119Z] INFO: Questions loaded successfully
[2025-11-13T19:57:18.125Z] INFO: Authentication successful for user: admin@example.com
[2025-11-13T19:57:18.126Z] INFO: Questions loaded successfully
[2025-11-13T19:57:18.137Z] INFO: Authentication successful for user: admin@example.com
[2025-11-13T19:57:18.138Z] INFO: Questions loaded successfully
[2025-11-13T19:57:18.146Z] INFO: Authentication successful for user: admin@example.com
[2025-11-13T19:57:18.147Z] INFO: Questions loaded successfully
[2025-11-13T19:57:18.158Z] INFO: Authentication successful for user: admin@example.com
[2025-11-13T19:57:18.159Z] INFO: Questions loaded successfully
[2025-11-13T19:57:18.167Z] INFO: Authentication successful for user: admin@example.com
[2025-11-13T19:57:18.169Z] INFO: Questions loaded successfully
[2025-11-13T19:57:18.177Z] INFO: Authentication successful for user: admin@example.com
[2025-11-13T19:57:18.178Z] INFO: Questions loaded successfully
[2025-11-13T19:57:18.191Z] INFO: Authentication successful for user: admin@example.com
[2025-11-13T19:57:18.192Z] INFO: Questions loaded successfully
[2025-11-13T19:57:18.202Z] INFO: Authentication successful for user: admin@example.com
[2025-11-13T19:57:18.203Z] INFO: Questions loaded successfully
[2025-11-13T19:57:18.222Z] INFO: Authentication successful for user: admin@example.com
[2025-11-13T19:57:18.223Z] INFO: Questions loaded successfully
[2025-11-13T19:57:18.234Z] INFO: Authentication successful for user: admin@example.com
[2025-11-13T19:57:18.235Z] INFO: Questions loaded successfully
[2025-11-13T19:57:18.251Z] INFO: Authentication successful for user: admin@example.com
[2025-11-13T19:57:18.252Z] INFO: Questions loaded successfully
[2025-11-13T19:57:18.261Z] INFO: Authentication successful for user: admin@example.com
[2025-11-13T19:57:18.262Z] INFO: Questions loaded successfully
[2025-11-13T19:57:18.272Z] INFO: Authentication successful for user: admin@example.com
[2025-11-13T19:57:18.273Z] INFO: Questions loaded successfully
[2025-11-13T19:57:18.286Z] INFO: Authentication successful for user: admin@example.com
[2025-11-13T19:57:18.287Z] INFO: Questions loaded successfully
[2025-11-13T19:57:18.306Z] INFO: Authentication successful for user: admin@example.com
[2025-11-13T19:57:18.307Z] INFO: Questions loaded successfully
[2025-11-13T19:57:18.319Z] INFO: Authentication successful for user: admin@example.com
[2025-11-13T19:57:18.320Z] INFO: Questions loaded successfully
[2025-11-13T19:57:18.327Z] INFO: Authentication successful for user: admin@example.com
[2025-11-13T19:57:18.328Z] INFO: Questions loaded successfully
[2025-11-13T19:57:18.337Z] INFO: Authentication successful for user: admin@example.com
[2025-11-13T19:57:18.338Z] INFO: Questions loaded successfully
[2025-11-13T19:57:18.350Z] INFO: Authentication successful for user: admin@example.com
[2025-11-13T19:57:18.351Z] INFO: Questions loaded successfully
[2025-11-13T19:57:18.359Z] INFO: Authentication successful for user: admin@example.com
[2025-11-13T19:57:18.360Z] INFO: Questions loaded successfully
[2025-11-13T19:57:18.370Z] INFO: Authentication successful for user: admin@example.com
[2025-11-13T19:57:18.371Z] INFO: Questions loaded successfully
[2025-11-13T19:57:18.379Z] INFO: Authentication successful for user: admin@example.com
[2025-11-13T19:57:18.381Z] INFO: Questions loaded successfully
[2025-11-13T19:57:18.389Z] INFO: Authentication successful for user: admin@example.com
[2025-11-13T19:57:18.390Z] INFO: Questions loaded successfully
[2025-11-13T19:57:18.401Z] INFO: Authentication successful for user: admin@example.com
[2025-11-13T19:57:18.402Z] INFO: Questions loaded successfully
[2025-11-13T19:57:18.411Z] INFO: Authentication successful for user: admin@example.com
[2025-11-13T19:57:18.412Z] INFO: Questions loaded successfully
[2025-11-13T19:57:18.421Z] INFO: Authentication successful for user: admin@example.com
[2025-11-13T19:57:18.422Z] INFO: Questions loaded successfully
[2025-11-13T19:57:18.436Z] INFO: Authentication successful for user: admin@example.com
[2025-11-13T19:57:18.436Z] INFO: Questions loaded successfully
[2025-11-13T19:57:18.448Z] INFO: Authentication successful for user: admin@example.com
[2025-11-13T19:57:18.449Z] INFO: Questions loaded successfully
[2025-11-13T19:57:18.461Z] INFO: Authentication successful for user: admin@example.com
[2025-11-13T19:57:18.462Z] INFO: Questions loaded successfully
[2025-11-13T19:57:18.471Z] INFO: Authentication successful for user: admin@example.com
[2025-11-13T19:57:18.472Z] INFO: Questions loaded successfully
[2025-11-13T19:57:18.483Z] INFO: Authentication successful for user: admin@example.com
[2025-11-13T19:57:18.483Z] INFO: Questions loaded successfully
[2025-11-13T19:57:18.492Z] INFO: Authentication successful for user: admin@example.com
[2025-11-13T19:57:18.492Z] INFO: Questions loaded successfully
[2025-11-13T19:57:18.501Z] INFO: Authentication successful for user: admin@example.com
[2025-11-13T19:57:18.502Z] INFO: Questions loaded successfully
[2025-11-13T19:57:18.511Z] INFO: Authentication successful for user: admin@example.com
[2025-11-13T19:57:18.512Z] INFO: Questions loaded successfully
[2025-11-13T19:57:18.521Z] INFO: Authentication successful for user: admin@example.com
[2025-11-13T19:57:18.522Z] INFO: Questions loaded successfully
[2025-11-13T19:57:18.535Z] INFO: Authentication successful for user: admin@example.com
[2025-11-13T19:57:18.536Z] INFO: Questions loaded successfully
[2025-11-13T19:57:18.550Z] INFO: Authentication successful for user: admin@example.com
[2025-11-13T19:57:18.551Z] INFO: Questions loaded successfully
[2025-11-13T19:57:18.558Z] INFO: Authentication successful for user: admin@example.com
[2025-11-13T19:57:18.559Z] INFO: Questions loaded successfully
[2025-11-13T19:57:18.570Z] INFO: Authentication successful for user: admin@example.com
[2025-11-13T19:57:18.571Z] INFO: Questions loaded successfully
[2025-11-13T19:57:18.577Z] INFO: Authentication successful for user: admin@example.com
[2025-11-13T19:57:18.577Z] INFO: Questions loaded successfully
[2025-11-13T19:57:18.587Z] INFO: Authentication successful for user: admin@example.com
[2025-11-13T19:57:18.589Z] INFO: Questions loaded successfully
[2025-11-13T19:57:18.597Z] INFO: Authentication successful for user: admin@example.com
[2025-11-13T19:57:18.598Z] INFO: Questions loaded successfully
[2025-11-13T19:57:18.605Z] INFO: Authentication successful for user: admin@example.com
[2025-11-13T19:57:18.605Z] INFO: Questions loaded successfully
[2025-11-13T19:57:18.622Z] INFO: Authentication successful for user: admin@example.com
[2025-11-13T19:57:18.623Z] INFO: Questions loaded successfully
[2025-11-13T19:57:18.628Z] INFO: Authentication successful for user: admin@example.com
[2025-11-13T19:57:18.629Z] INFO: Questions loaded successfully
[2025-11-13T19:57:18.640Z] INFO: Authentication successful for user: admin@example.com
[2025-11-13T19:57:18.641Z] INFO: Questions loaded successfully
[2025-11-13T19:57:18.647Z] INFO: Authentication successful for user: admin@example.com
[2025-11-13T19:57:18.648Z] INFO: Questions loaded successfully
[2025-11-13T19:57:18.658Z] INFO: Authentication successful for user: admin@example.com
[2025-11-13T19:57:18.659Z] INFO: Questions loaded successfully
[2025-11-13T19:57:18.672Z] INFO: Authentication successful for user: admin@example.com
[2025-11-13T19:57:18.673Z] INFO: Questions loaded successfully
[2025-11-13T19:57:18.690Z] INFO: Authentication successful for user: admin@example.com
[2025-11-13T19:57:18.691Z] INFO: Questions loaded successfully
[2025-11-13T19:57:18.699Z] INFO: Authentication successful for user: admin@example.com
[2025-11-13T19:57:18.700Z] INFO: Questions loaded successfully
[2025-11-13T19:57:18.711Z] INFO: Authentication successful for user: admin@example.com
[2025-11-13T19:57:18.712Z] INFO: Questions loaded successfully
[2025-11-13T19:57:18.719Z] INFO: Authentication successful for user: admin@example.com
[2025-11-13T19:57:18.720Z] INFO: Questions loaded successfully
[2025-11-13T19:57:18.731Z] INFO: Authentication successful for user: admin@example.com
[2025-11-13T19:57:18.733Z] INFO: Questions loaded successfully
[2025-11-13T19:57:18.740Z] INFO: Authentication successful for user: admin@example.com
[2025-11-13T19:57:18.741Z] INFO: Questions loaded successfully
[2025-11-13T19:57:18.751Z] INFO: Authentication successful for user: admin@example.com
[2025-11-13T19:57:18.752Z] INFO: Questions loaded successfully
[2025-11-13T19:57:18.759Z] INFO: Authentication successful for user: admin@example.com
[2025-11-13T19:57:18.760Z] INFO: Questions loaded successfully
[2025-11-13T19:57:18.771Z] INFO: Authentication successful for user: admin@example.com
[2025-11-13T19:57:18.771Z] INFO: Questions loaded successfully
[2025-11-13T19:57:18.777Z] INFO: Authentication successful for user: admin@example.com
[2025-11-13T19:57:18.778Z] INFO: Questions loaded successfully
[2025-11-13T19:57:18.786Z] INFO: Authentication successful for user: admin@example.com
[2025-11-13T19:57:18.787Z] INFO: Questions loaded successfully
[2025-11-13T19:57:18.799Z] INFO: Authentication successful for user: admin@example.com
[2025-11-13T19:57:18.800Z] INFO: Questions loaded successfully
[2025-11-13T19:57:18.809Z] INFO: Authentication successful for user: admin@example.com
[2025-11-13T19:57:18.810Z] INFO: Questions loaded successfully
[2025-11-13T19:57:18.817Z] INFO: Authentication successful for user: admin@example.com
[2025-11-13T19:57:18.818Z] INFO: Questions loaded successfully
[2025-11-13T19:57:18.828Z] INFO: Authentication successful for user: admin@example.com
[2025-11-13T19:57:18.829Z] INFO: Questions loaded successfully
[2025-11-13T19:57:18.848Z] INFO: Authentication successful for user: admin@example.com
[2025-11-13T19:57:18.850Z] INFO: Questions loaded successfully
[2025-11-13T19:57:18.855Z] INFO: Authentication successful for user: admin@example.com
[2025-11-13T19:57:18.856Z] INFO: Questions loaded successfully
[2025-11-13T19:57:18.872Z] INFO: Authentication successful for user: admin@example.com
[2025-11-13T19:57:18.873Z] INFO: Questions loaded successfully
[2025-11-13T19:57:18.882Z] INFO: Authentication successful for user: admin@example.com
[2025-11-13T19:57:18.883Z] INFO: Questions loaded successfully
[2025-11-13T19:57:18.899Z] INFO: Authentication successful for user: admin@example.com
[2025-11-13T19:57:18.900Z] INFO: Questions loaded successfully
[2025-11-13T19:57:18.910Z] INFO: Authentication successful for user: admin@example.com
[2025-11-13T19:57:18.911Z] INFO: Questions loaded successfully
[2025-11-13T19:57:18.927Z] INFO: Authentication successful for user: admin@example.com
[2025-11-13T19:57:18.928Z] INFO: Questions loaded successfully
[2025-11-13T19:57:18.938Z] INFO: Authentication successful for user: admin@example.com
[2025-11-13T19:57:18.939Z] INFO: Questions loaded successfully
[2025-11-13T19:57:18.949Z] INFO: Authentication successful for user: admin@example.com
[2025-11-13T19:57:18.950Z] INFO: Questions loaded successfully
[2025-11-13T19:57:18.961Z] INFO: Authentication successful for user: admin@example.com
[2025-11-13T19:57:18.962Z] INFO: Questions loaded successfully
[2025-11-13T19:57:18.973Z] INFO: Authentication successful for user: admin@example.com
[2025-11-13T19:57:18.973Z] INFO: Questions loaded successfully
[2025-11-13T19:57:18.982Z] INFO: Authentication successful for user: admin@example.com
[2025-11-13T19:57:18.983Z] INFO: Questions loaded successfully
[2025-11-13T19:57:18.989Z] INFO: Authentication successful for user: admin@example.com
[2025-11-13T19:57:18.990Z] INFO: Questions loaded successfully
[2025-11-13T19:57:18.999Z] INFO: Authentication successful for user: admin@example.com
[2025-11-13T19:57:19.000Z] INFO: Questions loaded successfully
[2025-11-13T19:57:19.011Z] INFO: Authentication successful for user: admin@example.com
[2025-11-13T19:57:19.012Z] INFO: Questions loaded successfully
[2025-11-13T19:57:19.023Z] INFO: Authentication successful for user: admin@example.com
[2025-11-13T19:57:19.024Z] INFO: Questions loaded successfully
[2025-11-13T19:57:19.036Z] INFO: Authentication successful for user: admin@example.com
[2025-11-13T19:57:19.038Z] INFO: Questions loaded successfully
[2025-11-13T19:57:19.048Z] INFO: Authentication successful for user: admin@example.com
[2025-11-13T19:57:19.049Z] INFO: Questions loaded successfully
[2025-11-13T19:57:19.058Z] INFO: Authentication successful for user: admin@example.com
[2025-11-13T19:57:19.059Z] INFO: Questions loaded successfully
[2025-11-13T19:57:19.069Z] INFO: Authentication successful for user: admin@example.com
[2025-11-13T19:57:19.071Z] INFO: Questions loaded successfully
[2025-11-13T19:57:19.111Z] INFO: Authentication successful for user: admin@example.com
[2025-11-13T19:57:19.112Z] INFO: Questions loaded successfully
[2025-11-13T19:57:19.116Z] INFO: Authentication successful for user: admin@example.com
[2025-11-13T19:57:19.117Z] INFO: Questions loaded successfully
[2025-11-13T19:57:19.140Z] INFO: Authentication successful for user: admin@example.com
[2025-11-13T19:57:19.141Z] INFO: Questions loaded successfully
[2025-11-13T19:57:19.154Z] INFO: Authentication successful for user: admin@example.com
[2025-11-13T19:57:19.155Z] INFO: Questions loaded successfully
[2025-11-13T19:57:19.165Z] INFO: Authentication successful for user: admin@example.com
[2025-11-13T19:57:19.166Z] INFO: Questions loaded successfully
[2025-11-13T19:57:19.179Z] INFO: Authentication successful for user: admin@example.com
[2025-11-13T19:57:19.180Z] INFO: Questions loaded successfully
[2025-11-13T19:57:19.196Z] INFO: Authentication successful for user: admin@example.com
[2025-11-13T19:57:19.197Z] INFO: Questions loaded successfully
[2025-11-13T19:57:19.210Z] INFO: Authentication successful for user: admin@example.com
[2025-11-13T19:57:19.211Z] INFO: Questions loaded successfully
[2025-11-13T19:57:19.219Z] INFO: Authentication successful for user: admin@example.com
[2025-11-13T19:57:19.220Z] INFO: Questions loaded successfully
[2025-11-13T19:57:19.231Z] INFO: Authentication successful for user: admin@example.com
[2025-11-13T19:57:19.232Z] INFO: Questions loaded successfully
[2025-11-13T19:57:19.241Z] INFO: Authentication successful for user: admin@example.com
[2025-11-13T19:57:19.242Z] INFO: Questions loaded successfully
[2025-11-13T19:57:19.250Z] INFO: Authentication successful for user: admin@example.com
[2025-11-13T19:57:19.250Z] INFO: Questions loaded successfully
[2025-11-13T19:57:19.259Z] INFO: Authentication successful for user: admin@example.com
[2025-11-13T19:57:19.260Z] INFO: Questions loaded successfully
[2025-11-13T19:57:19.272Z] INFO: Authentication successful for user: admin@example.com
[2025-11-13T19:57:19.273Z] INFO: Questions loaded successfully
[2025-11-13T19:57:19.281Z] INFO: Authentication successful for user: admin@example.com
[2025-11-13T19:57:19.282Z] INFO: Questions loaded successfully
[2025-11-13T19:57:19.292Z] INFO: Authentication successful for user: admin@example.com
[2025-11-13T19:57:19.293Z] INFO: Questions loaded successfully
[2025-11-13T19:57:19.304Z] INFO: Authentication successful for user: admin@example.com
[2025-11-13T19:57:19.305Z] INFO: Questions loaded successfully
[2025-11-13T19:57:19.314Z] INFO: Authentication successful for user: admin@example.com
[2025-11-13T19:57:19.315Z] INFO: Questions loaded successfully
[2025-11-13T19:57:19.325Z] INFO: Authentication successful for user: admin@example.com
[2025-11-13T19:57:19.326Z] INFO: Questions loaded successfully
[2025-11-13T19:57:19.336Z] INFO: Authentication successful for user: admin@example.com
[2025-11-13T19:57:19.337Z] INFO: Questions loaded successfully
[2025-11-13T19:57:19.345Z] INFO: Authentication successful for user: admin@example.com
[2025-11-13T19:57:19.346Z] INFO: Questions loaded successfully
[2025-11-13T19:57:19.356Z] INFO: Authentication successful for user: admin@example.com
[2025-11-13T19:57:19.357Z] INFO: Questions loaded successfully
[2025-11-13T19:57:19.366Z] INFO: Authentication successful for user: admin@example.com
[2025-11-13T19:57:19.367Z] INFO: Questions loaded successfully
[2025-11-13T19:57:19.377Z] INFO: Authentication successful for user: admin@example.com
[2025-11-13T19:57:19.378Z] INFO: Questions loaded successfully
[2025-11-13T19:57:19.390Z] INFO: Authentication successful for user: admin@example.com
[2025-11-13T19:57:19.391Z] INFO: Questions loaded successfully
[2025-11-13T19:57:19.399Z] INFO: Authentication successful for user: admin@example.com
[2025-11-13T19:57:19.400Z] INFO: Questions loaded successfully
[2025-11-13T19:57:19.411Z] INFO: Authentication successful for user: admin@example.com
[2025-11-13T19:57:19.411Z] INFO: Questions loaded successfully
[2025-11-13T19:57:19.420Z] INFO: Authentication successful for user: admin@example.com
[2025-11-13T19:57:19.421Z] INFO: Questions loaded successfully
[2025-11-13T19:57:19.430Z] INFO: Authentication successful for user: admin@example.com
[2025-11-13T19:57:19.431Z] INFO: Questions loaded successfully
[2025-11-13T19:57:19.444Z] INFO: Authentication successful for user: admin@example.com
[2025-11-13T19:57:19.445Z] INFO: Questions loaded successfully
[2025-11-13T19:57:19.454Z] INFO: Authentication successful for user: admin@example.com
[2025-11-13T19:57:19.455Z] INFO: Questions loaded successfully
[2025-11-13T19:57:19.463Z] INFO: Authentication successful for user: admin@example.com
[2025-11-13T19:57:19.464Z] INFO: Questions loaded successfully
[2025-11-13T19:57:19.472Z] INFO: Authentication successful for user: admin@example.com
[2025-11-13T19:57:19.473Z] INFO: Questions loaded successfully
[2025-11-13T19:57:19.483Z] INFO: Authentication successful for user: admin@example.com
[2025-11-13T19:57:19.483Z] INFO: Questions loaded successfully
[2025-11-13T19:57:19.492Z] INFO: Authentication successful for user: admin@example.com
[2025-11-13T19:57:19.492Z] INFO: Questions loaded successfully
[2025-11-13T19:57:19.503Z] INFO: Authentication successful for user: admin@example.com
[2025-11-13T19:57:19.504Z] INFO: Questions loaded successfully
[2025-11-13T19:57:19.511Z] INFO: Authentication successful for user: admin@example.com
[2025-11-13T19:57:19.512Z] INFO: Questions loaded successfully
[2025-11-13T19:57:19.522Z] INFO: Authentication successful for user: admin@example.com
[2025-11-13T19:57:19.523Z] INFO: Questions loaded successfully
[2025-11-13T19:57:19.533Z] INFO: Authentication successful for user: admin@example.com
[2025-11-13T19:57:19.534Z] INFO: Questions loaded successfully
[2025-11-13T19:57:19.541Z] INFO: Authentication successful for user: admin@example.com
[2025-11-13T19:57:19.542Z] INFO: Questions loaded successfully
[2025-11-13T19:57:19.554Z] INFO: Authentication successful for user: admin@example.com
[2025-11-13T19:57:19.555Z] INFO: Questions loaded successfully
[2025-11-13T19:57:19.561Z] INFO: Authentication successful for user: admin@example.com
[2025-11-13T19:57:19.562Z] INFO: Questions loaded successfully
[2025-11-13T19:57:19.574Z] INFO: Authentication successful for user: admin@example.com
[2025-11-13T19:57:19.575Z] INFO: Questions loaded successfully
[2025-11-13T19:57:19.587Z] INFO: Authentication successful for user: admin@example.com
[2025-11-13T19:57:19.588Z] INFO: Questions loaded successfully
[2025-11-13T19:57:19.594Z] INFO: Authentication successful for user: admin@example.com
[2025-11-13T19:57:19.595Z] INFO: Questions loaded successfully
[2025-11-13T19:57:19.606Z] INFO: Authentication successful for user: admin@example.com
[2025-11-13T19:57:19.607Z] INFO: Questions loaded successfully
[2025-11-13T19:57:19.616Z] INFO: Authentication successful for user: admin@example.com
[2025-11-13T19:57:19.617Z] INFO: Questions loaded successfully
[2025-11-13T19:57:19.623Z] INFO: Authentication successful for user: admin@example.com
[2025-11-13T19:57:19.624Z] INFO: Questions loaded successfully
[2025-11-13T19:57:19.638Z] INFO: Authentication successful for user: admin@example.com
[2025-11-13T19:57:19.639Z] INFO: Questions loaded successfully
[2025-11-13T19:57:19.653Z] INFO: Authentication successful for user: admin@example.com
[2025-11-13T19:57:19.654Z] INFO: Questions loaded successfully
[2025-11-13T19:57:19.660Z] INFO: Authentication successful for user: admin@example.com
[2025-11-13T19:57:19.661Z] INFO: Questions loaded successfully
[2025-11-13T19:57:19.673Z] INFO: Authentication successful for user: admin@example.com
[2025-11-13T19:57:19.674Z] INFO: Questions loaded successfully
[2025-11-13T19:57:19.682Z] INFO: Authentication successful for user: admin@example.com
[2025-11-13T19:57:19.683Z] INFO: Questions loaded successfully
[2025-11-13T19:57:19.692Z] INFO: Authentication successful for user: admin@example.com
[2025-11-13T19:57:19.693Z] INFO: Questions loaded successfully
[2025-11-13T19:57:19.702Z] INFO: Authentication successful for user: admin@example.com
[2025-11-13T19:57:19.703Z] INFO: Questions loaded successfully
[2025-11-13T19:57:19.714Z] INFO: Authentication successful for user: admin@example.com
[2025-11-13T19:57:19.715Z] INFO: Questions loaded successfully
[2025-11-13T19:57:19.730Z] INFO: Authentication successful for user: admin@example.com
[2025-11-13T19:57:19.731Z] INFO: Questions loaded successfully
[2025-11-13T19:57:19.739Z] INFO: Authentication successful for user: admin@example.com
[2025-11-13T19:57:19.740Z] INFO: Questions loaded successfully
[2025-11-13T19:57:19.750Z] INFO: Authentication successful for user: admin@example.com
[2025-11-13T19:57:19.751Z] INFO: Questions loaded successfully
[2025-11-13T19:57:19.760Z] INFO: Authentication successful for user: admin@example.com
[2025-11-13T19:57:19.761Z] INFO: Questions loaded successfully
[2025-11-13T19:57:19.769Z] INFO: Authentication successful for user: admin@example.com
[2025-11-13T19:57:19.770Z] INFO: Questions loaded successfully
[2025-11-13T19:57:19.775Z] INFO: Authentication successful for user: admin@example.com
[2025-11-13T19:57:19.776Z] INFO: Questions loaded successfully
[2025-11-13T19:57:19.785Z] INFO: Authentication successful for user: admin@example.com
[2025-11-13T19:57:19.786Z] INFO: Questions loaded successfully
[2025-11-13T19:57:19.795Z] INFO: Authentication successful for user: admin@example.com
[2025-11-13T19:57:19.796Z] INFO: Questions loaded successfully
[2025-11-13T19:57:19.805Z] INFO: Authentication successful for user: admin@example.com
[2025-11-13T19:57:19.806Z] INFO: Questions loaded successfully
[2025-11-13T19:57:19.814Z] INFO: Authentication successful for user: admin@example.com
[2025-11-13T19:57:19.815Z] INFO: Questions loaded successfully
[2025-11-13T19:57:19.821Z] INFO: Authentication successful for user: admin@example.com
[2025-11-13T19:57:19.822Z] INFO: Questions loaded successfully
[2025-11-13T19:57:19.830Z] INFO: Authentication successful for user: admin@example.com
[2025-11-13T19:57:19.831Z] INFO: Questions loaded successfully
[2025-11-13T19:57:19.841Z] INFO: Authentication successful for user: admin@example.com
[2025-11-13T19:57:19.842Z] INFO: Questions loaded successfully
[2025-11-13T19:57:19.850Z] INFO: Authentication successful for user: admin@example.com
[2025-11-13T19:57:19.851Z] INFO: Questions loaded successfully
[2025-11-13T19:57:19.858Z] INFO: Authentication successful for user: admin@example.com
[2025-11-13T19:57:19.859Z] INFO: Questions loaded successfully
[2025-11-13T19:57:19.871Z] INFO: Authentication successful for user: admin@example.com
[2025-11-13T19:57:19.872Z] INFO: Questions loaded successfully
[2025-11-13T19:57:19.881Z] INFO: Authentication successful for user: admin@example.com
[2025-11-13T19:57:19.882Z] INFO: Questions loaded successfully
[2025-11-13T19:57:19.891Z] INFO: Authentication successful for user: admin@example.com
[2025-11-13T19:57:19.892Z] INFO: Questions loaded successfully
[2025-11-13T19:57:19.901Z] INFO: Authentication successful for user: admin@example.com
[2025-11-13T19:57:19.901Z] INFO: Questions loaded successfully
[2025-11-13T19:57:19.912Z] INFO: Authentication successful for user: admin@example.com
[2025-11-13T19:57:19.913Z] INFO: Questions loaded successfully
[2025-11-13T19:57:19.925Z] INFO: Authentication successful for user: admin@example.com
[2025-11-13T19:57:19.926Z] INFO: Questions loaded successfully
[2025-11-13T19:57:19.939Z] INFO: Authentication successful for user: admin@example.com
[2025-11-13T19:57:19.940Z] INFO: Questions loaded successfully
[2025-11-13T19:57:19.952Z] INFO: Authentication successful for user: admin@example.com
[2025-11-13T19:57:19.953Z] INFO: Questions loaded successfully
[2025-11-13T19:57:19.961Z] INFO: Authentication successful for user: admin@example.com
[2025-11-13T19:57:19.962Z] INFO: Questions loaded successfully
[2025-11-13T19:57:19.973Z] INFO: Authentication successful for user: admin@example.com
[2025-11-13T19:57:19.974Z] INFO: Questions loaded successfully
[2025-11-13T19:57:19.990Z] INFO: Authentication successful for user: admin@example.com
[2025-11-13T19:57:19.991Z] INFO: Questions loaded successfully
[2025-11-13T19:57:19.996Z] INFO: Authentication successful for user: admin@example.com
[2025-11-13T19:57:19.998Z] INFO: Questions loaded successfully
[2025-11-13T19:57:20.024Z] INFO: Authentication successful for user: admin@example.com
[2025-11-13T19:57:20.026Z] INFO: Questions loaded successfully
[2025-11-13T19:57:20.042Z] INFO: Authentication successful for user: admin@example.com
[2025-11-13T19:57:20.043Z] INFO: Questions loaded successfully
[2025-11-13T19:57:20.067Z] INFO: Authentication successful for user: admin@example.com
[2025-11-13T19:57:20.068Z] INFO: Questions loaded successfully
[2025-11-13T19:57:20.091Z] INFO: Authentication successful for user: admin@example.com
[2025-11-13T19:57:20.092Z] INFO: Questions loaded successfully
[2025-11-13T19:57:20.109Z] INFO: Authentication successful for user: admin@example.com
[2025-11-13T19:57:20.110Z] INFO: Questions loaded successfully
[2025-11-13T19:57:20.125Z] INFO: Authentication successful for user: admin@example.com
[2025-11-13T19:57:20.126Z] INFO: Questions loaded successfully
[2025-11-13T19:57:20.143Z] INFO: Authentication successful for user: admin@example.com
[2025-11-13T19:57:20.144Z] INFO: Questions loaded successfully
[2025-11-13T19:57:20.160Z] INFO: Authentication successful for user: admin@example.com
[2025-11-13T19:57:20.161Z] INFO: Questions loaded successfully
[2025-11-13T19:57:20.178Z] INFO: Authentication successful for user: admin@example.com
[2025-11-13T19:57:20.179Z] INFO: Questions loaded successfully
[2025-11-13T19:57:20.194Z] INFO: Authentication successful for user: admin@example.com
[2025-11-13T19:57:20.195Z] INFO: Questions loaded successfully
[2025-11-13T19:57:20.210Z] INFO: Authentication successful for user: admin@example.com
[2025-11-13T19:57:20.211Z] INFO: Questions loaded successfully
[2025-11-13T19:57:20.226Z] INFO: Authentication successful for user: admin@example.com
[2025-11-13T19:57:20.227Z] INFO: Questions loaded successfully
[2025-11-13T19:57:20.247Z] INFO: Authentication successful for user: admin@example.com
[2025-11-13T19:57:20.248Z] INFO: Questions loaded successfully
[2025-11-13T19:57:20.262Z] INFO: Authentication successful for user: admin@example.com
[2025-11-13T19:57:20.263Z] INFO: Questions loaded successfully
[2025-11-13T19:57:20.284Z] INFO: Authentication successful for user: admin@example.com
[2025-11-13T19:57:20.285Z] INFO: Questions loaded successfully
[2025-11-13T19:57:20.301Z] INFO: Authentication successful for user: admin@example.com
[2025-11-13T19:57:20.302Z] INFO: Questions loaded successfully
[2025-11-13T19:57:20.322Z] INFO: Authentication successful for user: admin@example.com
[2025-11-13T19:57:20.323Z] INFO: Questions loaded successfully
[2025-11-13T19:57:20.341Z] INFO: Authentication successful for user: admin@example.com
[2025-11-13T19:57:20.342Z] INFO: Questions loaded successfully
[2025-11-13T19:57:20.363Z] INFO: Authentication successful for user: admin@example.com
[2025-11-13T19:57:20.364Z] INFO: Questions loaded successfully
[2025-11-13T19:57:20.380Z] INFO: Authentication successful for user: admin@example.com
[2025-11-13T19:57:20.381Z] INFO: Questions loaded successfully
[2025-11-13T19:57:20.394Z] INFO: Authentication successful for user: admin@example.com
[2025-11-13T19:57:20.395Z] INFO: Questions loaded successfully
[2025-11-13T19:57:20.413Z] INFO: Authentication successful for user: admin@example.com
[2025-11-13T19:57:20.414Z] INFO: Questions loaded successfully
[2025-11-13T19:57:20.428Z] INFO: Authentication successful for user: admin@example.com
[2025-11-13T19:57:20.429Z] INFO: Questions loaded successfully
[2025-11-13T19:57:20.448Z] INFO: Authentication successful for user: admin@example.com
[2025-11-13T19:57:20.449Z] INFO: Questions loaded successfully
[2025-11-13T19:57:20.466Z] INFO: Authentication successful for user: admin@example.com
[2025-11-13T19:57:20.467Z] INFO: Questions loaded successfully
[2025-11-13T19:57:20.479Z] INFO: Authentication successful for user: admin@example.com
[2025-11-13T19:57:20.480Z] INFO: Questions loaded successfully
[2025-11-13T19:57:20.494Z] INFO: Authentication successful for user: admin@example.com
[2025-11-13T19:57:20.495Z] INFO: Questions loaded successfully
[2025-11-13T19:57:20.508Z] INFO: Authentication successful for user: admin@example.com
[2025-11-13T19:57:20.509Z] INFO: Questions loaded successfully
[2025-11-13T19:57:20.529Z] INFO: Authentication successful for user: admin@example.com
[2025-11-13T19:57:20.530Z] INFO: Questions loaded successfully
[2025-11-13T19:57:20.546Z] INFO: Authentication successful for user: admin@example.com
[2025-11-13T19:57:20.547Z] INFO: Questions loaded successfully
[2025-11-13T19:57:20.562Z] INFO: Authentication successful for user: admin@example.com
[2025-11-13T19:57:20.563Z] INFO: Questions loaded successfully
[2025-11-13T19:57:20.577Z] INFO: Authentication successful for user: admin@example.com
[2025-11-13T19:57:20.578Z] INFO: Questions loaded successfully
[2025-11-13T19:57:20.593Z] INFO: Authentication successful for user: admin@example.com
[2025-11-13T19:57:20.593Z] INFO: Questions loaded successfully
[2025-11-13T19:57:20.611Z] INFO: Authentication successful for user: admin@example.com
[2025-11-13T19:57:20.612Z] INFO: Questions loaded successfully
[2025-11-13T19:57:20.628Z] INFO: Authentication successful for user: admin@example.com
[2025-11-13T19:57:20.629Z] INFO: Questions loaded successfully
[2025-11-13T19:57:20.644Z] INFO: Authentication successful for user: admin@example.com
[2025-11-13T19:57:20.645Z] INFO: Questions loaded successfully
[2025-11-13T19:57:20.660Z] INFO: Authentication successful for user: admin@example.com
[2025-11-13T19:57:20.661Z] INFO: Questions loaded successfully
[2025-11-13T19:57:20.675Z] INFO: Authentication successful for user: admin@example.com
[2025-11-13T19:57:20.676Z] INFO: Questions loaded successfully
[2025-11-13T19:57:20.690Z] INFO: Authentication successful for user: admin@example.com
[2025-11-13T19:57:20.691Z] INFO: Questions loaded successfully
[2025-11-13T19:57:20.708Z] INFO: Authentication successful for user: admin@example.com
[2025-11-13T19:57:20.709Z] INFO: Questions loaded successfully
[2025-11-13T19:57:20.723Z] INFO: Authentication successful for user: admin@example.com
[2025-11-13T19:57:20.724Z] INFO: Questions loaded successfully
[2025-11-13T19:57:20.740Z] INFO: Authentication successful for user: admin@example.com
[2025-11-13T19:57:20.741Z] INFO: Questions loaded successfully
[2025-11-13T19:57:20.756Z] INFO: Authentication successful for user: admin@example.com
[2025-11-13T19:57:20.756Z] INFO: Questions loaded successfully
[2025-11-13T19:57:20.772Z] INFO: Authentication successful for user: admin@example.com
[2025-11-13T19:57:20.773Z] INFO: Questions loaded successfully
[2025-11-13T19:57:20.785Z] INFO: Authentication successful for user: admin@example.com
[2025-11-13T19:57:20.786Z] INFO: Questions loaded successfully
[2025-11-13T19:57:20.804Z] INFO: Authentication successful for user: admin@example.com
[2025-11-13T19:57:20.805Z] INFO: Questions loaded successfully
[2025-11-13T19:57:20.820Z] INFO: Authentication successful for user: admin@example.com
[2025-11-13T19:57:20.820Z] INFO: Questions loaded successfully
[2025-11-13T19:57:20.834Z] INFO: Authentication successful for user: admin@example.com
[2025-11-13T19:57:20.835Z] INFO: Questions loaded successfully
[2025-11-13T19:57:20.848Z] INFO: Authentication successful for user: admin@example.com
[2025-11-13T19:57:20.848Z] INFO: Questions loaded successfully
[2025-11-13T19:57:20.864Z] INFO: Authentication successful for user: admin@example.com
[2025-11-13T19:57:20.864Z] INFO: Questions loaded successfully
[2025-11-13T19:57:20.879Z] INFO: Authentication successful for user: admin@example.com
[2025-11-13T19:57:20.879Z] INFO: Questions loaded successfully
[2025-11-13T19:57:20.894Z] INFO: Authentication successful for user: admin@example.com
[2025-11-13T19:57:20.895Z] INFO: Questions loaded successfully
[2025-11-13T19:57:20.913Z] INFO: Authentication successful for user: admin@example.com
[2025-11-13T19:57:20.913Z] INFO: Questions loaded successfully
[2025-11-13T19:57:20.935Z] INFO: Authentication successful for user: admin@example.com
[2025-11-13T19:57:20.935Z] INFO: Questions loaded successfully
[2025-11-13T19:57:20.953Z] INFO: Authentication successful for user: admin@example.com
[2025-11-13T19:57:20.954Z] INFO: Questions loaded successfully
[2025-11-13T19:57:20.968Z] INFO: Authentication successful for user: admin@example.com
[2025-11-13T19:57:20.969Z] INFO: Questions loaded successfully
[2025-11-13T19:57:20.989Z] INFO: Authentication successful for user: admin@example.com
[2025-11-13T19:57:20.990Z] INFO: Questions loaded successfully
[2025-11-13T19:57:21.010Z] INFO: Authentication successful for user: admin@example.com
[2025-11-13T19:57:21.011Z] INFO: Questions loaded successfully
[2025-11-13T19:57:21.026Z] INFO: Authentication successful for user: admin@example.com
[2025-11-13T19:57:21.026Z] INFO: Questions loaded successfully
[2025-11-13T19:57:21.044Z] INFO: Authentication successful for user: admin@example.com
[2025-11-13T19:57:21.045Z] INFO: Questions loaded successfully
[2025-11-13T19:57:21.063Z] INFO: Authentication successful for user: admin@example.com
[2025-11-13T19:57:21.064Z] INFO: Questions loaded successfully
[2025-11-13T19:57:21.080Z] INFO: Authentication successful for user: admin@example.com
[2025-11-13T19:57:21.081Z] INFO: Questions loaded successfully
[2025-11-13T19:57:21.095Z] INFO: Authentication successful for user: admin@example.com
[2025-11-13T19:57:21.096Z] INFO: Questions loaded successfully
[2025-11-13T19:57:21.115Z] INFO: Authentication successful for user: admin@example.com
[2025-11-13T19:57:21.116Z] INFO: Questions loaded successfully
[2025-11-13T19:57:21.129Z] INFO: Authentication successful for user: admin@example.com
[2025-11-13T19:57:21.130Z] INFO: Questions loaded successfully
[2025-11-13T19:57:21.152Z] INFO: Authentication successful for user: admin@example.com
[2025-11-13T19:57:21.153Z] INFO: Questions loaded successfully
[2025-11-13T19:57:21.167Z] INFO: Authentication successful for user: admin@example.com
[2025-11-13T19:57:21.168Z] INFO: Questions loaded successfully
[2025-11-13T19:57:21.184Z] INFO: Authentication successful for user: admin@example.com
[2025-11-13T19:57:21.185Z] INFO: Questions loaded successfully
[2025-11-13T19:57:21.201Z] INFO: Authentication successful for user: admin@example.com
[2025-11-13T19:57:21.202Z] INFO: Questions loaded successfully
[2025-11-13T19:57:21.217Z] INFO: Authentication successful for user: admin@example.com
[2025-11-13T19:57:21.219Z] INFO: Questions loaded successfully
[2025-11-13T19:57:21.237Z] INFO: Authentication successful for user: admin@example.com
[2025-11-13T19:57:21.238Z] INFO: Questions loaded successfully
[2025-11-13T19:57:21.255Z] INFO: Authentication successful for user: admin@example.com
[2025-11-13T19:57:21.258Z] INFO: Questions loaded successfully
[2025-11-13T19:57:21.278Z] INFO: Authentication successful for user: admin@example.com
[2025-11-13T19:57:21.279Z] INFO: Questions loaded successfully
[2025-11-13T19:57:21.294Z] INFO: Authentication successful for user: admin@example.com
[2025-11-13T19:57:21.295Z] INFO: Questions loaded successfully
[2025-11-13T19:57:21.309Z] INFO: Authentication successful for user: admin@example.com
[2025-11-13T19:57:21.310Z] INFO: Questions loaded successfully
[2025-11-13T19:57:21.326Z] INFO: Authentication successful for user: admin@example.com
[2025-11-13T19:57:21.327Z] INFO: Questions loaded successfully
[2025-11-13T19:57:21.346Z] INFO: Authentication successful for user: admin@example.com
[2025-11-13T19:57:21.347Z] INFO: Questions loaded successfully
[2025-11-13T19:57:21.362Z] INFO: Authentication successful for user: admin@example.com
[2025-11-13T19:57:21.363Z] INFO: Questions loaded successfully
[2025-11-13T19:57:21.379Z] INFO: Authentication successful for user: admin@example.com
[2025-11-13T19:57:21.380Z] INFO: Questions loaded successfully
[2025-11-13T19:57:21.395Z] INFO: Authentication successful for user: admin@example.com
[2025-11-13T19:57:21.395Z] INFO: Questions loaded successfully
[2025-11-13T19:57:21.411Z] INFO: Authentication successful for user: admin@example.com
[2025-11-13T19:57:21.412Z] INFO: Questions loaded successfully
[2025-11-13T19:57:21.426Z] INFO: Authentication successful for user: admin@example.com
[2025-11-13T19:57:21.427Z] INFO: Questions loaded successfully
[2025-11-13T19:57:21.441Z] INFO: Authentication successful for user: admin@example.com
[2025-11-13T19:57:21.442Z] INFO: Questions loaded successfully
[2025-11-13T19:57:21.455Z] INFO: Authentication successful for user: admin@example.com
[2025-11-13T19:57:21.456Z] INFO: Questions loaded successfully
[2025-11-13T19:57:21.472Z] INFO: Authentication successful for user: admin@example.com
[2025-11-13T19:57:21.473Z] INFO: Questions loaded successfully
[2025-11-13T19:57:21.485Z] INFO: Authentication successful for user: admin@example.com
[2025-11-13T19:57:21.486Z] INFO: Questions loaded successfully
[2025-11-13T19:57:21.499Z] INFO: Authentication successful for user: admin@example.com
[2025-11-13T19:57:21.500Z] INFO: Questions loaded successfully
[2025-11-13T19:57:21.514Z] INFO: Authentication successful for user: admin@example.com
[2025-11-13T19:57:21.515Z] INFO: Questions loaded successfully
[2025-11-13T19:57:21.523Z] INFO: Authentication successful for user: admin@example.com
[2025-11-13T19:57:21.524Z] INFO: Questions loaded successfully
[2025-11-13T19:57:21.540Z] INFO: Authentication successful for user: admin@example.com
[2025-11-13T19:57:21.541Z] INFO: Questions loaded successfully
[2025-11-13T19:57:21.554Z] INFO: Authentication successful for user: admin@example.com
[2025-11-13T19:57:21.555Z] INFO: Questions loaded successfully
[2025-11-13T19:57:21.570Z] INFO: Authentication successful for user: admin@example.com
[2025-11-13T19:57:21.571Z] INFO: Questions loaded successfully
[2025-11-13T19:57:21.584Z] INFO: Authentication successful for user: admin@example.com
[2025-11-13T19:57:21.585Z] INFO: Questions loaded successfully
[2025-11-13T19:57:21.594Z] INFO: Authentication successful for user: admin@example.com
[2025-11-13T19:57:21.595Z] INFO: Questions loaded successfully
[2025-11-13T19:57:21.610Z] INFO: Authentication successful for user: admin@example.com
[2025-11-13T19:57:21.611Z] INFO: Questions loaded successfully
[2025-11-13T19:57:21.629Z] INFO: Authentication successful for user: admin@example.com
[2025-11-13T19:57:21.630Z] INFO: Questions loaded successfully
[2025-11-13T19:57:21.647Z] INFO: Authentication successful for user: admin@example.com
[2025-11-13T19:57:21.648Z] INFO: Questions loaded successfully
[2025-11-13T19:57:21.658Z] INFO: Authentication successful for user: admin@example.com
[2025-11-13T19:57:21.660Z] INFO: Questions loaded successfully
[2025-11-13T19:57:21.675Z] INFO: Authentication successful for user: admin@example.com
[2025-11-13T19:57:21.677Z] INFO: Questions loaded successfully
[2025-11-13T19:57:21.687Z] INFO: Authentication successful for user: admin@example.com
[2025-11-13T19:57:21.687Z] INFO: Questions loaded successfully
[2025-11-13T19:57:21.701Z] INFO: Authentication successful for user: admin@example.com
[2025-11-13T19:57:21.702Z] INFO: Questions loaded successfully
[2025-11-13T19:57:21.717Z] INFO: Authentication successful for user: admin@example.com
[2025-11-13T19:57:21.718Z] INFO: Questions loaded successfully
[2025-11-13T19:57:21.731Z] INFO: Authentication successful for user: admin@example.com
[2025-11-13T19:57:21.732Z] INFO: Questions loaded successfully
[2025-11-13T19:57:21.749Z] INFO: Authentication successful for user: admin@example.com
[2025-11-13T19:57:21.750Z] INFO: Questions loaded successfully
[2025-11-13T19:57:21.765Z] INFO: Authentication successful for user: admin@example.com
[2025-11-13T19:57:21.766Z] INFO: Questions loaded successfully
[2025-11-13T19:57:21.779Z] INFO: Authentication successful for user: admin@example.com
[2025-11-13T19:57:21.780Z] INFO: Questions loaded successfully
[2025-11-13T19:57:21.790Z] INFO: Authentication successful for user: admin@example.com
[2025-11-13T19:57:21.791Z] INFO: Questions loaded successfully
[2025-11-13T19:57:21.805Z] INFO: Authentication successful for user: admin@example.com
[2025-11-13T19:57:21.806Z] INFO: Questions loaded successfully
[2025-11-13T19:57:21.817Z] INFO: Authentication successful for user: admin@example.com
[2025-11-13T19:57:21.818Z] INFO: Questions loaded successfully
[2025-11-13T19:57:21.838Z] INFO: Authentication successful for user: admin@example.com
[2025-11-13T19:57:21.839Z] INFO: Questions loaded successfully
[2025-11-13T19:57:21.866Z] INFO: Authentication successful for user: admin@example.com
[2025-11-13T19:57:21.867Z] INFO: Questions loaded successfully
[2025-11-13T19:57:21.888Z] INFO: Authentication successful for user: admin@example.com
[2025-11-13T19:57:21.890Z] INFO: Questions loaded successfully
[2025-11-13T19:57:21.906Z] INFO: Authentication successful for user: admin@example.com
[2025-11-13T19:57:21.907Z] INFO: Questions loaded successfully
[2025-11-13T19:57:21.926Z] INFO: Authentication successful for user: admin@example.com
[2025-11-13T19:57:21.927Z] INFO: Questions loaded successfully
[2025-11-13T19:57:21.950Z] INFO: Authentication successful for user: admin@example.com
[2025-11-13T19:57:21.951Z] INFO: Questions loaded successfully
[2025-11-13T19:57:21.966Z] INFO: Authentication successful for user: admin@example.com
[2025-11-13T19:57:21.967Z] INFO: Questions loaded successfully
[2025-11-13T19:57:21.986Z] INFO: Authentication successful for user: admin@example.com
[2025-11-13T19:57:21.987Z] INFO: Questions loaded successfully
[2025-11-13T19:57:21.999Z] INFO: Authentication successful for user: admin@example.com
[2025-11-13T19:57:21.999Z] INFO: Questions loaded successfully
[2025-11-13T19:57:22.013Z] INFO: Authentication successful for user: admin@example.com
[2025-11-13T19:57:22.014Z] INFO: Questions loaded successfully
[2025-11-13T19:57:22.031Z] INFO: Authentication successful for user: admin@example.com
[2025-11-13T19:57:22.032Z] INFO: Questions loaded successfully
[2025-11-13T19:57:22.047Z] INFO: Authentication successful for user: admin@example.com
[2025-11-13T19:57:22.048Z] INFO: Questions loaded successfully
[2025-11-13T19:57:22.063Z] INFO: Authentication successful for user: admin@example.com
[2025-11-13T19:57:22.064Z] INFO: Questions loaded successfully
[2025-11-13T19:57:22.081Z] INFO: Authentication successful for user: admin@example.com
[2025-11-13T19:57:22.082Z] INFO: Questions loaded successfully
[2025-11-13T19:57:22.100Z] INFO: Authentication successful for user: admin@example.com
[2025-11-13T19:57:22.101Z] INFO: Questions loaded successfully
[2025-11-13T19:57:22.116Z] INFO: Authentication successful for user: admin@example.com
[2025-11-13T19:57:22.117Z] INFO: Questions loaded successfully
[2025-11-13T19:57:22.134Z] INFO: Authentication successful for user: admin@example.com
[2025-11-13T19:57:22.135Z] INFO: Questions loaded successfully
[2025-11-13T19:57:22.149Z] INFO: Authentication successful for user: admin@example.com
[2025-11-13T19:57:22.150Z] INFO: Questions loaded successfully
[2025-11-13T19:57:22.162Z] INFO: Authentication successful for user: admin@example.com
[2025-11-13T19:57:22.162Z] INFO: Questions loaded successfully
[2025-11-13T19:57:22.176Z] INFO: Authentication successful for user: admin@example.com
[2025-11-13T19:57:22.177Z] INFO: Questions loaded successfully
[2025-11-13T19:57:22.192Z] INFO: Authentication successful for user: admin@example.com
[2025-11-13T19:57:22.193Z] INFO: Questions loaded successfully
[2025-11-13T19:57:22.207Z] INFO: Authentication successful for user: admin@example.com
[2025-11-13T19:57:22.208Z] INFO: Questions loaded successfully
[2025-11-13T19:57:22.223Z] INFO: Authentication successful for user: admin@example.com
[2025-11-13T19:57:22.224Z] INFO: Questions loaded successfully
[2025-11-13T19:57:22.239Z] INFO: Authentication successful for user: admin@example.com
[2025-11-13T19:57:22.240Z] INFO: Questions loaded successfully
[2025-11-13T19:57:22.255Z] INFO: Authentication successful for user: admin@example.com
[2025-11-13T19:57:22.256Z] INFO: Questions loaded successfully
[2025-11-13T19:57:22.271Z] INFO: Authentication successful for user: admin@example.com
[2025-11-13T19:57:22.272Z] INFO: Questions loaded successfully
[2025-11-13T19:57:22.287Z] INFO: Authentication successful for user: admin@example.com
[2025-11-13T19:57:22.288Z] INFO: Questions loaded successfully
[2025-11-13T19:57:22.301Z] INFO: Authentication successful for user: admin@example.com
[2025-11-13T19:57:22.302Z] INFO: Questions loaded successfully
[2025-11-13T19:57:22.316Z] INFO: Authentication successful for user: admin@example.com
[2025-11-13T19:57:22.317Z] INFO: Questions loaded successfully
[2025-11-13T19:57:22.332Z] INFO: Authentication successful for user: admin@example.com
[2025-11-13T19:57:22.333Z] INFO: Questions loaded successfully
[2025-11-13T19:57:22.348Z] INFO: Authentication successful for user: admin@example.com
[2025-11-13T19:57:22.349Z] INFO: Questions loaded successfully
[2025-11-13T19:57:22.364Z] INFO: Authentication successful for user: admin@example.com
[2025-11-13T19:57:22.365Z] INFO: Questions loaded successfully
[2025-11-13T19:57:22.380Z] INFO: Authentication successful for user: admin@example.com
[2025-11-13T19:57:22.381Z] INFO: Questions loaded successfully
[2025-11-13T19:57:22.395Z] INFO: Authentication successful for user: admin@example.com
[2025-11-13T19:57:22.396Z] INFO: Questions loaded successfully
[2025-11-13T19:57:22.408Z] INFO: Authentication successful for user: admin@example.com
[2025-11-13T19:57:22.409Z] INFO: Questions loaded successfully
[2025-11-13T19:57:22.424Z] INFO: Authentication successful for user: admin@example.com
[2025-11-13T19:57:22.425Z] INFO: Questions loaded successfully
[2025-11-13T19:57:22.437Z] INFO: Authentication successful for user: admin@example.com
[2025-11-13T19:57:22.438Z] INFO: Questions loaded successfully
[2025-11-13T19:57:22.455Z] INFO: Authentication successful for user: admin@example.com
[2025-11-13T19:57:22.455Z] INFO: Questions loaded successfully
[2025-11-13T19:57:22.468Z] INFO: Authentication successful for user: admin@example.com
[2025-11-13T19:57:22.468Z] INFO: Questions loaded successfully
[2025-11-13T19:57:22.481Z] INFO: Authentication successful for user: admin@example.com
[2025-11-13T19:57:22.482Z] INFO: Questions loaded successfully
[2025-11-13T19:57:22.496Z] INFO: Authentication successful for user: admin@example.com
[2025-11-13T19:57:22.497Z] INFO: Questions loaded successfully
[2025-11-13T19:57:22.506Z] INFO: Authentication successful for user: admin@example.com
[2025-11-13T19:57:22.507Z] INFO: Questions loaded successfully
[2025-11-13T19:57:22.522Z] INFO: Authentication successful for user: admin@example.com
[2025-11-13T19:57:22.523Z] INFO: Questions loaded successfully
[2025-11-13T19:57:22.535Z] INFO: Authentication successful for user: admin@example.com
[2025-11-13T19:57:22.536Z] INFO: Questions loaded successfully
[2025-11-13T19:57:22.552Z] INFO: Authentication successful for user: admin@example.com
[2025-11-13T19:57:22.553Z] INFO: Questions loaded successfully
[2025-11-13T19:57:22.567Z] INFO: Authentication successful for user: admin@example.com
[2025-11-13T19:57:22.568Z] INFO: Questions loaded successfully
[2025-11-13T19:57:22.586Z] INFO: Authentication successful for user: admin@example.com
[2025-11-13T19:57:22.587Z] INFO: Questions loaded successfully
[2025-11-13T19:57:22.608Z] INFO: Authentication successful for user: admin@example.com
[2025-11-13T19:57:22.609Z] INFO: Questions loaded successfully
[2025-11-13T19:57:22.628Z] INFO: Authentication successful for user: admin@example.com
[2025-11-13T19:57:22.628Z] INFO: Questions loaded successfully
[2025-11-13T19:57:22.641Z] INFO: Authentication successful for user: admin@example.com
[2025-11-13T19:57:22.642Z] INFO: Questions loaded successfully
[2025-11-13T19:57:22.664Z] INFO: Authentication successful for user: admin@example.com
[2025-11-13T19:57:22.665Z] INFO: Questions loaded successfully
[2025-11-13T19:57:22.689Z] INFO: Authentication successful for user: admin@example.com
[2025-11-13T19:57:22.690Z] INFO: Questions loaded successfully
[2025-11-13T19:57:22.707Z] INFO: Authentication successful for user: admin@example.com
[2025-11-13T19:57:22.707Z] INFO: Questions loaded successfully
[2025-11-13T19:57:22.726Z] INFO: Authentication successful for user: admin@example.com
[2025-11-13T19:57:22.728Z] INFO: Questions loaded successfully
[2025-11-13T19:57:22.744Z] INFO: Authentication successful for user: admin@example.com
[2025-11-13T19:57:22.746Z] INFO: Questions loaded successfully
[2025-11-13T19:57:22.769Z] INFO: Authentication successful for user: admin@example.com
[2025-11-13T19:57:22.770Z] INFO: Questions loaded successfully
[2025-11-13T19:57:22.782Z] INFO: Authentication successful for user: admin@example.com
[2025-11-13T19:57:22.783Z] INFO: Questions loaded successfully
[2025-11-13T19:57:22.799Z] INFO: Authentication successful for user: admin@example.com
[2025-11-13T19:57:22.800Z] INFO: Questions loaded successfully
[2025-11-13T19:57:22.813Z] INFO: Authentication successful for user: admin@example.com
[2025-11-13T19:57:22.814Z] INFO: Questions loaded successfully
[2025-11-13T19:57:22.830Z] INFO: Authentication successful for user: admin@example.com
[2025-11-13T19:57:22.831Z] INFO: Questions loaded successfully
[2025-11-13T19:57:22.843Z] INFO: Authentication successful for user: admin@example.com
[2025-11-13T19:57:22.844Z] INFO: Questions loaded successfully
[2025-11-13T19:57:22.860Z] INFO: Authentication successful for user: admin@example.com
[2025-11-13T19:57:22.861Z] INFO: Questions loaded successfully
[2025-11-13T19:57:22.870Z] INFO: Authentication successful for user: admin@example.com
[2025-11-13T19:57:22.871Z] INFO: Questions loaded successfully
[2025-11-13T19:57:22.884Z] INFO: Authentication successful for user: admin@example.com
[2025-11-13T19:57:22.885Z] INFO: Questions loaded successfully
[2025-11-13T19:57:22.900Z] INFO: Authentication successful for user: admin@example.com
[2025-11-13T19:57:22.900Z] INFO: Questions loaded successfully
[2025-11-13T19:57:22.918Z] INFO: Authentication successful for user: admin@example.com
[2025-11-13T19:57:22.920Z] INFO: Questions loaded successfully
[2025-11-13T19:57:22.935Z] INFO: Authentication successful for user: admin@example.com
[2025-11-13T19:57:22.935Z] INFO: Questions loaded successfully
[2025-11-13T19:57:22.949Z] INFO: Authentication successful for user: admin@example.com
[2025-11-13T19:57:22.950Z] INFO: Questions loaded successfully
[2025-11-13T19:57:22.964Z] INFO: Authentication successful for user: admin@example.com
[2025-11-13T19:57:22.965Z] INFO: Questions loaded successfully
[2025-11-13T19:57:22.977Z] INFO: Authentication successful for user: admin@example.com
[2025-11-13T19:57:22.978Z] INFO: Questions loaded successfully
[2025-11-13T19:57:22.993Z] INFO: Authentication successful for user: admin@example.com
[2025-11-13T19:57:22.994Z] INFO: Questions loaded successfully
[2025-11-13T19:57:23.007Z] INFO: Authentication successful for user: admin@example.com
[2025-11-13T19:57:23.007Z] INFO: Questions loaded successfully
[2025-11-13T19:57:23.026Z] INFO: Authentication successful for user: admin@example.com
[2025-11-13T19:57:23.027Z] INFO: Questions loaded successfully
[2025-11-13T19:57:23.037Z] INFO: Authentication successful for user: admin@example.com
[2025-11-13T19:57:23.038Z] INFO: Questions loaded successfully
[2025-11-13T19:57:23.055Z] INFO: Authentication successful for user: admin@example.com
[2025-11-13T19:57:23.055Z] INFO: Questions loaded successfully
[2025-11-13T19:57:23.068Z] INFO: Authentication successful for user: admin@example.com
[2025-11-13T19:57:23.069Z] INFO: Questions loaded successfully
[2025-11-13T19:57:23.082Z] INFO: Authentication successful for user: admin@example.com
[2025-11-13T19:57:23.083Z] INFO: Questions loaded successfully
[2025-11-13T19:57:23.100Z] INFO: Authentication successful for user: admin@example.com
[2025-11-13T19:57:23.100Z] INFO: Questions loaded successfully
[2025-11-13T19:57:23.113Z] INFO: Authentication successful for user: admin@example.com
[2025-11-13T19:57:23.114Z] INFO: Questions loaded successfully
[2025-11-13T19:57:23.128Z] INFO: Authentication successful for user: admin@example.com
[2025-11-13T19:57:23.129Z] INFO: Questions loaded successfully
[2025-11-13T19:57:23.139Z] INFO: Authentication successful for user: admin@example.com
[2025-11-13T19:57:23.140Z] INFO: Questions loaded successfully
[2025-11-13T19:57:23.156Z] INFO: Authentication successful for user: admin@example.com
[2025-11-13T19:57:23.157Z] INFO: Questions loaded successfully
[2025-11-13T19:57:23.168Z] INFO: Authentication successful for user: admin@example.com
[2025-11-13T19:57:23.168Z] INFO: Questions loaded successfully
[2025-11-13T19:57:23.182Z] INFO: Authentication successful for user: admin@example.com
[2025-11-13T19:57:23.183Z] INFO: Questions loaded successfully
[2025-11-13T19:57:23.197Z] INFO: Authentication successful for user: admin@example.com
[2025-11-13T19:57:23.198Z] INFO: Questions loaded successfully
[2025-11-13T19:57:23.210Z] INFO: Authentication successful for user: admin@example.com
[2025-11-13T19:57:23.211Z] INFO: Questions loaded successfully
[2025-11-13T19:57:23.226Z] INFO: Authentication successful for user: admin@example.com
[2025-11-13T19:57:23.227Z] INFO: Questions loaded successfully
[2025-11-13T19:57:23.238Z] INFO: Authentication successful for user: admin@example.com
[2025-11-13T19:57:23.239Z] INFO: Questions loaded successfully
[2025-11-13T19:57:23.255Z] INFO: Authentication successful for user: admin@example.com
[2025-11-13T19:57:23.256Z] INFO: Questions loaded successfully
[2025-11-13T19:57:23.269Z] INFO: Authentication successful for user: admin@example.com
[2025-11-13T19:57:23.270Z] INFO: Questions loaded successfully
[2025-11-13T19:57:23.292Z] INFO: Authentication successful for user: admin@example.com
[2025-11-13T19:57:23.293Z] INFO: Questions loaded successfully
[2025-11-13T19:57:23.307Z] INFO: Authentication successful for user: admin@example.com
[2025-11-13T19:57:23.308Z] INFO: Questions loaded successfully
[2025-11-13T19:57:23.326Z] INFO: Authentication successful for user: admin@example.com
[2025-11-13T19:57:23.326Z] INFO: Questions loaded successfully
[2025-11-13T19:57:23.335Z] INFO: Authentication successful for user: admin@example.com
[2025-11-13T19:57:23.336Z] INFO: Questions loaded successfully
[2025-11-13T19:57:23.350Z] INFO: Authentication successful for user: admin@example.com
[2025-11-13T19:57:23.351Z] INFO: Questions loaded successfully
[2025-11-13T19:57:23.365Z] INFO: Authentication successful for user: admin@example.com
[2025-11-13T19:57:23.365Z] INFO: Questions loaded successfully
[2025-11-13T19:57:23.378Z] INFO: Authentication successful for user: admin@example.com
[2025-11-13T19:57:23.379Z] INFO: Questions loaded successfully
[2025-11-13T19:57:23.394Z] INFO: Authentication successful for user: admin@example.com
[2025-11-13T19:57:23.395Z] INFO: Questions loaded successfully
[2025-11-13T19:57:23.405Z] INFO: Authentication successful for user: admin@example.com
[2025-11-13T19:57:23.406Z] INFO: Questions loaded successfully
[2025-11-13T19:57:23.422Z] INFO: Authentication successful for user: admin@example.com
[2025-11-13T19:57:23.423Z] INFO: Questions loaded successfully
[2025-11-13T19:57:23.433Z] INFO: Authentication successful for user: admin@example.com
[2025-11-13T19:57:23.434Z] INFO: Questions loaded successfully
[2025-11-13T19:57:23.448Z] INFO: Authentication successful for user: admin@example.com
[2025-11-13T19:57:23.448Z] INFO: Questions loaded successfully
[2025-11-13T19:57:23.464Z] INFO: Authentication successful for user: admin@example.com
[2025-11-13T19:57:23.465Z] INFO: Questions loaded successfully
[2025-11-13T19:57:23.486Z] INFO: Authentication successful for user: admin@example.com
[2025-11-13T19:57:23.486Z] INFO: Questions loaded successfully
[2025-11-13T19:57:23.513Z] INFO: Authentication successful for user: admin@example.com
[2025-11-13T19:57:23.514Z] INFO: Questions loaded successfully
[2025-11-13T19:57:23.534Z] INFO: Authentication successful for user: admin@example.com
[2025-11-13T19:57:23.535Z] INFO: Questions loaded successfully
[2025-11-13T19:57:23.557Z] INFO: Authentication successful for user: admin@example.com
[2025-11-13T19:57:23.558Z] INFO: Questions loaded successfully
[2025-11-13T19:57:23.568Z] INFO: Authentication successful for user: admin@example.com
[2025-11-13T19:57:23.569Z] INFO: Questions loaded successfully
[2025-11-13T19:57:23.598Z] INFO: Authentication successful for user: admin@example.com
[2025-11-13T19:57:23.599Z] INFO: Questions loaded successfully
[2025-11-13T19:57:23.611Z] INFO: Authentication successful for user: admin@example.com
[2025-11-13T19:57:23.611Z] INFO: Questions loaded successfully
[2025-11-13T19:57:23.628Z] INFO: Authentication successful for user: admin@example.com
[2025-11-13T19:57:23.629Z] INFO: Questions loaded successfully
[2025-11-13T19:57:23.642Z] INFO: Authentication successful for user: admin@example.com
[2025-11-13T19:57:23.642Z] INFO: Questions loaded successfully
[2025-11-13T19:57:23.658Z] INFO: Authentication successful for user: admin@example.com
[2025-11-13T19:57:23.659Z] INFO: Questions loaded successfully
[2025-11-13T19:57:23.672Z] INFO: Authentication successful for user: admin@example.com
[2025-11-13T19:57:23.673Z] INFO: Questions loaded successfully
[2025-11-13T19:57:23.689Z] INFO: Authentication successful for user: admin@example.com
[2025-11-13T19:57:23.690Z] INFO: Questions loaded successfully
[2025-11-13T19:57:23.702Z] INFO: Authentication successful for user: admin@example.com
[2025-11-13T19:57:23.703Z] INFO: Questions loaded successfully
[2025-11-13T19:57:23.718Z] INFO: Authentication successful for user: admin@example.com
[2025-11-13T19:57:23.718Z] INFO: Questions loaded successfully
[2025-11-13T19:57:23.732Z] INFO: Authentication successful for user: admin@example.com
[2025-11-13T19:57:23.732Z] INFO: Questions loaded successfully
[2025-11-13T19:57:23.744Z] INFO: Authentication successful for user: admin@example.com
[2025-11-13T19:57:23.744Z] INFO: Questions loaded successfully
[2025-11-13T19:57:23.758Z] INFO: Authentication successful for user: admin@example.com
[2025-11-13T19:57:23.759Z] INFO: Questions loaded successfully
[2025-11-13T19:57:23.774Z] INFO: Authentication successful for user: admin@example.com
[2025-11-13T19:57:23.774Z] INFO: Questions loaded successfully
[2025-11-13T19:57:23.785Z] INFO: Authentication successful for user: admin@example.com
[2025-11-13T19:57:23.785Z] INFO: Questions loaded successfully
[2025-11-13T19:57:23.796Z] INFO: Authentication successful for user: admin@example.com
[2025-11-13T19:57:23.796Z] INFO: Questions loaded successfully
[2025-11-13T19:57:23.813Z] INFO: Authentication successful for user: admin@example.com
[2025-11-13T19:57:23.814Z] INFO: Questions loaded successfully
[2025-11-13T19:57:23.827Z] INFO: Authentication successful for user: admin@example.com
[2025-11-13T19:57:23.828Z] INFO: Questions loaded successfully
[2025-11-13T19:57:23.843Z] INFO: Authentication successful for user: admin@example.com
[2025-11-13T19:57:23.844Z] INFO: Questions loaded successfully
[2025-11-13T19:57:23.855Z] INFO: Authentication successful for user: admin@example.com
[2025-11-13T19:57:23.856Z] INFO: Questions loaded successfully
[2025-11-13T19:57:23.873Z] INFO: Authentication successful for user: admin@example.com
[2025-11-13T19:57:23.873Z] INFO: Questions loaded successfully
[2025-11-13T19:57:23.885Z] INFO: Authentication successful for user: admin@example.com
[2025-11-13T19:57:23.886Z] INFO: Questions loaded successfully
[2025-11-13T19:57:23.900Z] INFO: Authentication successful for user: admin@example.com
[2025-11-13T19:57:23.901Z] INFO: Questions loaded successfully
[2025-11-13T19:57:23.914Z] INFO: Authentication successful for user: admin@example.com
[2025-11-13T19:57:23.914Z] INFO: Questions loaded successfully
[2025-11-13T19:57:23.927Z] INFO: Authentication successful for user: admin@example.com
[2025-11-13T19:57:23.927Z] INFO: Questions loaded successfully
[2025-11-13T19:57:23.944Z] INFO: Authentication successful for user: admin@example.com
[2025-11-13T19:57:23.945Z] INFO: Questions loaded successfully
[2025-11-13T19:57:23.959Z] INFO: Authentication successful for user: admin@example.com
[2025-11-13T19:57:23.960Z] INFO: Questions loaded successfully
[2025-11-13T19:57:23.972Z] INFO: Authentication successful for user: admin@example.com
[2025-11-13T19:57:23.972Z] INFO: Questions loaded successfully
[2025-11-13T19:57:23.984Z] INFO: Authentication successful for user: admin@example.com
[2025-11-13T19:57:23.985Z] INFO: Questions loaded successfully
[2025-11-13T19:57:23.997Z] INFO: Authentication successful for user: admin@example.com
[2025-11-13T19:57:23.998Z] INFO: Questions loaded successfully
[2025-11-13T19:57:24.015Z] INFO: Authentication successful for user: admin@example.com
[2025-11-13T19:57:24.016Z] INFO: Questions loaded successfully
[2025-11-13T19:57:24.031Z] INFO: Authentication successful for user: admin@example.com
[2025-11-13T19:57:24.032Z] INFO: Questions loaded successfully
[2025-11-13T19:57:24.049Z] INFO: Authentication successful for user: admin@example.com
[2025-11-13T19:57:24.050Z] INFO: Questions loaded successfully
[2025-11-13T19:57:24.062Z] INFO: Authentication successful for user: admin@example.com
[2025-11-13T19:57:24.063Z] INFO: Questions loaded successfully
[2025-11-13T19:57:24.077Z] INFO: Authentication successful for user: admin@example.com
[2025-11-13T19:57:24.078Z] INFO: Questions loaded successfully
[2025-11-13T19:57:24.093Z] INFO: Authentication successful for user: admin@example.com
[2025-11-13T19:57:24.094Z] INFO: Questions loaded successfully
[2025-11-13T19:57:24.118Z] INFO: Authentication successful for user: admin@example.com
[2025-11-13T19:57:24.119Z] INFO: Questions loaded successfully
[2025-11-13T19:57:24.135Z] INFO: Authentication successful for user: admin@example.com
[2025-11-13T19:57:24.136Z] INFO: Questions loaded successfully
[2025-11-13T19:57:24.154Z] INFO: Authentication successful for user: admin@example.com
[2025-11-13T19:57:24.154Z] INFO: Questions loaded successfully
[2025-11-13T19:57:24.171Z] INFO: Authentication successful for user: admin@example.com
[2025-11-13T19:57:24.172Z] INFO: Questions loaded successfully
[2025-11-13T19:57:24.188Z] INFO: Authentication successful for user: admin@example.com
[2025-11-13T19:57:24.189Z] INFO: Questions loaded successfully
[2025-11-13T19:57:24.204Z] INFO: Authentication successful for user: admin@example.com
[2025-11-13T19:57:24.205Z] INFO: Questions loaded successfully
[2025-11-13T19:57:24.220Z] INFO: Authentication successful for user: admin@example.com
[2025-11-13T19:57:24.221Z] INFO: Questions loaded successfully
[2025-11-13T19:57:24.237Z] INFO: Authentication successful for user: admin@example.com
[2025-11-13T19:57:24.237Z] INFO: Questions loaded successfully
[2025-11-13T19:57:24.253Z] INFO: Authentication successful for user: admin@example.com
[2025-11-13T19:57:24.254Z] INFO: Questions loaded successfully
[2025-11-13T19:57:24.270Z] INFO: Authentication successful for user: admin@example.com
[2025-11-13T19:57:24.271Z] INFO: Questions loaded successfully
[2025-11-13T19:57:24.288Z] INFO: Authentication successful for user: admin@example.com
[2025-11-13T19:57:24.289Z] INFO: Questions loaded successfully
[2025-11-13T19:57:24.307Z] INFO: Authentication successful for user: admin@example.com
[2025-11-13T19:57:24.307Z] INFO: Questions loaded successfully
[2025-11-13T19:57:24.322Z] INFO: Authentication successful for user: admin@example.com
[2025-11-13T19:57:24.323Z] INFO: Questions loaded successfully
[2025-11-13T19:57:24.347Z] INFO: Authentication successful for user: admin@example.com
[2025-11-13T19:57:24.348Z] INFO: Questions loaded successfully
[2025-11-13T19:57:24.364Z] INFO: Authentication successful for user: admin@example.com
[2025-11-13T19:57:24.365Z] INFO: Questions loaded successfully
[2025-11-13T19:57:24.376Z] INFO: Authentication successful for user: admin@example.com
[2025-11-13T19:57:24.376Z] INFO: Questions loaded successfully
[2025-11-13T19:57:24.387Z] INFO: Authentication successful for user: admin@example.com
[2025-11-13T19:57:24.387Z] INFO: Questions loaded successfully
[2025-11-13T19:57:24.402Z] INFO: Authentication successful for user: admin@example.com
[2025-11-13T19:57:24.403Z] INFO: Questions loaded successfully
[2025-11-13T19:57:24.414Z] INFO: Authentication successful for user: admin@example.com
[2025-11-13T19:57:24.415Z] INFO: Questions loaded successfully
[2025-11-13T19:57:24.428Z] INFO: Authentication successful for user: admin@example.com
[2025-11-13T19:57:24.429Z] INFO: Questions loaded successfully
[2025-11-13T19:57:24.449Z] INFO: Authentication successful for user: admin@example.com
[2025-11-13T19:57:24.449Z] INFO: Questions loaded successfully
[2025-11-13T19:57:24.464Z] INFO: Authentication successful for user: admin@example.com
[2025-11-13T19:57:24.465Z] INFO: Questions loaded successfully
[2025-11-13T19:57:24.479Z] INFO: Authentication successful for user: admin@example.com
[2025-11-13T19:57:24.480Z] INFO: Questions loaded successfully
[2025-11-13T19:57:24.492Z] INFO: Authentication successful for user: admin@example.com
[2025-11-13T19:57:24.493Z] INFO: Questions loaded successfully
[2025-11-13T19:57:24.505Z] INFO: Authentication successful for user: admin@example.com
[2025-11-13T19:57:24.505Z] INFO: Questions loaded successfully
[2025-11-13T19:57:24.520Z] INFO: Authentication successful for user: admin@example.com
[2025-11-13T19:57:24.520Z] INFO: Questions loaded successfully
[2025-11-13T19:57:24.537Z] INFO: Authentication successful for user: admin@example.com
[2025-11-13T19:57:24.538Z] INFO: Questions loaded successfully
[2025-11-13T19:57:24.550Z] INFO: Authentication successful for user: admin@example.com
[2025-11-13T19:57:24.551Z] INFO: Questions loaded successfully
[2025-11-13T19:57:24.566Z] INFO: Authentication successful for user: admin@example.com
[2025-11-13T19:57:24.567Z] INFO: Questions loaded successfully
[2025-11-13T19:57:24.579Z] INFO: Authentication successful for user: admin@example.com
[2025-11-13T19:57:24.580Z] INFO: Questions loaded successfully
[2025-11-13T19:57:24.593Z] INFO: Authentication successful for user: admin@example.com
[2025-11-13T19:57:24.594Z] INFO: Questions loaded successfully
[2025-11-13T19:57:24.609Z] INFO: Authentication successful for user: admin@example.com
[2025-11-13T19:57:24.610Z] INFO: Questions loaded successfully
[2025-11-13T19:57:24.623Z] INFO: Authentication successful for user: admin@example.com
[2025-11-13T19:57:24.623Z] INFO: Questions loaded successfully
[2025-11-13T19:57:24.640Z] INFO: Authentication successful for user: admin@example.com
[2025-11-13T19:57:24.641Z] INFO: Questions loaded successfully
[2025-11-13T19:57:24.652Z] INFO: Authentication successful for user: admin@example.com
[2025-11-13T19:57:24.652Z] INFO: Questions loaded successfully
[2025-11-13T19:57:24.673Z] INFO: Authentication successful for user: admin@example.com
[2025-11-13T19:57:24.674Z] INFO: Questions loaded successfully
[2025-11-13T19:57:24.689Z] INFO: Authentication successful for user: admin@example.com
[2025-11-13T19:57:24.690Z] INFO: Questions loaded successfully
[2025-11-13T19:57:24.710Z] INFO: Authentication successful for user: admin@example.com
[2025-11-13T19:57:24.710Z] INFO: Questions loaded successfully
[2025-11-13T19:57:24.726Z] INFO: Authentication successful for user: admin@example.com
[2025-11-13T19:57:24.727Z] INFO: Questions loaded successfully
[2025-11-13T19:57:24.742Z] INFO: Authentication successful for user: admin@example.com
[2025-11-13T19:57:24.743Z] INFO: Questions loaded successfully
[2025-11-13T19:57:24.760Z] INFO: Authentication successful for user: admin@example.com
[2025-11-13T19:57:24.761Z] INFO: Questions loaded successfully
[2025-11-13T19:57:24.775Z] INFO: Authentication successful for user: admin@example.com
[2025-11-13T19:57:24.776Z] INFO: Questions loaded successfully
[2025-11-13T19:57:24.792Z] INFO: Authentication successful for user: admin@example.com
[2025-11-13T19:57:24.793Z] INFO: Questions loaded successfully
[2025-11-13T19:57:24.810Z] INFO: Authentication successful for user: admin@example.com
[2025-11-13T19:57:24.811Z] INFO: Questions loaded successfully
[2025-11-13T19:57:24.827Z] INFO: Authentication successful for user: admin@example.com
[2025-11-13T19:57:24.828Z] INFO: Questions loaded successfully
[2025-11-13T19:57:24.845Z] INFO: Authentication successful for user: admin@example.com
[2025-11-13T19:57:24.846Z] INFO: Questions loaded successfully
[2025-11-13T19:57:24.861Z] INFO: Authentication successful for user: admin@example.com
[2025-11-13T19:57:24.862Z] INFO: Questions loaded successfully
[2025-11-13T19:57:24.878Z] INFO: Authentication successful for user: admin@example.com
[2025-11-13T19:57:24.879Z] INFO: Questions loaded successfully
[2025-11-13T19:57:24.893Z] INFO: Authentication successful for user: admin@example.com
[2025-11-13T19:57:24.894Z] INFO: Questions loaded successfully
[2025-11-13T19:57:24.905Z] INFO: Authentication successful for user: admin@example.com
[2025-11-13T19:57:24.905Z] INFO: Questions loaded successfully
[2025-11-13T19:57:24.917Z] INFO: Authentication successful for user: admin@example.com
[2025-11-13T19:57:24.918Z] INFO: Questions loaded successfully
[2025-11-13T19:57:24.931Z] INFO: Authentication successful for user: admin@example.com
[2025-11-13T19:57:24.931Z] INFO: Questions loaded successfully
[2025-11-13T19:57:24.950Z] INFO: Authentication successful for user: admin@example.com
[2025-11-13T19:57:24.951Z] INFO: Questions loaded successfully
[2025-11-13T19:57:24.964Z] INFO: Authentication successful for user: admin@example.com
[2025-11-13T19:57:24.965Z] INFO: Questions loaded successfully
[2025-11-13T19:57:24.982Z] INFO: Authentication successful for user: admin@example.com
[2025-11-13T19:57:24.983Z] INFO: Questions loaded successfully
[2025-11-13T19:57:24.999Z] INFO: Authentication successful for user: admin@example.com
[2025-11-13T19:57:24.999Z] INFO: Questions loaded successfully
[2025-11-13T19:57:25.014Z] INFO: Authentication successful for user: admin@example.com
[2025-11-13T19:57:25.015Z] INFO: Questions loaded successfully
[2025-11-13T19:57:25.032Z] INFO: Authentication successful for user: admin@example.com
[2025-11-13T19:57:25.032Z] INFO: Questions loaded successfully
[2025-11-13T19:57:25.051Z] INFO: Authentication successful for user: admin@example.com
[2025-11-13T19:57:25.051Z] INFO: Questions loaded successfully
[2025-11-13T19:57:25.063Z] INFO: Authentication successful for user: admin@example.com
[2025-11-13T19:57:25.064Z] INFO: Questions loaded successfully
[2025-11-13T19:57:25.082Z] INFO: Authentication successful for user: admin@example.com
[2025-11-13T19:57:25.083Z] INFO: Questions loaded successfully
[2025-11-13T19:57:25.094Z] INFO: Authentication successful for user: admin@example.com
[2025-11-13T19:57:25.095Z] INFO: Questions loaded successfully
[2025-11-13T19:57:25.110Z] INFO: Authentication successful for user: admin@example.com
[2025-11-13T19:57:25.110Z] INFO: Questions loaded successfully
[2025-11-13T19:57:25.124Z] INFO: Authentication successful for user: admin@example.com
[2025-11-13T19:57:25.125Z] INFO: Questions loaded successfully
[2025-11-13T19:57:25.135Z] INFO: Authentication successful for user: admin@example.com
[2025-11-13T19:57:25.136Z] INFO: Questions loaded successfully
[2025-11-13T19:57:25.150Z] INFO: Authentication successful for user: admin@example.com
[2025-11-13T19:57:25.151Z] INFO: Questions loaded successfully
[2025-11-13T19:57:25.163Z] INFO: Authentication successful for user: admin@example.com
[2025-11-13T19:57:25.164Z] INFO: Questions loaded successfully
[2025-11-13T19:57:25.179Z] INFO: Authentication successful for user: admin@example.com
[2025-11-13T19:57:25.180Z] INFO: Questions loaded successfully
[2025-11-13T19:57:25.195Z] INFO: Authentication successful for user: admin@example.com
[2025-11-13T19:57:25.196Z] INFO: Questions loaded successfully
[2025-11-13T19:57:25.212Z] INFO: Authentication successful for user: admin@example.com
[2025-11-13T19:57:25.213Z] INFO: Questions loaded successfully
[2025-11-13T19:57:25.229Z] INFO: Authentication successful for user: admin@example.com
[2025-11-13T19:57:25.230Z] INFO: Questions loaded successfully
[2025-11-13T19:57:25.241Z] INFO: Authentication successful for user: admin@example.com
[2025-11-13T19:57:25.242Z] INFO: Questions loaded successfully
[2025-11-13T19:57:25.265Z] INFO: Authentication successful for user: admin@example.com
[2025-11-13T19:57:25.266Z] INFO: Questions loaded successfully
[2025-11-13T19:57:25.280Z] INFO: Authentication successful for user: admin@example.com
[2025-11-13T19:57:25.281Z] INFO: Questions loaded successfully
[2025-11-13T19:57:25.298Z] INFO: Authentication successful for user: admin@example.com
[2025-11-13T19:57:25.300Z] INFO: Questions loaded successfully
[2025-11-13T19:57:25.316Z] INFO: Authentication successful for user: admin@example.com
[2025-11-13T19:57:25.317Z] INFO: Questions loaded successfully
[2025-11-13T19:57:25.330Z] INFO: Authentication successful for user: admin@example.com
[2025-11-13T19:57:25.331Z] INFO: Questions loaded successfully
[2025-11-13T19:57:25.346Z] INFO: Authentication successful for user: admin@example.com
[2025-11-13T19:57:25.347Z] INFO: Questions loaded successfully
[2025-11-13T19:57:25.361Z] INFO: Authentication successful for user: admin@example.com
[2025-11-13T19:57:25.362Z] INFO: Questions loaded successfully
[2025-11-13T19:57:25.389Z] INFO: Authentication successful for user: admin@example.com
[2025-11-13T19:57:25.389Z] INFO: Questions loaded successfully
[2025-11-13T19:57:25.401Z] INFO: Authentication successful for user: admin@example.com
[2025-11-13T19:57:25.401Z] INFO: Questions loaded successfully
[2025-11-13T19:57:25.420Z] INFO: Authentication successful for user: admin@example.com
[2025-11-13T19:57:25.421Z] INFO: Questions loaded successfully
[2025-11-13T19:57:25.432Z] INFO: Authentication successful for user: admin@example.com
[2025-11-13T19:57:25.432Z] INFO: Questions loaded successfully
[2025-11-13T19:57:25.446Z] INFO: Authentication successful for user: admin@example.com
[2025-11-13T19:57:25.447Z] INFO: Questions loaded successfully
[2025-11-13T19:57:25.466Z] INFO: Authentication successful for user: admin@example.com
[2025-11-13T19:57:25.467Z] INFO: Questions loaded successfully
[2025-11-13T19:57:25.483Z] INFO: Authentication successful for user: admin@example.com
[2025-11-13T19:57:25.484Z] INFO: Questions loaded successfully
[2025-11-13T19:57:25.499Z] INFO: Authentication successful for user: admin@example.com
[2025-11-13T19:57:25.500Z] INFO: Questions loaded successfully
[2025-11-13T19:57:25.514Z] INFO: Authentication successful for user: admin@example.com
[2025-11-13T19:57:25.515Z] INFO: Questions loaded successfully
[2025-11-13T19:57:25.531Z] INFO: Authentication successful for user: admin@example.com
[2025-11-13T19:57:25.532Z] INFO: Questions loaded successfully
[2025-11-13T19:57:25.546Z] INFO: Authentication successful for user: admin@example.com
[2025-11-13T19:57:25.546Z] INFO: Questions loaded successfully
[2025-11-13T19:57:25.559Z] INFO: Authentication successful for user: admin@example.com
[2025-11-13T19:57:25.560Z] INFO: Questions loaded successfully
[2025-11-13T19:57:25.574Z] INFO: Authentication successful for user: admin@example.com
[2025-11-13T19:57:25.575Z] INFO: Questions loaded successfully
[2025-11-13T19:57:25.585Z] INFO: Authentication successful for user: admin@example.com
[2025-11-13T19:57:25.585Z] INFO: Questions loaded successfully
[2025-11-13T19:57:25.600Z] INFO: Authentication successful for user: admin@example.com
[2025-11-13T19:57:25.601Z] INFO: Questions loaded successfully
[2025-11-13T19:57:25.613Z] INFO: Authentication successful for user: admin@example.com
[2025-11-13T19:57:25.614Z] INFO: Questions loaded successfully
[2025-11-13T19:57:25.628Z] INFO: Authentication successful for user: admin@example.com
[2025-11-13T19:57:25.629Z] INFO: Questions loaded successfully
[2025-11-13T19:57:25.643Z] INFO: Authentication successful for user: admin@example.com
[2025-11-13T19:57:25.644Z] INFO: Questions loaded successfully
[2025-11-13T19:57:25.655Z] INFO: Authentication successful for user: admin@example.com
[2025-11-13T19:57:25.656Z] INFO: Questions loaded successfully
[2025-11-13T19:57:25.672Z] INFO: Authentication successful for user: admin@example.com
[2025-11-13T19:57:25.673Z] INFO: Questions loaded successfully
[2025-11-13T19:57:25.684Z] INFO: Authentication successful for user: admin@example.com
[2025-11-13T19:57:25.685Z] INFO: Questions loaded successfully
[2025-11-13T19:57:25.701Z] INFO: Authentication successful for user: admin@example.com
[2025-11-13T19:57:25.702Z] INFO: Questions loaded successfully
[2025-11-13T19:57:25.714Z] INFO: Authentication successful for user: admin@example.com
[2025-11-13T19:57:25.715Z] INFO: Questions loaded successfully
[2025-11-13T19:57:25.731Z] INFO: Authentication successful for user: admin@example.com
[2025-11-13T19:57:25.732Z] INFO: Questions loaded successfully
[2025-11-13T19:57:25.746Z] INFO: Authentication successful for user: admin@example.com
[2025-11-13T19:57:25.746Z] INFO: Questions loaded successfully
[2025-11-13T19:57:25.759Z] INFO: Authentication successful for user: admin@example.com
[2025-11-13T19:57:25.760Z] INFO: Questions loaded successfully
[2025-11-13T19:57:25.776Z] INFO: Authentication successful for user: admin@example.com
[2025-11-13T19:57:25.777Z] INFO: Questions loaded successfully
[2025-11-13T19:57:25.794Z] INFO: Authentication successful for user: admin@example.com
[2025-11-13T19:57:25.795Z] INFO: Questions loaded successfully
[2025-11-13T19:57:25.810Z] INFO: Authentication successful for user: admin@example.com
[2025-11-13T19:57:25.811Z] INFO: Questions loaded successfully
[2025-11-13T19:57:25.825Z] INFO: Authentication successful for user: admin@example.com
[2025-11-13T19:57:25.826Z] INFO: Questions loaded successfully
[2025-11-13T19:57:25.845Z] INFO: Authentication successful for user: admin@example.com
[2025-11-13T19:57:25.846Z] INFO: Questions loaded successfully
[2025-11-13T19:57:25.858Z] INFO: Authentication successful for user: admin@example.com
[2025-11-13T19:57:25.859Z] INFO: Questions loaded successfully
[2025-11-13T19:57:25.874Z] INFO: Authentication successful for user: admin@example.com
[2025-11-13T19:57:25.875Z] INFO: Questions loaded successfully
[2025-11-13T19:57:25.891Z] INFO: Authentication successful for user: admin@example.com
[2025-11-13T19:57:25.891Z] INFO: Questions loaded successfully
[2025-11-13T19:57:25.909Z] INFO: Authentication successful for user: admin@example.com
[2025-11-13T19:57:25.910Z] INFO: Questions loaded successfully
[2025-11-13T19:57:25.922Z] INFO: Authentication successful for user: admin@example.com
[2025-11-13T19:57:25.923Z] INFO: Questions loaded successfully
[2025-11-13T19:57:25.938Z] INFO: Authentication successful for user: admin@example.com
[2025-11-13T19:57:25.939Z] INFO: Questions loaded successfully
[2025-11-13T19:57:25.949Z] INFO: Authentication successful for user: admin@example.com
[2025-11-13T19:57:25.950Z] INFO: Questions loaded successfully
[2025-11-13T19:57:25.965Z] INFO: Authentication successful for user: admin@example.com
[2025-11-13T19:57:25.966Z] INFO: Questions loaded successfully
[2025-11-13T19:57:25.982Z] INFO: Authentication successful for user: admin@example.com
[2025-11-13T19:57:25.983Z] INFO: Questions loaded successfully
[2025-11-13T19:57:26.000Z] INFO: Authentication successful for user: admin@example.com
[2025-11-13T19:57:26.001Z] INFO: Questions loaded successfully
[2025-11-13T19:57:26.016Z] INFO: Authentication successful for user: admin@example.com
[2025-11-13T19:57:26.017Z] INFO: Questions loaded successfully
[2025-11-13T19:57:26.035Z] INFO: Authentication successful for user: admin@example.com
[2025-11-13T19:57:26.036Z] INFO: Questions loaded successfully
[2025-11-13T19:57:26.065Z] INFO: Authentication successful for user: admin@example.com
[2025-11-13T19:57:26.065Z] INFO: Questions loaded successfully
[2025-11-13T19:57:26.082Z] INFO: Authentication successful for user: admin@example.com
[2025-11-13T19:57:26.082Z] INFO: Questions loaded successfully
[2025-11-13T19:57:26.098Z] INFO: Authentication successful for user: admin@example.com
[2025-11-13T19:57:26.099Z] INFO: Questions loaded successfully
[2025-11-13T19:57:26.122Z] INFO: Authentication successful for user: admin@example.com
[2025-11-13T19:57:26.123Z] INFO: Questions loaded successfully
[2025-11-13T19:57:26.140Z] INFO: Authentication successful for user: admin@example.com
[2025-11-13T19:57:26.141Z] INFO: Questions loaded successfully
[2025-11-13T19:57:26.156Z] INFO: Authentication successful for user: admin@example.com
[2025-11-13T19:57:26.157Z] INFO: Questions loaded successfully
[2025-11-13T19:57:26.175Z] INFO: Authentication successful for user: admin@example.com
[2025-11-13T19:57:26.175Z] INFO: Questions loaded successfully
[2025-11-13T19:57:26.194Z] INFO: Authentication successful for user: admin@example.com
[2025-11-13T19:57:26.195Z] INFO: Questions loaded successfully
[2025-11-13T19:57:26.209Z] INFO: Authentication successful for user: admin@example.com
[2025-11-13T19:57:26.210Z] INFO: Questions loaded successfully
[2025-11-13T19:57:26.226Z] INFO: Authentication successful for user: admin@example.com
[2025-11-13T19:57:26.227Z] INFO: Questions loaded successfully
[2025-11-13T19:57:26.246Z] INFO: Authentication successful for user: admin@example.com
[2025-11-13T19:57:26.247Z] INFO: Questions loaded successfully
[2025-11-13T19:57:26.264Z] INFO: Authentication successful for user: admin@example.com
[2025-11-13T19:57:26.265Z] INFO: Questions loaded successfully
[2025-11-13T19:57:26.279Z] INFO: Authentication successful for user: admin@example.com
[2025-11-13T19:57:26.280Z] INFO: Questions loaded successfully
[2025-11-13T19:57:26.296Z] INFO: Authentication successful for user: admin@example.com
[2025-11-13T19:57:26.297Z] INFO: Questions loaded successfully
[2025-11-13T19:57:26.311Z] INFO: Authentication successful for user: admin@example.com
[2025-11-13T19:57:26.312Z] INFO: Questions loaded successfully
[2025-11-13T19:57:26.325Z] INFO: Authentication successful for user: admin@example.com
[2025-11-13T19:57:26.326Z] INFO: Questions loaded successfully
[2025-11-13T19:57:26.340Z] INFO: Authentication successful for user: admin@example.com
[2025-11-13T19:57:26.341Z] INFO: Questions loaded successfully
[2025-11-13T19:57:26.353Z] INFO: Authentication successful for user: admin@example.com
[2025-11-13T19:57:26.354Z] INFO: Questions loaded successfully
[2025-11-13T19:57:26.372Z] INFO: Authentication successful for user: admin@example.com
[2025-11-13T19:57:26.373Z] INFO: Questions loaded successfully
[2025-11-13T19:57:26.389Z] INFO: Authentication successful for user: admin@example.com
[2025-11-13T19:57:26.389Z] INFO: Questions loaded successfully
[2025-11-13T19:57:26.406Z] INFO: Authentication successful for user: admin@example.com
[2025-11-13T19:57:26.407Z] INFO: Questions loaded successfully
[2025-11-13T19:57:26.425Z] INFO: Authentication successful for user: admin@example.com
[2025-11-13T19:57:26.426Z] INFO: Questions loaded successfully
[2025-11-13T19:57:26.440Z] INFO: Authentication successful for user: admin@example.com
[2025-11-13T19:57:26.441Z] INFO: Questions loaded successfully
[2025-11-13T19:57:26.454Z] INFO: Authentication successful for user: admin@example.com
[2025-11-13T19:57:26.455Z] INFO: Questions loaded successfully
[2025-11-13T19:57:26.476Z] INFO: Authentication successful for user: admin@example.com
[2025-11-13T19:57:26.479Z] INFO: Questions loaded successfully
[2025-11-13T19:57:26.494Z] INFO: Authentication successful for user: admin@example.com
[2025-11-13T19:57:26.495Z] INFO: Questions loaded successfully
[2025-11-13T19:57:26.510Z] INFO: Authentication successful for user: admin@example.com
[2025-11-13T19:57:26.510Z] INFO: Questions loaded successfully
[2025-11-13T19:57:26.523Z] INFO: Authentication successful for user: admin@example.com
[2025-11-13T19:57:26.524Z] INFO: Questions loaded successfully
[2025-11-13T19:57:26.540Z] INFO: Authentication successful for user: admin@example.com
[2025-11-13T19:57:26.540Z] INFO: Questions loaded successfully
[2025-11-13T19:57:26.559Z] INFO: Authentication successful for user: admin@example.com
[2025-11-13T19:57:26.559Z] INFO: Questions loaded successfully
[2025-11-13T19:57:26.574Z] INFO: Authentication successful for user: admin@example.com
[2025-11-13T19:57:26.574Z] INFO: Questions loaded successfully
[2025-11-13T19:57:26.586Z] INFO: Authentication successful for user: admin@example.com
[2025-11-13T19:57:26.586Z] INFO: Questions loaded successfully
[2025-11-13T19:57:26.603Z] INFO: Authentication successful for user: admin@example.com
[2025-11-13T19:57:26.604Z] INFO: Questions loaded successfully
[2025-11-13T19:57:26.614Z] INFO: Authentication successful for user: admin@example.com
[2025-11-13T19:57:26.615Z] INFO: Questions loaded successfully
[2025-11-13T19:57:26.629Z] INFO: Authentication successful for user: admin@example.com
[2025-11-13T19:57:26.630Z] INFO: Questions loaded successfully
[2025-11-13T19:57:26.647Z] INFO: Authentication successful for user: admin@example.com
[2025-11-13T19:57:26.647Z] INFO: Questions loaded successfully
[2025-11-13T19:57:26.663Z] INFO: Authentication successful for user: admin@example.com
[2025-11-13T19:57:26.663Z] INFO: Questions loaded successfully
[2025-11-13T19:57:26.680Z] INFO: Authentication successful for user: admin@example.com
[2025-11-13T19:57:26.681Z] INFO: Questions loaded successfully
[2025-11-13T19:57:26.708Z] INFO: Authentication successful for user: admin@example.com
[2025-11-13T19:57:26.709Z] INFO: Questions loaded successfully
[2025-11-13T19:57:26.723Z] INFO: Authentication successful for user: admin@example.com
[2025-11-13T19:57:26.724Z] INFO: Questions loaded successfully
[2025-11-13T19:57:26.748Z] INFO: Authentication successful for user: admin@example.com
[2025-11-13T19:57:26.749Z] INFO: Questions loaded successfully
[2025-11-13T19:57:26.764Z] INFO: Authentication successful for user: admin@example.com
[2025-11-13T19:57:26.765Z] INFO: Questions loaded successfully
[2025-11-13T19:57:26.780Z] INFO: Authentication successful for user: admin@example.com
[2025-11-13T19:57:26.781Z] INFO: Questions loaded successfully
[2025-11-13T19:57:26.797Z] INFO: Authentication successful for user: admin@example.com
[2025-11-13T19:57:26.798Z] INFO: Questions loaded successfully
[2025-11-13T19:57:26.817Z] INFO: Authentication successful for user: admin@example.com
[2025-11-13T19:57:26.818Z] INFO: Questions loaded successfully
[2025-11-13T19:57:26.835Z] INFO: Authentication successful for user: admin@example.com
[2025-11-13T19:57:26.836Z] INFO: Questions loaded successfully
[2025-11-13T19:57:26.851Z] INFO: Authentication successful for user: admin@example.com
[2025-11-13T19:57:26.852Z] INFO: Questions loaded successfully
[2025-11-13T19:57:26.868Z] INFO: Authentication successful for user: admin@example.com
[2025-11-13T19:57:26.869Z] INFO: Questions loaded successfully
[2025-11-13T19:57:26.881Z] INFO: Authentication successful for user: admin@example.com
[2025-11-13T19:57:26.881Z] INFO: Questions loaded successfully
[2025-11-13T19:57:26.897Z] INFO: Authentication successful for user: admin@example.com
[2025-11-13T19:57:26.897Z] INFO: Questions loaded successfully
[2025-11-13T19:57:26.911Z] INFO: Authentication successful for user: admin@example.com
[2025-11-13T19:57:26.912Z] INFO: Questions loaded successfully
[2025-11-13T19:57:26.927Z] INFO: Authentication successful for user: admin@example.com
[2025-11-13T19:57:26.928Z] INFO: Questions loaded successfully
[2025-11-13T19:57:26.943Z] INFO: Authentication successful for user: admin@example.com
[2025-11-13T19:57:26.944Z] INFO: Questions loaded successfully
[2025-11-13T19:57:26.956Z] INFO: Authentication successful for user: admin@example.com
[2025-11-13T19:57:26.957Z] INFO: Questions loaded successfully
[2025-11-13T19:57:26.973Z] INFO: Authentication successful for user: admin@example.com
[2025-11-13T19:57:26.974Z] INFO: Questions loaded successfully
[2025-11-13T19:57:26.986Z] INFO: Authentication successful for user: admin@example.com
[2025-11-13T19:57:26.986Z] INFO: Questions loaded successfully
[2025-11-13T19:57:27.003Z] INFO: Authentication successful for user: admin@example.com
[2025-11-13T19:57:27.003Z] INFO: Questions loaded successfully
[2025-11-13T19:57:27.016Z] INFO: Authentication successful for user: admin@example.com
[2025-11-13T19:57:27.017Z] INFO: Questions loaded successfully
[2025-11-13T19:57:27.035Z] INFO: Authentication successful for user: admin@example.com
[2025-11-13T19:57:27.036Z] INFO: Questions loaded successfully
[2025-11-13T19:57:27.051Z] INFO: Authentication successful for user: admin@example.com
[2025-11-13T19:57:27.052Z] INFO: Questions loaded successfully
[2025-11-13T19:57:27.061Z] INFO: Authentication successful for user: admin@example.com
[2025-11-13T19:57:27.062Z] INFO: Questions loaded successfully
[2025-11-13T19:57:27.076Z] INFO: Authentication successful for user: admin@example.com
[2025-11-13T19:57:27.076Z] INFO: Questions loaded successfully
[2025-11-13T19:57:27.089Z] INFO: Authentication successful for user: admin@example.com
[2025-11-13T19:57:27.090Z] INFO: Questions loaded successfully
[2025-11-13T19:57:27.101Z] INFO: Authentication successful for user: admin@example.com
[2025-11-13T19:57:27.101Z] INFO: Questions loaded successfully
[2025-11-13T19:57:27.117Z] INFO: Authentication successful for user: admin@example.com
[2025-11-13T19:57:27.118Z] INFO: Questions loaded successfully
[2025-11-13T19:57:27.130Z] INFO: Authentication successful for user: admin@example.com
[2025-11-13T19:57:27.131Z] INFO: Questions loaded successfully
[2025-11-13T19:57:27.150Z] INFO: Authentication successful for user: admin@example.com
[2025-11-13T19:57:27.151Z] INFO: Questions loaded successfully
[2025-11-13T19:57:27.163Z] INFO: Authentication successful for user: admin@example.com
[2025-11-13T19:57:27.164Z] INFO: Questions loaded successfully
[2025-11-13T19:57:27.185Z] INFO: Authentication successful for user: admin@example.com
[2025-11-13T19:57:27.186Z] INFO: Questions loaded successfully
[2025-11-13T19:57:27.197Z] INFO: Authentication successful for user: admin@example.com
[2025-11-13T19:57:27.198Z] INFO: Questions loaded successfully
[2025-11-13T19:57:27.214Z] INFO: Authentication successful for user: admin@example.com
[2025-11-13T19:57:27.215Z] INFO: Questions loaded successfully
[2025-11-13T19:57:27.229Z] INFO: Authentication successful for user: admin@example.com
[2025-11-13T19:57:27.230Z] INFO: Questions loaded successfully
[2025-11-13T19:57:27.244Z] INFO: Authentication successful for user: admin@example.com
[2025-11-13T19:57:27.245Z] INFO: Questions loaded successfully
[2025-11-13T19:57:27.260Z] INFO: Authentication successful for user: admin@example.com
[2025-11-13T19:57:27.260Z] INFO: Questions loaded successfully
[2025-11-13T19:57:27.272Z] INFO: Authentication successful for user: admin@example.com
[2025-11-13T19:57:27.273Z] INFO: Questions loaded successfully
[2025-11-13T19:57:27.288Z] INFO: Authentication successful for user: admin@example.com
[2025-11-13T19:57:27.289Z] INFO: Questions loaded successfully
[2025-11-13T19:57:27.299Z] INFO: Authentication successful for user: admin@example.com
[2025-11-13T19:57:27.300Z] INFO: Questions loaded successfully
[2025-11-13T19:57:27.318Z] INFO: Authentication successful for user: admin@example.com
[2025-11-13T19:57:27.319Z] INFO: Questions loaded successfully
[2025-11-13T19:57:27.331Z] INFO: Authentication successful for user: admin@example.com
[2025-11-13T19:57:27.332Z] INFO: Questions loaded successfully
[2025-11-13T19:57:27.349Z] INFO: Authentication successful for user: admin@example.com
[2025-11-13T19:57:27.350Z] INFO: Questions loaded successfully
[2025-11-13T19:57:27.362Z] INFO: Authentication successful for user: admin@example.com
[2025-11-13T19:57:27.362Z] INFO: Questions loaded successfully
[2025-11-13T19:57:27.374Z] INFO: Authentication successful for user: admin@example.com
[2025-11-13T19:57:27.375Z] INFO: Questions loaded successfully
[2025-11-13T19:57:27.390Z] INFO: Authentication successful for user: admin@example.com
[2025-11-13T19:57:27.391Z] INFO: Questions loaded successfully
[2025-11-13T19:57:27.404Z] INFO: Authentication successful for user: admin@example.com
[2025-11-13T19:57:27.405Z] INFO: Questions loaded successfully
[2025-11-13T19:57:27.419Z] INFO: Authentication successful for user: admin@example.com
[2025-11-13T19:57:27.420Z] INFO: Questions loaded successfully
[2025-11-13T19:57:27.436Z] INFO: Authentication successful for user: admin@example.com
[2025-11-13T19:57:27.436Z] INFO: Questions loaded successfully
[2025-11-13T19:57:27.451Z] INFO: Authentication successful for user: admin@example.com
[2025-11-13T19:57:27.451Z] INFO: Questions loaded successfully
[2025-11-13T19:57:27.463Z] INFO: Authentication successful for user: admin@example.com
[2025-11-13T19:57:27.464Z] INFO: Questions loaded successfully
[2025-11-13T19:57:27.486Z] INFO: Authentication successful for user: admin@example.com
[2025-11-13T19:57:27.487Z] INFO: Questions loaded successfully
[2025-11-13T19:57:27.502Z] INFO: Authentication successful for user: admin@example.com
[2025-11-13T19:57:27.503Z] INFO: Questions loaded successfully
[2025-11-13T19:57:27.521Z] INFO: Authentication successful for user: admin@example.com
[2025-11-13T19:57:27.522Z] INFO: Questions loaded successfully
[2025-11-13T19:57:27.536Z] INFO: Authentication successful for user: admin@example.com
[2025-11-13T19:57:27.536Z] INFO: Questions loaded successfully
[2025-11-13T19:57:27.554Z] INFO: Authentication successful for user: admin@example.com
[2025-11-13T19:57:27.555Z] INFO: Questions loaded successfully
[2025-11-13T19:57:27.574Z] INFO: Authentication successful for user: admin@example.com
[2025-11-13T19:57:27.574Z] INFO: Questions loaded successfully
[2025-11-13T19:57:27.588Z] INFO: Authentication successful for user: admin@example.com
[2025-11-13T19:57:27.589Z] INFO: Questions loaded successfully
[2025-11-13T19:57:27.601Z] INFO: Authentication successful for user: admin@example.com
[2025-11-13T19:57:27.602Z] INFO: Questions loaded successfully
[2025-11-13T19:57:27.617Z] INFO: Authentication successful for user: admin@example.com
[2025-11-13T19:57:27.618Z] INFO: Questions loaded successfully
[2025-11-13T19:57:27.631Z] INFO: Authentication successful for user: admin@example.com
[2025-11-13T19:57:27.632Z] INFO: Questions loaded successfully
[2025-11-13T19:57:27.647Z] INFO: Authentication successful for user: admin@example.com
[2025-11-13T19:57:27.648Z] INFO: Questions loaded successfully
[2025-11-13T19:57:27.660Z] INFO: Authentication successful for user: admin@example.com
[2025-11-13T19:57:27.661Z] INFO: Questions loaded successfully
[2025-11-13T19:57:27.672Z] INFO: Authentication successful for user: admin@example.com
[2025-11-13T19:57:27.673Z] INFO: Questions loaded successfully
[2025-11-13T19:57:27.687Z] INFO: Authentication successful for user: admin@example.com
[2025-11-13T19:57:27.688Z] INFO: Questions loaded successfully
[2025-11-13T19:57:27.701Z] INFO: Authentication successful for user: admin@example.com
[2025-11-13T19:57:27.702Z] INFO: Questions loaded successfully
[2025-11-13T19:57:27.718Z] INFO: Authentication successful for user: admin@example.com
[2025-11-13T19:57:27.718Z] INFO: Questions loaded successfully
[2025-11-13T19:57:27.729Z] INFO: Authentication successful for user: admin@example.com
[2025-11-13T19:57:27.730Z] INFO: Questions loaded successfully
[2025-11-13T19:57:27.744Z] INFO: Authentication successful for user: admin@example.com
[2025-11-13T19:57:27.745Z] INFO: Questions loaded successfully
[2025-11-13T19:57:27.758Z] INFO: Authentication successful for user: admin@example.com
[2025-11-13T19:57:27.759Z] INFO: Questions loaded successfully
[2025-11-13T19:57:27.774Z] INFO: Authentication successful for user: admin@example.com
[2025-11-13T19:57:27.775Z] INFO: Questions loaded successfully
[2025-11-13T19:57:27.794Z] INFO: Authentication successful for user: admin@example.com
[2025-11-13T19:57:27.795Z] INFO: Questions loaded successfully
[2025-11-13T19:57:27.819Z] INFO: Authentication successful for user: admin@example.com
[2025-11-13T19:57:27.820Z] INFO: Questions loaded successfully
[2025-11-13T19:57:27.842Z] INFO: Authentication successful for user: admin@example.com
[2025-11-13T19:57:27.843Z] INFO: Questions loaded successfully
[2025-11-13T19:57:27.862Z] INFO: Authentication successful for user: admin@example.com
[2025-11-13T19:57:27.863Z] INFO: Questions loaded successfully
[2025-11-13T19:57:27.880Z] INFO: Authentication successful for user: admin@example.com
[2025-11-13T19:57:27.881Z] INFO: Questions loaded successfully
[2025-11-13T19:57:27.898Z] INFO: Authentication successful for user: admin@example.com
[2025-11-13T19:57:27.899Z] INFO: Questions loaded successfully
[2025-11-13T19:57:27.917Z] INFO: Authentication successful for user: admin@example.com
[2025-11-13T19:57:27.917Z] INFO: Questions loaded successfully
[2025-11-13T19:57:27.940Z] INFO: Authentication successful for user: admin@example.com
[2025-11-13T19:57:27.940Z] INFO: Questions loaded successfully
[2025-11-13T19:57:27.958Z] INFO: Authentication successful for user: admin@example.com
[2025-11-13T19:57:27.959Z] INFO: Questions loaded successfully
[2025-11-13T19:57:27.970Z] INFO: Authentication successful for user: admin@example.com
[2025-11-13T19:57:27.971Z] INFO: Questions loaded successfully
[2025-11-13T19:57:27.985Z] INFO: Authentication successful for user: admin@example.com
[2025-11-13T19:57:27.986Z] INFO: Questions loaded successfully
[2025-11-13T19:57:28.004Z] INFO: Authentication successful for user: admin@example.com
[2025-11-13T19:57:28.004Z] INFO: Questions loaded successfully
[2025-11-13T19:57:28.019Z] INFO: Authentication successful for user: admin@example.com
[2025-11-13T19:57:28.020Z] INFO: Questions loaded successfully
[2025-11-13T19:57:28.035Z] INFO: Authentication successful for user: admin@example.com
[2025-11-13T19:57:28.035Z] INFO: Questions loaded successfully
[2025-11-13T19:57:28.050Z] INFO: Authentication successful for user: admin@example.com
[2025-11-13T19:57:28.051Z] INFO: Questions loaded successfully
[2025-11-13T19:57:28.066Z] INFO: Authentication successful for user: admin@example.com
[2025-11-13T19:57:28.067Z] INFO: Questions loaded successfully
[2025-11-13T19:57:28.081Z] INFO: Authentication successful for user: admin@example.com
[2025-11-13T19:57:28.081Z] INFO: Questions loaded successfully
[2025-11-13T19:57:28.097Z] INFO: Authentication successful for user: admin@example.com
[2025-11-13T19:57:28.098Z] INFO: Questions loaded successfully
[2025-11-13T19:57:28.113Z] INFO: Authentication successful for user: admin@example.com
[2025-11-13T19:57:28.114Z] INFO: Questions loaded successfully
[2025-11-13T19:57:28.130Z] INFO: Authentication successful for user: admin@example.com
[2025-11-13T19:57:28.131Z] INFO: Questions loaded successfully
[2025-11-13T19:57:28.148Z] INFO: Authentication successful for user: admin@example.com
[2025-11-13T19:57:28.148Z] INFO: Questions loaded successfully
[2025-11-13T19:57:28.162Z] INFO: Authentication successful for user: admin@example.com
[2025-11-13T19:57:28.163Z] INFO: Questions loaded successfully
[2025-11-13T19:57:28.178Z] INFO: Authentication successful for user: admin@example.com
[2025-11-13T19:57:28.179Z] INFO: Questions loaded successfully
[2025-11-13T19:57:28.195Z] INFO: Authentication successful for user: admin@example.com
[2025-11-13T19:57:28.195Z] INFO: Questions loaded successfully
[2025-11-13T19:57:28.210Z] INFO: Authentication successful for user: admin@example.com
[2025-11-13T19:57:28.211Z] INFO: Questions loaded successfully
[2025-11-13T19:57:28.227Z] INFO: Authentication successful for user: admin@example.com
[2025-11-13T19:57:28.228Z] INFO: Questions loaded successfully
[2025-11-13T19:57:28.243Z] INFO: Authentication successful for user: admin@example.com
[2025-11-13T19:57:28.244Z] INFO: Questions loaded successfully
[2025-11-13T19:57:28.260Z] INFO: Authentication successful for user: admin@example.com
[2025-11-13T19:57:28.261Z] INFO: Questions loaded successfully
[2025-11-13T19:57:28.275Z] INFO: Authentication successful for user: admin@example.com
[2025-11-13T19:57:28.276Z] INFO: Questions loaded successfully
[2025-11-13T19:57:28.289Z] INFO: Authentication successful for user: admin@example.com
[2025-11-13T19:57:28.290Z] INFO: Questions loaded successfully
[2025-11-13T19:57:28.304Z] INFO: Authentication successful for user: admin@example.com
[2025-11-13T19:57:28.304Z] INFO: Questions loaded successfully
[2025-11-13T19:57:28.321Z] INFO: Authentication successful for user: admin@example.com
[2025-11-13T19:57:28.322Z] INFO: Questions loaded successfully
[2025-11-13T19:57:28.333Z] INFO: Authentication successful for user: admin@example.com
[2025-11-13T19:57:28.334Z] INFO: Questions loaded successfully
[2025-11-13T19:57:28.350Z] INFO: Authentication successful for user: admin@example.com
[2025-11-13T19:57:28.351Z] INFO: Questions loaded successfully
[2025-11-13T19:57:28.363Z] INFO: Authentication successful for user: admin@example.com
[2025-11-13T19:57:28.363Z] INFO: Questions loaded successfully
[2025-11-13T19:57:28.378Z] INFO: Authentication successful for user: admin@example.com
[2025-11-13T19:57:28.379Z] INFO: Questions loaded successfully
[2025-11-13T19:57:28.392Z] INFO: Authentication successful for user: admin@example.com
[2025-11-13T19:57:28.393Z] INFO: Questions loaded successfully
[2025-11-13T19:57:28.407Z] INFO: Authentication successful for user: admin@example.com
[2025-11-13T19:57:28.408Z] INFO: Questions loaded successfully
[2025-11-13T19:57:28.424Z] INFO: Authentication successful for user: admin@example.com
[2025-11-13T19:57:28.425Z] INFO: Questions loaded successfully
[2025-11-13T19:57:28.442Z] INFO: Authentication successful for user: admin@example.com
[2025-11-13T19:57:28.443Z] INFO: Questions loaded successfully
[2025-11-13T19:57:28.457Z] INFO: Authentication successful for user: admin@example.com
[2025-11-13T19:57:28.458Z] INFO: Questions loaded successfully
[2025-11-13T19:57:28.470Z] INFO: Authentication successful for user: admin@example.com
[2025-11-13T19:57:28.471Z] INFO: Questions loaded successfully
[2025-11-13T19:57:28.486Z] INFO: Authentication successful for user: admin@example.com
[2025-11-13T19:57:28.487Z] INFO: Questions loaded successfully
[2025-11-13T19:57:28.496Z] INFO: Authentication successful for user: admin@example.com
[2025-11-13T19:57:28.497Z] INFO: Questions loaded successfully
[2025-11-13T19:57:28.519Z] INFO: Authentication successful for user: admin@example.com
[2025-11-13T19:57:28.520Z] INFO: Questions loaded successfully
[2025-11-13T19:57:28.530Z] INFO: Authentication successful for user: admin@example.com
[2025-11-13T19:57:28.531Z] INFO: Questions loaded successfully
[2025-11-13T19:57:28.546Z] INFO: Authentication successful for user: admin@example.com
[2025-11-13T19:57:28.547Z] INFO: Questions loaded successfully
[2025-11-13T19:57:28.560Z] INFO: Authentication successful for user: admin@example.com
[2025-11-13T19:57:28.561Z] INFO: Questions loaded successfully
[2025-11-13T19:57:28.576Z] INFO: Authentication successful for user: admin@example.com
[2025-11-13T19:57:28.577Z] INFO: Questions loaded successfully
[2025-11-13T19:57:28.591Z] INFO: Authentication successful for user: admin@example.com
[2025-11-13T19:57:28.592Z] INFO: Questions loaded successfully
[2025-11-13T19:57:28.603Z] INFO: Authentication successful for user: admin@example.com
[2025-11-13T19:57:28.604Z] INFO: Questions loaded successfully
[2025-11-13T19:57:28.621Z] INFO: Authentication successful for user: admin@example.com
[2025-11-13T19:57:28.621Z] INFO: Questions loaded successfully
[2025-11-13T19:57:28.634Z] INFO: Authentication successful for user: admin@example.com
[2025-11-13T19:57:28.635Z] INFO: Questions loaded successfully
[2025-11-13T19:57:28.650Z] INFO: Authentication successful for user: admin@example.com
[2025-11-13T19:57:28.651Z] INFO: Questions loaded successfully
[2025-11-13T19:57:28.662Z] INFO: Authentication successful for user: admin@example.com
[2025-11-13T19:57:28.663Z] INFO: Questions loaded successfully
[2025-11-13T19:57:28.680Z] INFO: Authentication successful for user: admin@example.com
[2025-11-13T19:57:28.681Z] INFO: Questions loaded successfully
[2025-11-13T19:57:28.696Z] INFO: Authentication successful for user: admin@example.com
[2025-11-13T19:57:28.697Z] INFO: Questions loaded successfully
[2025-11-13T19:57:28.720Z] INFO: Authentication successful for user: admin@example.com
[2025-11-13T19:57:28.720Z] INFO: Questions loaded successfully
[2025-11-13T19:57:28.739Z] INFO: Authentication successful for user: admin@example.com
[2025-11-13T19:57:28.739Z] INFO: Questions loaded successfully
[2025-11-13T19:57:28.758Z] INFO: Authentication successful for user: admin@example.com
[2025-11-13T19:57:28.759Z] INFO: Questions loaded successfully
[2025-11-13T19:57:28.774Z] INFO: Authentication successful for user: admin@example.com
[2025-11-13T19:57:28.775Z] INFO: Questions loaded successfully
[2025-11-13T19:57:28.792Z] INFO: Authentication successful for user: admin@example.com
[2025-11-13T19:57:28.792Z] INFO: Questions loaded successfully
[2025-11-13T19:57:28.811Z] INFO: Authentication successful for user: admin@example.com
[2025-11-13T19:57:28.812Z] INFO: Questions loaded successfully
[2025-11-13T19:57:28.828Z] INFO: Authentication successful for user: admin@example.com
[2025-11-13T19:57:28.829Z] INFO: Questions loaded successfully
[2025-11-13T19:57:28.860Z] INFO: Authentication successful for user: admin@example.com
[2025-11-13T19:57:28.861Z] INFO: Questions loaded successfully
[2025-11-13T19:57:28.881Z] INFO: Authentication successful for user: admin@example.com
[2025-11-13T19:57:28.882Z] INFO: Questions loaded successfully
[2025-11-13T19:57:28.894Z] INFO: Authentication successful for user: admin@example.com
[2025-11-13T19:57:28.895Z] INFO: Questions loaded successfully
[2025-11-13T19:57:28.913Z] INFO: Authentication successful for user: admin@example.com
[2025-11-13T19:57:28.914Z] INFO: Questions loaded successfully
[2025-11-13T19:57:28.928Z] INFO: Authentication successful for user: admin@example.com
[2025-11-13T19:57:28.929Z] INFO: Questions loaded successfully
[2025-11-13T19:57:28.946Z] INFO: Authentication successful for user: admin@example.com
[2025-11-13T19:57:28.946Z] INFO: Questions loaded successfully
[2025-11-13T19:57:28.962Z] INFO: Authentication successful for user: admin@example.com
[2025-11-13T19:57:28.964Z] INFO: Questions loaded successfully
[2025-11-13T19:57:28.978Z] INFO: Authentication successful for user: admin@example.com
[2025-11-13T19:57:28.978Z] INFO: Questions loaded successfully
[2025-11-13T19:57:28.992Z] INFO: Authentication successful for user: admin@example.com
[2025-11-13T19:57:28.993Z] INFO: Questions loaded successfully
[2025-11-13T19:57:29.009Z] INFO: Authentication successful for user: admin@example.com
[2025-11-13T19:57:29.010Z] INFO: Questions loaded successfully
[2025-11-13T19:57:29.024Z] INFO: Authentication successful for user: admin@example.com
[2025-11-13T19:57:29.025Z] INFO: Questions loaded successfully
[2025-11-13T19:57:29.038Z] INFO: Authentication successful for user: admin@example.com
[2025-11-13T19:57:29.039Z] INFO: Questions loaded successfully
[2025-11-13T19:57:29.057Z] INFO: Authentication successful for user: admin@example.com
[2025-11-13T19:57:29.058Z] INFO: Questions loaded successfully
[2025-11-13T19:57:29.074Z] INFO: Authentication successful for user: admin@example.com
[2025-11-13T19:57:29.074Z] INFO: Questions loaded successfully
[2025-11-13T19:57:29.091Z] INFO: Authentication successful for user: admin@example.com
[2025-11-13T19:57:29.092Z] INFO: Questions loaded successfully
[2025-11-13T19:57:29.108Z] INFO: Authentication successful for user: admin@example.com
[2025-11-13T19:57:29.109Z] INFO: Questions loaded successfully
[2025-11-13T19:57:29.128Z] INFO: Authentication successful for user: admin@example.com
[2025-11-13T19:57:29.129Z] INFO: Questions loaded successfully
[2025-11-13T19:57:29.145Z] INFO: Authentication successful for user: admin@example.com
[2025-11-13T19:57:29.146Z] INFO: Questions loaded successfully
[2025-11-13T19:57:29.164Z] INFO: Authentication successful for user: admin@example.com
[2025-11-13T19:57:29.165Z] INFO: Questions loaded successfully
[2025-11-13T19:57:29.183Z] INFO: Authentication successful for user: admin@example.com
[2025-11-13T19:57:29.184Z] INFO: Questions loaded successfully
[2025-11-13T19:57:29.194Z] INFO: Authentication successful for user: admin@example.com
[2025-11-13T19:57:29.195Z] INFO: Questions loaded successfully
[2025-11-13T19:57:29.213Z] INFO: Authentication successful for user: admin@example.com
[2025-11-13T19:57:29.214Z] INFO: Questions loaded successfully
[2025-11-13T19:57:29.230Z] INFO: Authentication successful for user: admin@example.com
[2025-11-13T19:57:29.231Z] INFO: Questions loaded successfully
[2025-11-13T19:57:29.248Z] INFO: Authentication successful for user: admin@example.com
[2025-11-13T19:57:29.249Z] INFO: Questions loaded successfully
[2025-11-13T19:57:29.261Z] INFO: Authentication successful for user: admin@example.com
[2025-11-13T19:57:29.262Z] INFO: Questions loaded successfully
[2025-11-13T19:57:29.284Z] INFO: Authentication successful for user: admin@example.com
[2025-11-13T19:57:29.285Z] INFO: Questions loaded successfully
[2025-11-13T19:57:29.305Z] INFO: Authentication successful for user: admin@example.com
[2025-11-13T19:57:29.306Z] INFO: Questions loaded successfully
[2025-11-13T19:57:29.326Z] INFO: Authentication successful for user: admin@example.com
[2025-11-13T19:57:29.327Z] INFO: Questions loaded successfully
[2025-11-13T19:57:29.343Z] INFO: Authentication successful for user: admin@example.com
[2025-11-13T19:57:29.344Z] INFO: Questions loaded successfully
[2025-11-13T19:57:29.361Z] INFO: Authentication successful for user: admin@example.com
[2025-11-13T19:57:29.362Z] INFO: Questions loaded successfully
[2025-11-13T19:57:29.373Z] INFO: Authentication successful for user: admin@example.com
[2025-11-13T19:57:29.374Z] INFO: Questions loaded successfully
[2025-11-13T19:57:29.388Z] INFO: Authentication successful for user: admin@example.com
[2025-11-13T19:57:29.389Z] INFO: Questions loaded successfully
[2025-11-13T19:57:29.406Z] INFO: Authentication successful for user: admin@example.com
[2025-11-13T19:57:29.407Z] INFO: Questions loaded successfully
[2025-11-13T19:57:29.418Z] INFO: Authentication successful for user: admin@example.com
[2025-11-13T19:57:29.419Z] INFO: Questions loaded successfully
[2025-11-13T19:57:29.435Z] INFO: Authentication successful for user: admin@example.com
[2025-11-13T19:57:29.435Z] INFO: Questions loaded successfully
[2025-11-13T19:57:29.446Z] INFO: Authentication successful for user: admin@example.com
[2025-11-13T19:57:29.447Z] INFO: Questions loaded successfully
[2025-11-13T19:57:29.474Z] INFO: Authentication successful for user: admin@example.com
[2025-11-13T19:57:29.475Z] INFO: Questions loaded successfully
[2025-11-13T19:57:29.495Z] INFO: Authentication successful for user: admin@example.com
[2025-11-13T19:57:29.496Z] INFO: Questions loaded successfully
[2025-11-13T19:57:29.514Z] INFO: Authentication successful for user: admin@example.com
[2025-11-13T19:57:29.515Z] INFO: Questions loaded successfully
[2025-11-13T19:57:29.536Z] INFO: Authentication successful for user: admin@example.com
[2025-11-13T19:57:29.537Z] INFO: Questions loaded successfully
[2025-11-13T19:57:29.555Z] INFO: Authentication successful for user: admin@example.com
[2025-11-13T19:57:29.556Z] INFO: Questions loaded successfully
[2025-11-13T19:57:29.573Z] INFO: Authentication successful for user: admin@example.com
[2025-11-13T19:57:29.574Z] INFO: Questions loaded successfully
[2025-11-13T19:57:29.591Z] INFO: Authentication successful for user: admin@example.com
[2025-11-13T19:57:29.592Z] INFO: Questions loaded successfully
[2025-11-13T19:57:29.615Z] INFO: Authentication successful for user: admin@example.com
[2025-11-13T19:57:29.616Z] INFO: Questions loaded successfully
[2025-11-13T19:57:29.629Z] INFO: Authentication successful for user: admin@example.com
[2025-11-13T19:57:29.631Z] INFO: Questions loaded successfully
[2025-11-13T19:57:29.650Z] INFO: Authentication successful for user: admin@example.com
[2025-11-13T19:57:29.650Z] INFO: Questions loaded successfully
[2025-11-13T19:57:29.663Z] INFO: Authentication successful for user: admin@example.com
[2025-11-13T19:57:29.664Z] INFO: Questions loaded successfully
[2025-11-13T19:57:29.682Z] INFO: Authentication successful for user: admin@example.com
[2025-11-13T19:57:29.683Z] INFO: Questions loaded successfully
[2025-11-13T19:57:29.698Z] INFO: Authentication successful for user: admin@example.com
[2025-11-13T19:57:29.699Z] INFO: Questions loaded successfully
[2025-11-13T19:57:29.715Z] INFO: Authentication successful for user: admin@example.com
[2025-11-13T19:57:29.716Z] INFO: Questions loaded successfully
[2025-11-13T19:57:29.729Z] INFO: Authentication successful for user: admin@example.com
[2025-11-13T19:57:29.730Z] INFO: Questions loaded successfully
[2025-11-13T19:57:29.748Z] INFO: Authentication successful for user: admin@example.com
[2025-11-13T19:57:29.749Z] INFO: Questions loaded successfully
[2025-11-13T19:57:29.761Z] INFO: Authentication successful for user: admin@example.com
[2025-11-13T19:57:29.762Z] INFO: Questions loaded successfully
[2025-11-13T19:57:29.780Z] INFO: Authentication successful for user: admin@example.com
[2025-11-13T19:57:29.781Z] INFO: Questions loaded successfully
[2025-11-13T19:57:29.793Z] INFO: Authentication successful for user: admin@example.com
[2025-11-13T19:57:29.793Z] INFO: Questions loaded successfully
[2025-11-13T19:57:29.811Z] INFO: Authentication successful for user: admin@example.com
[2025-11-13T19:57:29.812Z] INFO: Questions loaded successfully
[2025-11-13T19:57:29.823Z] INFO: Authentication successful for user: admin@example.com
[2025-11-13T19:57:29.824Z] INFO: Questions loaded successfully
[2025-11-13T19:57:29.838Z] INFO: Authentication successful for user: admin@example.com
[2025-11-13T19:57:29.839Z] INFO: Questions loaded successfully
[2025-11-13T19:57:29.854Z] INFO: Authentication successful for user: admin@example.com
[2025-11-13T19:57:29.855Z] INFO: Questions loaded successfully
[2025-11-13T19:57:29.871Z] INFO: Authentication successful for user: admin@example.com
[2025-11-13T19:57:29.872Z] INFO: Questions loaded successfully
[2025-11-13T19:57:29.890Z] INFO: Authentication successful for user: admin@example.com
[2025-11-13T19:57:29.890Z] INFO: Questions loaded successfully
[2025-11-13T19:57:29.907Z] INFO: Authentication successful for user: admin@example.com
[2025-11-13T19:57:29.908Z] INFO: Questions loaded successfully
[2025-11-13T19:57:29.924Z] INFO: Authentication successful for user: admin@example.com
[2025-11-13T19:57:29.924Z] INFO: Questions loaded successfully
[2025-11-13T19:57:29.939Z] INFO: Authentication successful for user: admin@example.com
[2025-11-13T19:57:29.940Z] INFO: Questions loaded successfully
[2025-11-13T19:57:29.955Z] INFO: Authentication successful for user: admin@example.com
[2025-11-13T19:57:29.956Z] INFO: Questions loaded successfully
[2025-11-13T19:57:29.972Z] INFO: Authentication successful for user: admin@example.com
[2025-11-13T19:57:29.972Z] INFO: Questions loaded successfully
[2025-11-13T19:57:29.989Z] INFO: Authentication successful for user: admin@example.com
[2025-11-13T19:57:29.990Z] INFO: Questions loaded successfully
[2025-11-13T19:57:30.005Z] INFO: Authentication successful for user: admin@example.com
[2025-11-13T19:57:30.006Z] INFO: Questions loaded successfully
[2025-11-13T19:57:30.022Z] INFO: Authentication successful for user: admin@example.com
[2025-11-13T19:57:30.023Z] INFO: Questions loaded successfully
[2025-11-13T19:57:30.037Z] INFO: Authentication successful for user: admin@example.com
[2025-11-13T19:57:30.038Z] INFO: Questions loaded successfully
[2025-11-13T19:57:30.056Z] INFO: Authentication successful for user: admin@example.com
[2025-11-13T19:57:30.057Z] INFO: Questions loaded successfully
[2025-11-13T19:57:30.073Z] INFO: Authentication successful for user: admin@example.com
[2025-11-13T19:57:30.073Z] INFO: Questions loaded successfully
[2025-11-13T19:57:30.089Z] INFO: Authentication successful for user: admin@example.com
[2025-11-13T19:57:30.090Z] INFO: Questions loaded successfully
[2025-11-13T19:57:30.106Z] INFO: Authentication successful for user: admin@example.com
[2025-11-13T19:57:30.107Z] INFO: Questions loaded successfully
[2025-11-13T19:57:30.123Z] INFO: Authentication successful for user: admin@example.com
[2025-11-13T19:57:30.124Z] INFO: Questions loaded successfully
[2025-11-13T19:57:30.138Z] INFO: Authentication successful for user: admin@example.com
[2025-11-13T19:57:30.138Z] INFO: Questions loaded successfully
[2025-11-13T19:57:30.158Z] INFO: Authentication successful for user: admin@example.com
[2025-11-13T19:57:30.158Z] INFO: Questions loaded successfully
[2025-11-13T19:57:30.174Z] INFO: Authentication successful for user: admin@example.com
[2025-11-13T19:57:30.175Z] INFO: Questions loaded successfully
[2025-11-13T19:57:30.194Z] INFO: Authentication successful for user: admin@example.com
[2025-11-13T19:57:30.196Z] INFO: Questions loaded successfully
[2025-11-13T19:57:30.208Z] INFO: Authentication successful for user: admin@example.com
[2025-11-13T19:57:30.209Z] INFO: Questions loaded successfully
[2025-11-13T19:57:30.226Z] INFO: Authentication successful for user: admin@example.com
[2025-11-13T19:57:30.227Z] INFO: Questions loaded successfully
[2025-11-13T19:57:30.241Z] INFO: Authentication successful for user: admin@example.com
[2025-11-13T19:57:30.241Z] INFO: Questions loaded successfully
[2025-11-13T19:57:30.256Z] INFO: Authentication successful for user: admin@example.com
[2025-11-13T19:57:30.257Z] INFO: Questions loaded successfully
[2025-11-13T19:57:30.273Z] INFO: Authentication successful for user: admin@example.com
[2025-11-13T19:57:30.273Z] INFO: Questions loaded successfully
[2025-11-13T19:57:30.288Z] INFO: Authentication successful for user: admin@example.com
[2025-11-13T19:57:30.289Z] INFO: Questions loaded successfully
[2025-11-13T19:57:30.304Z] INFO: Authentication successful for user: admin@example.com
[2025-11-13T19:57:30.304Z] INFO: Questions loaded successfully
[2025-11-13T19:57:30.320Z] INFO: Authentication successful for user: admin@example.com
[2025-11-13T19:57:30.321Z] INFO: Questions loaded successfully
[2025-11-13T19:57:30.336Z] INFO: Authentication successful for user: admin@example.com
[2025-11-13T19:57:30.337Z] INFO: Questions loaded successfully
[2025-11-13T19:57:30.350Z] INFO: Authentication successful for user: admin@example.com
[2025-11-13T19:57:30.350Z] INFO: Questions loaded successfully
[2025-11-13T19:57:30.365Z] INFO: Authentication successful for user: admin@example.com
[2025-11-13T19:57:30.367Z] INFO: Questions loaded successfully
[2025-11-13T19:57:30.376Z] INFO: Authentication successful for user: admin@example.com
[2025-11-13T19:57:30.377Z] INFO: Questions loaded successfully
[2025-11-13T19:57:30.393Z] INFO: Authentication successful for user: admin@example.com
[2025-11-13T19:57:30.394Z] INFO: Questions loaded successfully
[2025-11-13T19:57:30.407Z] INFO: Authentication successful for user: admin@example.com
[2025-11-13T19:57:30.408Z] INFO: Questions loaded successfully
[2025-11-13T19:57:30.423Z] INFO: Authentication successful for user: admin@example.com
[2025-11-13T19:57:30.424Z] INFO: Questions loaded successfully
[2025-11-13T19:57:30.441Z] INFO: Authentication successful for user: admin@example.com
[2025-11-13T19:57:30.442Z] INFO: Questions loaded successfully
[2025-11-13T19:57:30.458Z] INFO: Authentication successful for user: admin@example.com
[2025-11-13T19:57:30.458Z] INFO: Questions loaded successfully
[2025-11-13T19:57:30.473Z] INFO: Authentication successful for user: admin@example.com
[2025-11-13T19:57:30.473Z] INFO: Questions loaded successfully
[2025-11-13T19:57:30.487Z] INFO: Authentication successful for user: admin@example.com
[2025-11-13T19:57:30.488Z] INFO: Questions loaded successfully
[2025-11-13T19:57:30.503Z] INFO: Authentication successful for user: admin@example.com
[2025-11-13T19:57:30.504Z] INFO: Questions loaded successfully
[2025-11-13T19:57:30.516Z] INFO: Authentication successful for user: admin@example.com
[2025-11-13T19:57:30.517Z] INFO: Questions loaded successfully
[2025-11-13T19:57:30.535Z] INFO: Authentication successful for user: admin@example.com
[2025-11-13T19:57:30.535Z] INFO: Questions loaded successfully
[2025-11-13T19:57:30.556Z] INFO: Authentication successful for user: admin@example.com
[2025-11-13T19:57:30.557Z] INFO: Questions loaded successfully
[2025-11-13T19:57:30.573Z] INFO: Authentication successful for user: admin@example.com
[2025-11-13T19:57:30.573Z] INFO: Questions loaded successfully
[2025-11-13T19:57:30.589Z] INFO: Authentication successful for user: admin@example.com
[2025-11-13T19:57:30.590Z] INFO: Questions loaded successfully
[2025-11-13T19:57:30.606Z] INFO: Authentication successful for user: admin@example.com
[2025-11-13T19:57:30.607Z] INFO: Questions loaded successfully
[2025-11-13T20:00:18.681Z] INFO: Login attempt: email=admin@example.com
[2025-11-13T20:00:18.742Z] INFO: Login successful: email=admin@example.com, id=3
[2025-11-13T20:00:18.772Z] INFO: Authentication successful for user: admin@example.com
[2025-11-13T20:00:18.773Z] INFO: Questions loaded successfully
[2025-11-13T20:00:18.777Z] INFO: Authentication successful for user: admin@example.com
[2025-11-13T20:00:18.778Z] INFO: Questions loaded successfully
[2025-11-13T20:00:18.790Z] INFO: Authentication successful for user: admin@example.com
[2025-11-13T20:00:18.791Z] INFO: Questions loaded successfully
[2025-11-13T20:00:18.802Z] INFO: Authentication successful for user: admin@example.com
[2025-11-13T20:00:18.803Z] INFO: Questions loaded successfully
[2025-11-13T20:00:18.815Z] INFO: Authentication successful for user: admin@example.com
[2025-11-13T20:00:18.815Z] INFO: Questions loaded successfully
[2025-11-13T20:00:18.824Z] INFO: Authentication successful for user: admin@example.com
[2025-11-13T20:00:18.825Z] INFO: Questions loaded successfully
[2025-11-13T20:00:18.835Z] INFO: Authentication successful for user: admin@example.com
[2025-11-13T20:00:18.836Z] INFO: Questions loaded successfully
[2025-11-13T20:00:18.847Z] INFO: Authentication successful for user: admin@example.com
[2025-11-13T20:00:18.848Z] INFO: Questions loaded successfully
[2025-11-13T20:00:18.856Z] INFO: Authentication successful for user: admin@example.com
[2025-11-13T20:00:18.857Z] INFO: Questions loaded successfully
[2025-11-13T20:00:18.867Z] INFO: Authentication successful for user: admin@example.com
[2025-11-13T20:00:18.868Z] INFO: Questions loaded successfully
[2025-11-13T20:00:18.879Z] INFO: Authentication successful for user: admin@example.com
[2025-11-13T20:00:18.879Z] INFO: Questions loaded successfully
[2025-11-13T20:00:18.889Z] INFO: Authentication successful for user: admin@example.com
[2025-11-13T20:00:18.889Z] INFO: Questions loaded successfully
[2025-11-13T20:00:18.901Z] INFO: Authentication successful for user: admin@example.com
[2025-11-13T20:00:18.902Z] INFO: Questions loaded successfully
[2025-11-13T20:00:18.911Z] INFO: Authentication successful for user: admin@example.com
[2025-11-13T20:00:18.912Z] INFO: Questions loaded successfully
[2025-11-13T20:00:18.924Z] INFO: Authentication successful for user: admin@example.com
[2025-11-13T20:00:18.925Z] INFO: Questions loaded successfully
[2025-11-13T20:00:18.934Z] INFO: Authentication successful for user: admin@example.com
[2025-11-13T20:00:18.935Z] INFO: Questions loaded successfully
[2025-11-13T20:00:18.945Z] INFO: Authentication successful for user: admin@example.com
[2025-11-13T20:00:18.946Z] INFO: Questions loaded successfully
[2025-11-13T20:00:18.959Z] INFO: Authentication successful for user: admin@example.com
[2025-11-13T20:00:18.960Z] INFO: Questions loaded successfully
[2025-11-13T20:00:18.969Z] INFO: Authentication successful for user: admin@example.com
[2025-11-13T20:00:18.969Z] INFO: Questions loaded successfully
[2025-11-13T20:00:18.979Z] INFO: Authentication successful for user: admin@example.com
[2025-11-13T20:00:18.980Z] INFO: Questions loaded successfully
[2025-11-13T20:00:18.989Z] INFO: Authentication successful for user: admin@example.com
[2025-11-13T20:00:18.990Z] INFO: Questions loaded successfully
[2025-11-13T20:00:18.998Z] INFO: Authentication successful for user: admin@example.com
[2025-11-13T20:00:18.999Z] INFO: Questions loaded successfully
[2025-11-13T20:00:19.027Z] INFO: Authentication successful for user: admin@example.com
[2025-11-13T20:00:19.028Z] INFO: Questions loaded successfully
[2025-11-13T20:00:19.032Z] INFO: Authentication successful for user: admin@example.com
[2025-11-13T20:00:19.033Z] INFO: Questions loaded successfully
[2025-11-13T20:00:19.054Z] INFO: Authentication successful for user: admin@example.com
[2025-11-13T20:00:19.055Z] INFO: Questions loaded successfully
[2025-11-13T20:00:19.066Z] INFO: Authentication successful for user: admin@example.com
[2025-11-13T20:00:19.067Z] INFO: Questions loaded successfully
[2025-11-13T20:00:19.077Z] INFO: Authentication successful for user: admin@example.com
[2025-11-13T20:00:19.078Z] INFO: Questions loaded successfully
[2025-11-13T20:00:19.095Z] INFO: Authentication successful for user: admin@example.com
[2025-11-13T20:00:19.095Z] INFO: Questions loaded successfully
[2025-11-13T20:00:19.105Z] INFO: Authentication successful for user: admin@example.com
[2025-11-13T20:00:19.106Z] INFO: Questions loaded successfully
[2025-11-13T20:00:19.116Z] INFO: Authentication successful for user: admin@example.com
[2025-11-13T20:00:19.117Z] INFO: Questions loaded successfully
[2025-11-13T20:00:19.126Z] INFO: Authentication successful for user: admin@example.com
[2025-11-13T20:00:19.127Z] INFO: Questions loaded successfully
[2025-11-13T20:00:19.136Z] INFO: Authentication successful for user: admin@example.com
[2025-11-13T20:00:19.137Z] INFO: Questions loaded successfully
[2025-11-13T20:00:19.148Z] INFO: Authentication successful for user: admin@example.com
[2025-11-13T20:00:19.149Z] INFO: Questions loaded successfully
[2025-11-13T20:00:19.161Z] INFO: Authentication successful for user: admin@example.com
[2025-11-13T20:00:19.161Z] INFO: Questions loaded successfully
[2025-11-13T20:00:19.169Z] INFO: Authentication successful for user: admin@example.com
[2025-11-13T20:00:19.170Z] INFO: Questions loaded successfully
[2025-11-13T20:00:19.180Z] INFO: Authentication successful for user: admin@example.com
[2025-11-13T20:00:19.181Z] INFO: Questions loaded successfully
[2025-11-13T20:00:19.188Z] INFO: Authentication successful for user: admin@example.com
[2025-11-13T20:00:19.189Z] INFO: Questions loaded successfully
[2025-11-13T20:00:19.203Z] INFO: Authentication successful for user: admin@example.com
[2025-11-13T20:00:19.203Z] INFO: Questions loaded successfully
[2025-11-13T20:00:19.206Z] INFO: Authentication successful for user: admin@example.com
[2025-11-13T20:00:19.207Z] INFO: Questions loaded successfully
[2025-11-13T20:00:19.222Z] INFO: Authentication successful for user: admin@example.com
[2025-11-13T20:00:19.222Z] INFO: Questions loaded successfully
[2025-11-13T20:00:19.230Z] INFO: Authentication successful for user: admin@example.com
[2025-11-13T20:00:19.230Z] INFO: Questions loaded successfully
[2025-11-13T20:00:19.240Z] INFO: Authentication successful for user: admin@example.com
[2025-11-13T20:00:19.240Z] INFO: Questions loaded successfully
[2025-11-13T20:00:19.251Z] INFO: Authentication successful for user: admin@example.com
[2025-11-13T20:00:19.252Z] INFO: Questions loaded successfully
[2025-11-13T20:00:19.259Z] INFO: Authentication successful for user: admin@example.com
[2025-11-13T20:00:19.260Z] INFO: Questions loaded successfully
[2025-11-13T20:00:19.270Z] INFO: Authentication successful for user: admin@example.com
[2025-11-13T20:00:19.270Z] INFO: Questions loaded successfully
[2025-11-13T20:00:19.281Z] INFO: Authentication successful for user: admin@example.com
[2025-11-13T20:00:19.282Z] INFO: Questions loaded successfully
[2025-11-13T20:00:19.289Z] INFO: Authentication successful for user: admin@example.com
[2025-11-13T20:00:19.290Z] INFO: Questions loaded successfully
[2025-11-13T20:00:19.300Z] INFO: Authentication successful for user: admin@example.com
[2025-11-13T20:00:19.300Z] INFO: Questions loaded successfully
[2025-11-13T20:00:19.307Z] INFO: Authentication successful for user: admin@example.com
[2025-11-13T20:00:19.308Z] INFO: Questions loaded successfully
[2025-11-13T20:00:19.316Z] INFO: Authentication successful for user: admin@example.com
[2025-11-13T20:00:19.317Z] INFO: Questions loaded successfully
[2025-11-13T20:00:19.328Z] INFO: Authentication successful for user: admin@example.com
[2025-11-13T20:00:19.329Z] INFO: Questions loaded successfully
[2025-11-13T20:00:19.336Z] INFO: Authentication successful for user: admin@example.com
[2025-11-13T20:00:19.337Z] INFO: Questions loaded successfully
[2025-11-13T20:00:19.346Z] INFO: Authentication successful for user: admin@example.com
[2025-11-13T20:00:19.347Z] INFO: Questions loaded successfully
[2025-11-13T20:00:19.356Z] INFO: Authentication successful for user: admin@example.com
[2025-11-13T20:00:19.357Z] INFO: Questions loaded successfully
[2025-11-13T20:00:19.367Z] INFO: Authentication successful for user: admin@example.com
[2025-11-13T20:00:19.367Z] INFO: Questions loaded successfully
[2025-11-13T20:00:19.376Z] INFO: Authentication successful for user: admin@example.com
[2025-11-13T20:00:19.377Z] INFO: Questions loaded successfully
[2025-11-13T20:00:19.386Z] INFO: Authentication successful for user: admin@example.com
[2025-11-13T20:00:19.387Z] INFO: Questions loaded successfully
[2025-11-13T20:00:19.396Z] INFO: Authentication successful for user: admin@example.com
[2025-11-13T20:00:19.397Z] INFO: Questions loaded successfully
[2025-11-13T20:00:19.404Z] INFO: Authentication successful for user: admin@example.com
[2025-11-13T20:00:19.405Z] INFO: Questions loaded successfully
[2025-11-13T20:00:19.413Z] INFO: Authentication successful for user: admin@example.com
[2025-11-13T20:00:19.413Z] INFO: Questions loaded successfully
[2025-11-13T20:00:19.423Z] INFO: Authentication successful for user: admin@example.com
[2025-11-13T20:00:19.424Z] INFO: Questions loaded successfully
[2025-11-13T20:00:19.435Z] INFO: Authentication successful for user: admin@example.com
[2025-11-13T20:00:19.435Z] INFO: Questions loaded successfully
[2025-11-13T20:00:19.443Z] INFO: Authentication successful for user: admin@example.com
[2025-11-13T20:00:19.444Z] INFO: Questions loaded successfully
[2025-11-13T20:00:19.450Z] INFO: Authentication successful for user: admin@example.com
[2025-11-13T20:00:19.450Z] INFO: Questions loaded successfully
[2025-11-13T20:00:19.456Z] INFO: Authentication successful for user: admin@example.com
[2025-11-13T20:00:19.457Z] INFO: Questions loaded successfully
[2025-11-13T20:00:19.466Z] INFO: Authentication successful for user: admin@example.com
[2025-11-13T20:00:19.467Z] INFO: Questions loaded successfully
[2025-11-13T20:00:19.477Z] INFO: Authentication successful for user: admin@example.com
[2025-11-13T20:00:19.478Z] INFO: Questions loaded successfully
[2025-11-13T20:00:19.487Z] INFO: Authentication successful for user: admin@example.com
[2025-11-13T20:00:19.488Z] INFO: Questions loaded successfully
[2025-11-13T20:00:19.496Z] INFO: Authentication successful for user: admin@example.com
[2025-11-13T20:00:19.498Z] INFO: Questions loaded successfully
[2025-11-13T20:00:19.507Z] INFO: Authentication successful for user: admin@example.com
[2025-11-13T20:00:19.508Z] INFO: Questions loaded successfully
[2025-11-13T20:00:19.534Z] INFO: Authentication successful for user: admin@example.com
[2025-11-13T20:00:19.535Z] INFO: Questions loaded successfully
[2025-11-13T20:00:19.555Z] INFO: Authentication successful for user: admin@example.com
[2025-11-13T20:00:19.555Z] INFO: Questions loaded successfully
[2025-11-13T20:00:19.571Z] INFO: Authentication successful for user: admin@example.com
[2025-11-13T20:00:19.572Z] INFO: Questions loaded successfully
[2025-11-13T20:00:19.582Z] INFO: Authentication successful for user: admin@example.com
[2025-11-13T20:00:19.582Z] INFO: Questions loaded successfully
[2025-11-13T20:00:19.597Z] INFO: Authentication successful for user: admin@example.com
[2025-11-13T20:00:19.599Z] INFO: Questions loaded successfully
[2025-11-13T20:00:19.605Z] INFO: Authentication successful for user: admin@example.com
[2025-11-13T20:00:19.606Z] INFO: Questions loaded successfully
[2025-11-13T20:00:19.616Z] INFO: Authentication successful for user: admin@example.com
[2025-11-13T20:00:19.617Z] INFO: Questions loaded successfully
[2025-11-13T20:00:19.628Z] INFO: Authentication successful for user: admin@example.com
[2025-11-13T20:00:19.629Z] INFO: Questions loaded successfully
[2025-11-13T20:00:19.638Z] INFO: Authentication successful for user: admin@example.com
[2025-11-13T20:00:19.639Z] INFO: Questions loaded successfully
[2025-11-13T20:00:19.648Z] INFO: Authentication successful for user: admin@example.com
[2025-11-13T20:00:19.649Z] INFO: Questions loaded successfully
[2025-11-13T20:00:19.657Z] INFO: Authentication successful for user: admin@example.com
[2025-11-13T20:00:19.658Z] INFO: Questions loaded successfully
[2025-11-13T20:00:19.668Z] INFO: Authentication successful for user: admin@example.com
[2025-11-13T20:00:19.669Z] INFO: Questions loaded successfully
[2025-11-13T20:00:19.676Z] INFO: Authentication successful for user: admin@example.com
[2025-11-13T20:00:19.676Z] INFO: Questions loaded successfully
[2025-11-13T20:00:19.689Z] INFO: Authentication successful for user: admin@example.com
[2025-11-13T20:00:19.690Z] INFO: Questions loaded successfully
[2025-11-13T20:00:19.700Z] INFO: Authentication successful for user: admin@example.com
[2025-11-13T20:00:19.701Z] INFO: Questions loaded successfully
[2025-11-13T20:00:19.709Z] INFO: Authentication successful for user: admin@example.com
[2025-11-13T20:00:19.710Z] INFO: Questions loaded successfully
[2025-11-13T20:00:19.718Z] INFO: Authentication successful for user: admin@example.com
[2025-11-13T20:00:19.719Z] INFO: Questions loaded successfully
[2025-11-13T20:00:19.729Z] INFO: Authentication successful for user: admin@example.com
[2025-11-13T20:00:19.730Z] INFO: Questions loaded successfully
[2025-11-13T20:00:19.742Z] INFO: Authentication successful for user: admin@example.com
[2025-11-13T20:00:19.743Z] INFO: Questions loaded successfully
[2025-11-13T20:00:19.751Z] INFO: Authentication successful for user: admin@example.com
[2025-11-13T20:00:19.752Z] INFO: Questions loaded successfully
[2025-11-13T20:00:19.761Z] INFO: Authentication successful for user: admin@example.com
[2025-11-13T20:00:19.762Z] INFO: Questions loaded successfully
[2025-11-13T20:00:19.770Z] INFO: Authentication successful for user: admin@example.com
[2025-11-13T20:00:19.771Z] INFO: Questions loaded successfully
[2025-11-13T20:00:19.780Z] INFO: Authentication successful for user: admin@example.com
[2025-11-13T20:00:19.780Z] INFO: Questions loaded successfully
[2025-11-13T20:00:19.786Z] INFO: Authentication successful for user: admin@example.com
[2025-11-13T20:00:19.787Z] INFO: Questions loaded successfully
[2025-11-13T20:00:19.795Z] INFO: Authentication successful for user: admin@example.com
[2025-11-13T20:00:19.796Z] INFO: Questions loaded successfully
[2025-11-13T20:00:19.806Z] INFO: Authentication successful for user: admin@example.com
[2025-11-13T20:00:19.806Z] INFO: Questions loaded successfully
[2025-11-13T20:00:19.814Z] INFO: Authentication successful for user: admin@example.com
[2025-11-13T20:00:19.815Z] INFO: Questions loaded successfully
[2025-11-13T20:00:19.823Z] INFO: Authentication successful for user: admin@example.com
[2025-11-13T20:00:19.824Z] INFO: Questions loaded successfully
[2025-11-13T20:00:19.839Z] INFO: Authentication successful for user: admin@example.com
[2025-11-13T20:00:19.840Z] INFO: Questions loaded successfully
[2025-11-13T20:00:19.845Z] INFO: Authentication successful for user: admin@example.com
[2025-11-13T20:00:19.846Z] INFO: Questions loaded successfully
[2025-11-13T20:00:19.855Z] INFO: Authentication successful for user: admin@example.com
[2025-11-13T20:00:19.856Z] INFO: Questions loaded successfully
[2025-11-13T20:00:19.867Z] INFO: Authentication successful for user: admin@example.com
[2025-11-13T20:00:19.868Z] INFO: Questions loaded successfully
[2025-11-13T20:00:19.874Z] INFO: Authentication successful for user: admin@example.com
[2025-11-13T20:00:19.875Z] INFO: Questions loaded successfully
[2025-11-13T20:00:19.884Z] INFO: Authentication successful for user: admin@example.com
[2025-11-13T20:00:19.885Z] INFO: Questions loaded successfully
[2025-11-13T20:00:19.894Z] INFO: Authentication successful for user: admin@example.com
[2025-11-13T20:00:19.894Z] INFO: Questions loaded successfully
[2025-11-13T20:00:19.901Z] INFO: Authentication successful for user: admin@example.com
[2025-11-13T20:00:19.902Z] INFO: Questions loaded successfully
[2025-11-13T20:00:19.909Z] INFO: Authentication successful for user: admin@example.com
[2025-11-13T20:00:19.910Z] INFO: Questions loaded successfully
[2025-11-13T20:00:19.919Z] INFO: Authentication successful for user: admin@example.com
[2025-11-13T20:00:19.919Z] INFO: Questions loaded successfully
[2025-11-13T20:00:19.930Z] INFO: Authentication successful for user: admin@example.com
[2025-11-13T20:00:19.931Z] INFO: Questions loaded successfully
[2025-11-13T20:00:19.938Z] INFO: Authentication successful for user: admin@example.com
[2025-11-13T20:00:19.939Z] INFO: Questions loaded successfully
[2025-11-13T20:00:19.949Z] INFO: Authentication successful for user: admin@example.com
[2025-11-13T20:00:19.950Z] INFO: Questions loaded successfully
[2025-11-13T20:00:19.960Z] INFO: Authentication successful for user: admin@example.com
[2025-11-13T20:00:19.961Z] INFO: Questions loaded successfully
[2025-11-13T20:00:19.971Z] INFO: Authentication successful for user: admin@example.com
[2025-11-13T20:00:19.972Z] INFO: Questions loaded successfully
[2025-11-13T20:00:19.979Z] INFO: Authentication successful for user: admin@example.com
[2025-11-13T20:00:19.980Z] INFO: Questions loaded successfully
[2025-11-13T20:00:19.990Z] INFO: Authentication successful for user: admin@example.com
[2025-11-13T20:00:19.991Z] INFO: Questions loaded successfully
[2025-11-13T20:00:19.998Z] INFO: Authentication successful for user: admin@example.com
[2025-11-13T20:00:19.999Z] INFO: Questions loaded successfully
[2025-11-13T20:00:20.008Z] INFO: Authentication successful for user: admin@example.com
[2025-11-13T20:00:20.008Z] INFO: Questions loaded successfully
[2025-11-13T20:00:20.018Z] INFO: Authentication successful for user: admin@example.com
[2025-11-13T20:00:20.018Z] INFO: Questions loaded successfully
[2025-11-13T20:00:20.027Z] INFO: Authentication successful for user: admin@example.com
[2025-11-13T20:00:20.028Z] INFO: Questions loaded successfully
[2025-11-13T20:00:20.037Z] INFO: Authentication successful for user: admin@example.com
[2025-11-13T20:00:20.037Z] INFO: Questions loaded successfully
[2025-11-13T20:00:20.049Z] INFO: Authentication successful for user: admin@example.com
[2025-11-13T20:00:20.050Z] INFO: Questions loaded successfully
[2025-11-13T20:00:20.059Z] INFO: Authentication successful for user: admin@example.com
[2025-11-13T20:00:20.060Z] INFO: Questions loaded successfully
[2025-11-13T20:00:20.071Z] INFO: Authentication successful for user: admin@example.com
[2025-11-13T20:00:20.072Z] INFO: Questions loaded successfully
[2025-11-13T20:00:20.078Z] INFO: Authentication successful for user: admin@example.com
[2025-11-13T20:00:20.079Z] INFO: Questions loaded successfully
[2025-11-13T20:00:20.085Z] INFO: Authentication successful for user: admin@example.com
[2025-11-13T20:00:20.085Z] INFO: Questions loaded successfully
[2025-11-13T20:00:20.093Z] INFO: Authentication successful for user: admin@example.com
[2025-11-13T20:00:20.094Z] INFO: Questions loaded successfully
[2025-11-13T20:00:20.104Z] INFO: Authentication successful for user: admin@example.com
[2025-11-13T20:00:20.105Z] INFO: Questions loaded successfully
[2025-11-13T20:00:20.115Z] INFO: Authentication successful for user: admin@example.com
[2025-11-13T20:00:20.115Z] INFO: Questions loaded successfully
[2025-11-13T20:00:20.122Z] INFO: Authentication successful for user: admin@example.com
[2025-11-13T20:00:20.123Z] INFO: Questions loaded successfully
[2025-11-13T20:00:20.134Z] INFO: Authentication successful for user: admin@example.com
[2025-11-13T20:00:20.135Z] INFO: Questions loaded successfully
[2025-11-13T20:00:20.147Z] INFO: Authentication successful for user: admin@example.com
[2025-11-13T20:00:20.148Z] INFO: Questions loaded successfully
[2025-11-13T20:00:20.161Z] INFO: Authentication successful for user: admin@example.com
[2025-11-13T20:00:20.162Z] INFO: Questions loaded successfully
[2025-11-13T20:00:20.174Z] INFO: Authentication successful for user: admin@example.com
[2025-11-13T20:00:20.176Z] INFO: Questions loaded successfully
[2025-11-13T20:00:20.185Z] INFO: Authentication successful for user: admin@example.com
[2025-11-13T20:00:20.186Z] INFO: Questions loaded successfully
[2025-11-13T20:00:20.195Z] INFO: Authentication successful for user: admin@example.com
[2025-11-13T20:00:20.195Z] INFO: Questions loaded successfully
[2025-11-13T20:00:20.206Z] INFO: Authentication successful for user: admin@example.com
[2025-11-13T20:00:20.206Z] INFO: Questions loaded successfully
[2025-11-13T20:00:20.215Z] INFO: Authentication successful for user: admin@example.com
[2025-11-13T20:00:20.215Z] INFO: Questions loaded successfully
[2025-11-13T20:00:20.222Z] INFO: Authentication successful for user: admin@example.com
[2025-11-13T20:00:20.223Z] INFO: Questions loaded successfully
[2025-11-13T20:00:20.243Z] INFO: Authentication successful for user: admin@example.com
[2025-11-13T20:00:20.244Z] INFO: Questions loaded successfully
[2025-11-13T20:00:20.248Z] INFO: Authentication successful for user: admin@example.com
[2025-11-13T20:00:20.249Z] INFO: Questions loaded successfully
[2025-11-13T20:00:20.257Z] INFO: Authentication successful for user: admin@example.com
[2025-11-13T20:00:20.258Z] INFO: Questions loaded successfully
[2025-11-13T20:00:20.270Z] INFO: Authentication successful for user: admin@example.com
[2025-11-13T20:00:20.271Z] INFO: Questions loaded successfully
[2025-11-13T20:00:20.282Z] INFO: Authentication successful for user: admin@example.com
[2025-11-13T20:00:20.283Z] INFO: Questions loaded successfully
[2025-11-13T20:00:20.293Z] INFO: Authentication successful for user: admin@example.com
[2025-11-13T20:00:20.293Z] INFO: Questions loaded successfully
[2025-11-13T20:00:20.300Z] INFO: Authentication successful for user: admin@example.com
[2025-11-13T20:00:20.301Z] INFO: Questions loaded successfully
[2025-11-13T20:00:20.308Z] INFO: Authentication successful for user: admin@example.com
[2025-11-13T20:00:20.309Z] INFO: Questions loaded successfully
[2025-11-13T20:00:20.319Z] INFO: Authentication successful for user: admin@example.com
[2025-11-13T20:00:20.319Z] INFO: Questions loaded successfully
[2025-11-13T20:00:20.328Z] INFO: Authentication successful for user: admin@example.com
[2025-11-13T20:00:20.329Z] INFO: Questions loaded successfully
[2025-11-13T20:00:20.338Z] INFO: Authentication successful for user: admin@example.com
[2025-11-13T20:00:20.339Z] INFO: Questions loaded successfully
[2025-11-13T20:00:20.351Z] INFO: Authentication successful for user: admin@example.com
[2025-11-13T20:00:20.352Z] INFO: Questions loaded successfully
[2025-11-13T20:00:20.359Z] INFO: Authentication successful for user: admin@example.com
[2025-11-13T20:00:20.359Z] INFO: Questions loaded successfully
[2025-11-13T20:00:20.369Z] INFO: Authentication successful for user: admin@example.com
[2025-11-13T20:00:20.370Z] INFO: Questions loaded successfully
[2025-11-13T20:00:20.378Z] INFO: Authentication successful for user: admin@example.com
[2025-11-13T20:00:20.379Z] INFO: Questions loaded successfully
[2025-11-13T20:00:20.389Z] INFO: Authentication successful for user: admin@example.com
[2025-11-13T20:00:20.390Z] INFO: Questions loaded successfully
[2025-11-13T20:00:20.398Z] INFO: Authentication successful for user: admin@example.com
[2025-11-13T20:00:20.399Z] INFO: Questions loaded successfully
[2025-11-13T20:00:20.405Z] INFO: Authentication successful for user: admin@example.com
[2025-11-13T20:00:20.406Z] INFO: Questions loaded successfully
[2025-11-13T20:00:20.418Z] INFO: Authentication successful for user: admin@example.com
[2025-11-13T20:00:20.419Z] INFO: Questions loaded successfully
[2025-11-13T20:00:20.430Z] INFO: Authentication successful for user: admin@example.com
[2025-11-13T20:00:20.431Z] INFO: Questions loaded successfully
[2025-11-13T20:00:20.442Z] INFO: Authentication successful for user: admin@example.com
[2025-11-13T20:00:20.443Z] INFO: Questions loaded successfully
[2025-11-13T20:00:20.451Z] INFO: Authentication successful for user: admin@example.com
[2025-11-13T20:00:20.451Z] INFO: Questions loaded successfully
[2025-11-13T20:00:20.461Z] INFO: Authentication successful for user: admin@example.com
[2025-11-13T20:00:20.462Z] INFO: Questions loaded successfully
[2025-11-13T20:00:20.469Z] INFO: Authentication successful for user: admin@example.com
[2025-11-13T20:00:20.469Z] INFO: Questions loaded successfully
[2025-11-13T20:00:20.480Z] INFO: Authentication successful for user: admin@example.com
[2025-11-13T20:00:20.481Z] INFO: Questions loaded successfully
[2025-11-13T20:00:20.490Z] INFO: Authentication successful for user: admin@example.com
[2025-11-13T20:00:20.491Z] INFO: Questions loaded successfully
[2025-11-13T20:00:20.501Z] INFO: Authentication successful for user: admin@example.com
[2025-11-13T20:00:20.502Z] INFO: Questions loaded successfully
[2025-11-13T20:00:20.513Z] INFO: Authentication successful for user: admin@example.com
[2025-11-13T20:00:20.514Z] INFO: Questions loaded successfully
[2025-11-13T20:00:20.521Z] INFO: Authentication successful for user: admin@example.com
[2025-11-13T20:00:20.522Z] INFO: Questions loaded successfully
[2025-11-13T20:00:20.533Z] INFO: Authentication successful for user: admin@example.com
[2025-11-13T20:00:20.534Z] INFO: Questions loaded successfully
[2025-11-13T20:00:20.543Z] INFO: Authentication successful for user: admin@example.com
[2025-11-13T20:00:20.543Z] INFO: Questions loaded successfully
[2025-11-13T20:00:20.551Z] INFO: Authentication successful for user: admin@example.com
[2025-11-13T20:00:20.551Z] INFO: Questions loaded successfully
[2025-11-13T20:00:20.561Z] INFO: Authentication successful for user: admin@example.com
[2025-11-13T20:00:20.561Z] INFO: Questions loaded successfully
[2025-11-13T20:00:20.570Z] INFO: Authentication successful for user: admin@example.com
[2025-11-13T20:00:20.570Z] INFO: Questions loaded successfully
[2025-11-13T20:00:20.589Z] INFO: Authentication successful for user: admin@example.com
[2025-11-13T20:00:20.590Z] INFO: Questions loaded successfully
[2025-11-13T20:00:20.596Z] INFO: Authentication successful for user: admin@example.com
[2025-11-13T20:00:20.597Z] INFO: Questions loaded successfully
[2025-11-13T20:00:20.605Z] INFO: Authentication successful for user: admin@example.com
[2025-11-13T20:00:20.607Z] INFO: Questions loaded successfully
[2025-11-13T20:00:20.616Z] INFO: Authentication successful for user: admin@example.com
[2025-11-13T20:00:20.617Z] INFO: Questions loaded successfully
[2025-11-13T20:00:20.627Z] INFO: Authentication successful for user: admin@example.com
[2025-11-13T20:00:20.628Z] INFO: Questions loaded successfully
[2025-11-13T20:00:20.642Z] INFO: Authentication successful for user: admin@example.com
[2025-11-13T20:00:20.643Z] INFO: Questions loaded successfully
[2025-11-13T20:00:20.684Z] INFO: Authentication successful for user: admin@example.com
[2025-11-13T20:00:20.685Z] INFO: Questions loaded successfully
[2025-11-13T20:00:20.696Z] INFO: Authentication successful for user: admin@example.com
[2025-11-13T20:00:20.696Z] INFO: Questions loaded successfully
[2025-11-13T20:00:20.724Z] INFO: Authentication successful for user: admin@example.com
[2025-11-13T20:00:20.726Z] INFO: Questions loaded successfully
[2025-11-13T20:00:20.740Z] INFO: Authentication successful for user: admin@example.com
[2025-11-13T20:00:20.741Z] INFO: Questions loaded successfully
[2025-11-13T20:00:20.758Z] INFO: Authentication successful for user: admin@example.com
[2025-11-13T20:00:20.759Z] INFO: Questions loaded successfully
[2025-11-13T20:00:20.766Z] INFO: Authentication successful for user: admin@example.com
[2025-11-13T20:00:20.766Z] INFO: Questions loaded successfully
[2025-11-13T20:00:20.779Z] INFO: Authentication successful for user: admin@example.com
[2025-11-13T20:00:20.780Z] INFO: Questions loaded successfully
[2025-11-13T20:00:20.793Z] INFO: Authentication successful for user: admin@example.com
[2025-11-13T20:00:20.794Z] INFO: Questions loaded successfully
[2025-11-13T20:00:20.800Z] INFO: Authentication successful for user: admin@example.com
[2025-11-13T20:00:20.801Z] INFO: Questions loaded successfully
[2025-11-13T20:00:20.817Z] INFO: Authentication successful for user: admin@example.com
[2025-11-13T20:00:20.817Z] INFO: Questions loaded successfully
[2025-11-13T20:00:20.830Z] INFO: Authentication successful for user: admin@example.com
[2025-11-13T20:00:20.831Z] INFO: Questions loaded successfully
[2025-11-13T20:00:20.838Z] INFO: Authentication successful for user: admin@example.com
[2025-11-13T20:00:20.839Z] INFO: Questions loaded successfully
[2025-11-13T20:00:20.849Z] INFO: Authentication successful for user: admin@example.com
[2025-11-13T20:00:20.850Z] INFO: Questions loaded successfully
[2025-11-13T20:00:20.861Z] INFO: Authentication successful for user: admin@example.com
[2025-11-13T20:00:20.861Z] INFO: Questions loaded successfully
[2025-11-13T20:00:20.868Z] INFO: Authentication successful for user: admin@example.com
[2025-11-13T20:00:20.869Z] INFO: Questions loaded successfully
[2025-11-13T20:00:20.879Z] INFO: Authentication successful for user: admin@example.com
[2025-11-13T20:00:20.880Z] INFO: Questions loaded successfully
[2025-11-13T20:00:20.890Z] INFO: Authentication successful for user: admin@example.com
[2025-11-13T20:00:20.891Z] INFO: Questions loaded successfully
[2025-11-13T20:00:20.899Z] INFO: Authentication successful for user: admin@example.com
[2025-11-13T20:00:20.900Z] INFO: Questions loaded successfully
[2025-11-13T20:00:20.910Z] INFO: Authentication successful for user: admin@example.com
[2025-11-13T20:00:20.911Z] INFO: Questions loaded successfully
[2025-11-13T20:00:20.921Z] INFO: Authentication successful for user: admin@example.com
[2025-11-13T20:00:20.922Z] INFO: Questions loaded successfully
[2025-11-13T20:00:20.931Z] INFO: Authentication successful for user: admin@example.com
[2025-11-13T20:00:20.932Z] INFO: Questions loaded successfully
[2025-11-13T20:00:20.939Z] INFO: Authentication successful for user: admin@example.com
[2025-11-13T20:00:20.940Z] INFO: Questions loaded successfully
[2025-11-13T20:00:20.951Z] INFO: Authentication successful for user: admin@example.com
[2025-11-13T20:00:20.952Z] INFO: Questions loaded successfully
[2025-11-13T20:00:20.963Z] INFO: Authentication successful for user: admin@example.com
[2025-11-13T20:00:20.964Z] INFO: Questions loaded successfully
[2025-11-13T20:00:20.973Z] INFO: Authentication successful for user: admin@example.com
[2025-11-13T20:00:20.974Z] INFO: Questions loaded successfully
[2025-11-13T20:00:20.990Z] INFO: Authentication successful for user: admin@example.com
[2025-11-13T20:00:20.991Z] INFO: Questions loaded successfully
[2025-11-13T20:00:20.995Z] INFO: Authentication successful for user: admin@example.com
[2025-11-13T20:00:20.997Z] INFO: Questions loaded successfully
[2025-11-13T20:00:21.005Z] INFO: Authentication successful for user: admin@example.com
[2025-11-13T20:00:21.006Z] INFO: Questions loaded successfully
[2025-11-13T20:00:21.017Z] INFO: Authentication successful for user: admin@example.com
[2025-11-13T20:00:21.017Z] INFO: Questions loaded successfully
[2025-11-13T20:00:21.028Z] INFO: Authentication successful for user: admin@example.com
[2025-11-13T20:00:21.029Z] INFO: Questions loaded successfully
[2025-11-13T20:00:21.036Z] INFO: Authentication successful for user: admin@example.com
[2025-11-13T20:00:21.037Z] INFO: Questions loaded successfully
[2025-11-13T20:00:21.047Z] INFO: Authentication successful for user: admin@example.com
[2025-11-13T20:00:21.048Z] INFO: Questions loaded successfully
[2025-11-13T20:00:21.063Z] INFO: Authentication successful for user: admin@example.com
[2025-11-13T20:00:21.064Z] INFO: Questions loaded successfully
[2025-11-13T20:00:21.068Z] INFO: Authentication successful for user: admin@example.com
[2025-11-13T20:00:21.069Z] INFO: Questions loaded successfully
[2025-11-13T20:00:21.080Z] INFO: Authentication successful for user: admin@example.com
[2025-11-13T20:00:21.081Z] INFO: Questions loaded successfully
[2025-11-13T20:00:21.090Z] INFO: Authentication successful for user: admin@example.com
[2025-11-13T20:00:21.090Z] INFO: Questions loaded successfully
[2025-11-13T20:00:21.099Z] INFO: Authentication successful for user: admin@example.com
[2025-11-13T20:00:21.100Z] INFO: Questions loaded successfully
[2025-11-13T20:00:21.107Z] INFO: Authentication successful for user: admin@example.com
[2025-11-13T20:00:21.108Z] INFO: Questions loaded successfully
[2025-11-13T20:00:21.116Z] INFO: Authentication successful for user: admin@example.com
[2025-11-13T20:00:21.117Z] INFO: Questions loaded successfully
[2025-11-13T20:00:21.128Z] INFO: Authentication successful for user: admin@example.com
[2025-11-13T20:00:21.129Z] INFO: Questions loaded successfully
[2025-11-13T20:00:21.139Z] INFO: Authentication successful for user: admin@example.com
[2025-11-13T20:00:21.140Z] INFO: Questions loaded successfully
[2025-11-13T20:00:21.152Z] INFO: Authentication successful for user: admin@example.com
[2025-11-13T20:00:21.153Z] INFO: Questions loaded successfully
[2025-11-13T20:00:21.164Z] INFO: Authentication successful for user: admin@example.com
[2025-11-13T20:00:21.164Z] INFO: Questions loaded successfully
[2025-11-13T20:00:21.171Z] INFO: Authentication successful for user: admin@example.com
[2025-11-13T20:00:21.172Z] INFO: Questions loaded successfully
[2025-11-13T20:00:21.182Z] INFO: Authentication successful for user: admin@example.com
[2025-11-13T20:00:21.183Z] INFO: Questions loaded successfully
[2025-11-13T20:00:21.193Z] INFO: Authentication successful for user: admin@example.com
[2025-11-13T20:00:21.194Z] INFO: Questions loaded successfully
[2025-11-13T20:00:21.202Z] INFO: Authentication successful for user: admin@example.com
[2025-11-13T20:00:21.203Z] INFO: Questions loaded successfully
[2025-11-13T20:00:21.215Z] INFO: Authentication successful for user: admin@example.com
[2025-11-13T20:00:21.216Z] INFO: Questions loaded successfully
[2025-11-13T20:00:21.226Z] INFO: Authentication successful for user: admin@example.com
[2025-11-13T20:00:21.227Z] INFO: Questions loaded successfully
[2025-11-13T20:00:21.235Z] INFO: Authentication successful for user: admin@example.com
[2025-11-13T20:00:21.236Z] INFO: Questions loaded successfully
[2025-11-13T20:00:21.246Z] INFO: Authentication successful for user: admin@example.com
[2025-11-13T20:00:21.247Z] INFO: Questions loaded successfully
[2025-11-13T20:00:21.258Z] INFO: Authentication successful for user: admin@example.com
[2025-11-13T20:00:21.259Z] INFO: Questions loaded successfully
[2025-11-13T20:00:21.270Z] INFO: Authentication successful for user: admin@example.com
[2025-11-13T20:00:21.271Z] INFO: Questions loaded successfully
[2025-11-13T20:00:21.280Z] INFO: Authentication successful for user: admin@example.com
[2025-11-13T20:00:21.281Z] INFO: Questions loaded successfully
[2025-11-13T20:00:21.289Z] INFO: Authentication successful for user: admin@example.com
[2025-11-13T20:00:21.289Z] INFO: Questions loaded successfully
[2025-11-13T20:00:21.294Z] INFO: Authentication successful for user: admin@example.com
[2025-11-13T20:00:21.295Z] INFO: Questions loaded successfully
[2025-11-13T20:00:21.301Z] INFO: Authentication successful for user: admin@example.com
[2025-11-13T20:00:21.301Z] INFO: Questions loaded successfully
[2025-11-13T20:00:21.311Z] INFO: Authentication successful for user: admin@example.com
[2025-11-13T20:00:21.312Z] INFO: Questions loaded successfully
[2025-11-13T20:00:21.324Z] INFO: Authentication successful for user: admin@example.com
[2025-11-13T20:00:21.325Z] INFO: Questions loaded successfully
[2025-11-13T20:00:21.334Z] INFO: Authentication successful for user: admin@example.com
[2025-11-13T20:00:21.335Z] INFO: Questions loaded successfully
[2025-11-13T20:00:21.355Z] INFO: Authentication successful for user: admin@example.com
[2025-11-13T20:00:21.356Z] INFO: Questions loaded successfully
[2025-11-13T20:00:21.366Z] INFO: Authentication successful for user: admin@example.com
[2025-11-13T20:00:21.367Z] INFO: Questions loaded successfully
[2025-11-13T20:00:21.390Z] INFO: Authentication successful for user: admin@example.com
[2025-11-13T20:00:21.391Z] INFO: Questions loaded successfully
[2025-11-13T20:00:21.422Z] INFO: Authentication successful for user: admin@example.com
[2025-11-13T20:00:21.423Z] INFO: Questions loaded successfully
[2025-11-13T20:00:21.429Z] INFO: Authentication successful for user: admin@example.com
[2025-11-13T20:00:21.430Z] INFO: Questions loaded successfully
[2025-11-13T20:00:21.438Z] INFO: Authentication successful for user: admin@example.com
[2025-11-13T20:00:21.439Z] INFO: Questions loaded successfully
[2025-11-13T20:00:21.448Z] INFO: Authentication successful for user: admin@example.com
[2025-11-13T20:00:21.449Z] INFO: Questions loaded successfully
[2025-11-13T20:00:21.457Z] INFO: Authentication successful for user: admin@example.com
[2025-11-13T20:00:21.458Z] INFO: Questions loaded successfully
[2025-11-13T20:00:21.473Z] INFO: Authentication successful for user: admin@example.com
[2025-11-13T20:00:21.474Z] INFO: Questions loaded successfully
[2025-11-13T20:00:21.483Z] INFO: Authentication successful for user: admin@example.com
[2025-11-13T20:00:21.483Z] INFO: Questions loaded successfully
[2025-11-13T20:00:21.495Z] INFO: Authentication successful for user: admin@example.com
[2025-11-13T20:00:21.495Z] INFO: Questions loaded successfully
[2025-11-13T20:00:21.505Z] INFO: Authentication successful for user: admin@example.com
[2025-11-13T20:00:21.506Z] INFO: Questions loaded successfully
[2025-11-13T20:00:21.511Z] INFO: Authentication successful for user: admin@example.com
[2025-11-13T20:00:21.512Z] INFO: Questions loaded successfully
[2025-11-13T20:00:21.521Z] INFO: Authentication successful for user: admin@example.com
[2025-11-13T20:00:21.522Z] INFO: Questions loaded successfully
[2025-11-13T20:00:21.529Z] INFO: Authentication successful for user: admin@example.com
[2025-11-13T20:00:21.530Z] INFO: Questions loaded successfully
[2025-11-13T20:00:21.536Z] INFO: Authentication successful for user: admin@example.com
[2025-11-13T20:00:21.537Z] INFO: Questions loaded successfully
[2025-11-13T20:00:21.547Z] INFO: Authentication successful for user: admin@example.com
[2025-11-13T20:00:21.548Z] INFO: Questions loaded successfully
[2025-11-13T20:00:21.559Z] INFO: Authentication successful for user: admin@example.com
[2025-11-13T20:00:21.560Z] INFO: Questions loaded successfully
[2025-11-13T20:00:21.570Z] INFO: Authentication successful for user: admin@example.com
[2025-11-13T20:00:21.570Z] INFO: Questions loaded successfully
[2025-11-13T20:00:21.580Z] INFO: Authentication successful for user: admin@example.com
[2025-11-13T20:00:21.580Z] INFO: Questions loaded successfully
[2025-11-13T20:00:21.590Z] INFO: Authentication successful for user: admin@example.com
[2025-11-13T20:00:21.591Z] INFO: Questions loaded successfully
[2025-11-13T20:00:21.601Z] INFO: Authentication successful for user: admin@example.com
[2025-11-13T20:00:21.602Z] INFO: Questions loaded successfully
[2025-11-13T20:00:21.613Z] INFO: Authentication successful for user: admin@example.com
[2025-11-13T20:00:21.614Z] INFO: Questions loaded successfully
[2025-11-13T20:00:21.620Z] INFO: Authentication successful for user: admin@example.com
[2025-11-13T20:00:21.620Z] INFO: Questions loaded successfully
[2025-11-13T20:00:21.643Z] INFO: Authentication successful for user: admin@example.com
[2025-11-13T20:00:21.643Z] INFO: Questions loaded successfully
[2025-11-13T20:00:21.651Z] INFO: Authentication successful for user: admin@example.com
[2025-11-13T20:00:21.652Z] INFO: Questions loaded successfully
[2025-11-13T20:00:21.663Z] INFO: Authentication successful for user: admin@example.com
[2025-11-13T20:00:21.664Z] INFO: Questions loaded successfully
[2025-11-13T20:00:21.675Z] INFO: Authentication successful for user: admin@example.com
[2025-11-13T20:00:21.675Z] INFO: Questions loaded successfully
[2025-11-13T20:00:21.682Z] INFO: Authentication successful for user: admin@example.com
[2025-11-13T20:00:21.683Z] INFO: Questions loaded successfully
[2025-11-13T20:00:21.690Z] INFO: Authentication successful for user: admin@example.com
[2025-11-13T20:00:21.691Z] INFO: Questions loaded successfully
[2025-11-13T20:00:21.705Z] INFO: Authentication successful for user: admin@example.com
[2025-11-13T20:00:21.706Z] INFO: Questions loaded successfully
[2025-11-13T20:00:21.713Z] INFO: Authentication successful for user: admin@example.com
[2025-11-13T20:00:21.714Z] INFO: Questions loaded successfully
[2025-11-13T20:00:21.736Z] INFO: Authentication successful for user: admin@example.com
[2025-11-13T20:00:21.737Z] INFO: Questions loaded successfully
[2025-11-13T20:00:21.756Z] INFO: Authentication successful for user: admin@example.com
[2025-11-13T20:00:21.757Z] INFO: Questions loaded successfully
[2025-11-13T20:00:21.785Z] INFO: Authentication successful for user: admin@example.com
[2025-11-13T20:00:21.786Z] INFO: Questions loaded successfully
[2025-11-13T20:00:21.808Z] INFO: Authentication successful for user: admin@example.com
[2025-11-13T20:00:21.809Z] INFO: Questions loaded successfully
[2025-11-13T20:00:21.817Z] INFO: Authentication successful for user: admin@example.com
[2025-11-13T20:00:21.818Z] INFO: Questions loaded successfully
[2025-11-13T20:00:21.828Z] INFO: Authentication successful for user: admin@example.com
[2025-11-13T20:00:21.828Z] INFO: Questions loaded successfully
[2025-11-13T20:00:21.840Z] INFO: Authentication successful for user: admin@example.com
[2025-11-13T20:00:21.840Z] INFO: Questions loaded successfully
[2025-11-13T20:00:21.849Z] INFO: Authentication successful for user: admin@example.com
[2025-11-13T20:00:21.850Z] INFO: Questions loaded successfully
[2025-11-13T20:00:21.862Z] INFO: Authentication successful for user: admin@example.com
[2025-11-13T20:00:21.863Z] INFO: Questions loaded successfully
[2025-11-13T20:00:21.875Z] INFO: Authentication successful for user: admin@example.com
[2025-11-13T20:00:21.876Z] INFO: Questions loaded successfully
[2025-11-13T20:00:21.885Z] INFO: Authentication successful for user: admin@example.com
[2025-11-13T20:00:21.886Z] INFO: Questions loaded successfully
[2025-11-13T20:00:21.897Z] INFO: Authentication successful for user: admin@example.com
[2025-11-13T20:00:21.898Z] INFO: Questions loaded successfully
[2025-11-13T20:00:21.908Z] INFO: Authentication successful for user: admin@example.com
[2025-11-13T20:00:21.909Z] INFO: Questions loaded successfully
[2025-11-13T20:00:21.918Z] INFO: Authentication successful for user: admin@example.com
[2025-11-13T20:00:21.919Z] INFO: Questions loaded successfully
[2025-11-13T20:00:21.929Z] INFO: Authentication successful for user: admin@example.com
[2025-11-13T20:00:21.930Z] INFO: Questions loaded successfully
[2025-11-13T20:00:21.938Z] INFO: Authentication successful for user: admin@example.com
[2025-11-13T20:00:21.939Z] INFO: Questions loaded successfully
[2025-11-13T20:00:21.952Z] INFO: Authentication successful for user: admin@example.com
[2025-11-13T20:00:21.953Z] INFO: Questions loaded successfully
[2025-11-13T20:00:21.964Z] INFO: Authentication successful for user: admin@example.com
[2025-11-13T20:00:21.964Z] INFO: Questions loaded successfully
[2025-11-13T20:00:21.974Z] INFO: Authentication successful for user: admin@example.com
[2025-11-13T20:00:21.974Z] INFO: Questions loaded successfully
[2025-11-13T20:00:21.987Z] INFO: Authentication successful for user: admin@example.com
[2025-11-13T20:00:21.988Z] INFO: Questions loaded successfully
[2025-11-13T20:00:21.997Z] INFO: Authentication successful for user: admin@example.com
[2025-11-13T20:00:21.998Z] INFO: Questions loaded successfully
[2025-11-13T20:00:22.008Z] INFO: Authentication successful for user: admin@example.com
[2025-11-13T20:00:22.008Z] INFO: Questions loaded successfully
[2025-11-13T20:00:22.022Z] INFO: Authentication successful for user: admin@example.com
[2025-11-13T20:00:22.022Z] INFO: Questions loaded successfully
[2025-11-13T20:00:22.027Z] INFO: Authentication successful for user: admin@example.com
[2025-11-13T20:00:22.028Z] INFO: Questions loaded successfully
[2025-11-13T20:00:22.039Z] INFO: Authentication successful for user: admin@example.com
[2025-11-13T20:00:22.040Z] INFO: Questions loaded successfully
[2025-11-13T20:00:22.046Z] INFO: Authentication successful for user: admin@example.com
[2025-11-13T20:00:22.047Z] INFO: Questions loaded successfully
[2025-11-13T20:00:22.054Z] INFO: Authentication successful for user: admin@example.com
[2025-11-13T20:00:22.055Z] INFO: Questions loaded successfully
[2025-11-13T20:00:22.065Z] INFO: Authentication successful for user: admin@example.com
[2025-11-13T20:00:22.065Z] INFO: Questions loaded successfully
[2025-11-13T20:00:22.074Z] INFO: Authentication successful for user: admin@example.com
[2025-11-13T20:00:22.075Z] INFO: Questions loaded successfully
[2025-11-13T20:00:22.085Z] INFO: Authentication successful for user: admin@example.com
[2025-11-13T20:00:22.086Z] INFO: Questions loaded successfully
[2025-11-13T20:00:22.095Z] INFO: Authentication successful for user: admin@example.com
[2025-11-13T20:00:22.096Z] INFO: Questions loaded successfully
[2025-11-13T20:00:22.102Z] INFO: Authentication successful for user: admin@example.com
[2025-11-13T20:00:22.103Z] INFO: Questions loaded successfully
[2025-11-13T20:00:22.113Z] INFO: Authentication successful for user: admin@example.com
[2025-11-13T20:00:22.114Z] INFO: Questions loaded successfully
[2025-11-13T20:00:22.125Z] INFO: Authentication successful for user: admin@example.com
[2025-11-13T20:00:22.126Z] INFO: Questions loaded successfully
[2025-11-13T20:00:22.132Z] INFO: Authentication successful for user: admin@example.com
[2025-11-13T20:00:22.133Z] INFO: Questions loaded successfully
[2025-11-13T20:00:22.143Z] INFO: Authentication successful for user: admin@example.com
[2025-11-13T20:00:22.144Z] INFO: Questions loaded successfully
[2025-11-13T20:00:22.151Z] INFO: Authentication successful for user: admin@example.com
[2025-11-13T20:00:22.152Z] INFO: Questions loaded successfully
[2025-11-13T20:00:22.163Z] INFO: Authentication successful for user: admin@example.com
[2025-11-13T20:00:22.164Z] INFO: Questions loaded successfully
[2025-11-13T20:00:22.170Z] INFO: Authentication successful for user: admin@example.com
[2025-11-13T20:00:22.171Z] INFO: Questions loaded successfully
[2025-11-13T20:00:22.181Z] INFO: Authentication successful for user: admin@example.com
[2025-11-13T20:00:22.182Z] INFO: Questions loaded successfully
[2025-11-13T20:00:22.195Z] INFO: Authentication successful for user: admin@example.com
[2025-11-13T20:00:22.196Z] INFO: Questions loaded successfully
[2025-11-13T20:00:22.207Z] INFO: Authentication successful for user: admin@example.com
[2025-11-13T20:00:22.207Z] INFO: Questions loaded successfully
[2025-11-13T20:00:22.218Z] INFO: Authentication successful for user: admin@example.com
[2025-11-13T20:00:22.219Z] INFO: Questions loaded successfully
[2025-11-13T20:00:22.227Z] INFO: Authentication successful for user: admin@example.com
[2025-11-13T20:00:22.227Z] INFO: Questions loaded successfully
[2025-11-13T20:00:22.236Z] INFO: Authentication successful for user: admin@example.com
[2025-11-13T20:00:22.237Z] INFO: Questions loaded successfully
[2025-11-13T20:00:22.248Z] INFO: Authentication successful for user: admin@example.com
[2025-11-13T20:00:22.249Z] INFO: Questions loaded successfully
[2025-11-13T20:00:22.262Z] INFO: Authentication successful for user: admin@example.com
[2025-11-13T20:00:22.263Z] INFO: Questions loaded successfully
[2025-11-13T20:00:22.271Z] INFO: Authentication successful for user: admin@example.com
[2025-11-13T20:00:22.272Z] INFO: Questions loaded successfully
[2025-11-13T20:00:22.280Z] INFO: Authentication successful for user: admin@example.com
[2025-11-13T20:00:22.281Z] INFO: Questions loaded successfully
[2025-11-13T20:00:22.291Z] INFO: Authentication successful for user: admin@example.com
[2025-11-13T20:00:22.292Z] INFO: Questions loaded successfully
[2025-11-13T20:00:22.299Z] INFO: Authentication successful for user: admin@example.com
[2025-11-13T20:00:22.300Z] INFO: Questions loaded successfully
[2025-11-13T20:00:22.308Z] INFO: Authentication successful for user: admin@example.com
[2025-11-13T20:00:22.309Z] INFO: Questions loaded successfully
[2025-11-13T20:00:22.323Z] INFO: Authentication successful for user: admin@example.com
[2025-11-13T20:00:22.324Z] INFO: Questions loaded successfully
[2025-11-13T20:00:22.329Z] INFO: Authentication successful for user: admin@example.com
[2025-11-13T20:00:22.330Z] INFO: Questions loaded successfully
[2025-11-13T20:00:22.338Z] INFO: Authentication successful for user: admin@example.com
[2025-11-13T20:00:22.339Z] INFO: Questions loaded successfully
[2025-11-13T20:00:22.345Z] INFO: Authentication successful for user: admin@example.com
[2025-11-13T20:00:22.346Z] INFO: Questions loaded successfully
[2025-11-13T20:00:22.353Z] INFO: Authentication successful for user: admin@example.com
[2025-11-13T20:00:22.354Z] INFO: Questions loaded successfully
[2025-11-13T20:00:22.363Z] INFO: Authentication successful for user: admin@example.com
[2025-11-13T20:00:22.364Z] INFO: Questions loaded successfully
[2025-11-13T20:00:22.381Z] INFO: Authentication successful for user: admin@example.com
[2025-11-13T20:00:22.382Z] INFO: Questions loaded successfully
[2025-11-13T20:00:22.393Z] INFO: Authentication successful for user: admin@example.com
[2025-11-13T20:00:22.393Z] INFO: Questions loaded successfully
[2025-11-13T20:00:22.400Z] INFO: Authentication successful for user: admin@example.com
[2025-11-13T20:00:22.401Z] INFO: Questions loaded successfully
[2025-11-13T20:00:22.411Z] INFO: Authentication successful for user: admin@example.com
[2025-11-13T20:00:22.412Z] INFO: Questions loaded successfully
[2025-11-13T20:00:22.420Z] INFO: Authentication successful for user: admin@example.com
[2025-11-13T20:00:22.421Z] INFO: Questions loaded successfully
[2025-11-13T20:00:22.431Z] INFO: Authentication successful for user: admin@example.com
[2025-11-13T20:00:22.432Z] INFO: Questions loaded successfully
[2025-11-13T20:00:22.442Z] INFO: Authentication successful for user: admin@example.com
[2025-11-13T20:00:22.443Z] INFO: Questions loaded successfully
[2025-11-13T20:00:22.453Z] INFO: Authentication successful for user: admin@example.com
[2025-11-13T20:00:22.454Z] INFO: Questions loaded successfully
[2025-11-13T20:00:22.464Z] INFO: Authentication successful for user: admin@example.com
[2025-11-13T20:00:22.465Z] INFO: Questions loaded successfully
[2025-11-13T20:00:22.475Z] INFO: Authentication successful for user: admin@example.com
[2025-11-13T20:00:22.476Z] INFO: Questions loaded successfully
[2025-11-13T20:00:22.485Z] INFO: Authentication successful for user: admin@example.com
[2025-11-13T20:00:22.486Z] INFO: Questions loaded successfully
[2025-11-13T20:00:22.494Z] INFO: Authentication successful for user: admin@example.com
[2025-11-13T20:00:22.495Z] INFO: Questions loaded successfully
[2025-11-13T20:00:22.509Z] INFO: Authentication successful for user: admin@example.com
[2025-11-13T20:00:22.510Z] INFO: Questions loaded successfully
[2025-11-13T20:00:22.519Z] INFO: Authentication successful for user: admin@example.com
[2025-11-13T20:00:22.520Z] INFO: Questions loaded successfully
[2025-11-13T20:00:22.527Z] INFO: Authentication successful for user: admin@example.com
[2025-11-13T20:00:22.528Z] INFO: Questions loaded successfully
[2025-11-13T20:00:22.538Z] INFO: Authentication successful for user: admin@example.com
[2025-11-13T20:00:22.539Z] INFO: Questions loaded successfully
[2025-11-13T20:00:22.549Z] INFO: Authentication successful for user: admin@example.com
[2025-11-13T20:00:22.550Z] INFO: Questions loaded successfully
[2025-11-13T20:00:22.564Z] INFO: Authentication successful for user: admin@example.com
[2025-11-13T20:00:22.565Z] INFO: Questions loaded successfully
[2025-11-13T20:00:22.570Z] INFO: Authentication successful for user: admin@example.com
[2025-11-13T20:00:22.571Z] INFO: Questions loaded successfully
[2025-11-13T20:00:22.581Z] INFO: Authentication successful for user: admin@example.com
[2025-11-13T20:00:22.582Z] INFO: Questions loaded successfully
[2025-11-13T20:00:22.592Z] INFO: Authentication successful for user: admin@example.com
[2025-11-13T20:00:22.593Z] INFO: Questions loaded successfully
[2025-11-13T20:00:22.605Z] INFO: Authentication successful for user: admin@example.com
[2025-11-13T20:00:22.606Z] INFO: Questions loaded successfully
[2025-11-13T20:00:22.617Z] INFO: Authentication successful for user: admin@example.com
[2025-11-13T20:00:22.617Z] INFO: Questions loaded successfully
[2025-11-13T20:00:22.630Z] INFO: Authentication successful for user: admin@example.com
[2025-11-13T20:00:22.631Z] INFO: Questions loaded successfully
[2025-11-13T20:00:22.643Z] INFO: Authentication successful for user: admin@example.com
[2025-11-13T20:00:22.644Z] INFO: Questions loaded successfully
[2025-11-13T20:00:22.656Z] INFO: Authentication successful for user: admin@example.com
[2025-11-13T20:00:22.656Z] INFO: Questions loaded successfully
[2025-11-13T20:00:22.666Z] INFO: Authentication successful for user: admin@example.com
[2025-11-13T20:00:22.667Z] INFO: Questions loaded successfully
[2025-11-13T20:00:22.682Z] INFO: Authentication successful for user: admin@example.com
[2025-11-13T20:00:22.682Z] INFO: Questions loaded successfully
[2025-11-13T20:00:22.696Z] INFO: Authentication successful for user: admin@example.com
[2025-11-13T20:00:22.697Z] INFO: Questions loaded successfully
[2025-11-13T20:00:22.706Z] INFO: Authentication successful for user: admin@example.com
[2025-11-13T20:00:22.707Z] INFO: Questions loaded successfully
[2025-11-13T20:00:22.713Z] INFO: Authentication successful for user: admin@example.com
[2025-11-13T20:00:22.714Z] INFO: Questions loaded successfully
[2025-11-13T20:00:22.726Z] INFO: Authentication successful for user: admin@example.com
[2025-11-13T20:00:22.727Z] INFO: Questions loaded successfully
[2025-11-13T20:00:22.737Z] INFO: Authentication successful for user: admin@example.com
[2025-11-13T20:00:22.738Z] INFO: Questions loaded successfully
[2025-11-13T20:00:22.753Z] INFO: Authentication successful for user: admin@example.com
[2025-11-13T20:00:22.754Z] INFO: Questions loaded successfully
[2025-11-13T20:00:22.767Z] INFO: Authentication successful for user: admin@example.com
[2025-11-13T20:00:22.768Z] INFO: Questions loaded successfully
[2025-11-13T20:00:22.781Z] INFO: Authentication successful for user: admin@example.com
[2025-11-13T20:00:22.782Z] INFO: Questions loaded successfully
[2025-11-13T20:00:22.790Z] INFO: Authentication successful for user: admin@example.com
[2025-11-13T20:00:22.791Z] INFO: Questions loaded successfully
[2025-11-13T20:00:22.799Z] INFO: Authentication successful for user: admin@example.com
[2025-11-13T20:00:22.800Z] INFO: Questions loaded successfully
[2025-11-13T20:00:22.809Z] INFO: Authentication successful for user: admin@example.com
[2025-11-13T20:00:22.810Z] INFO: Questions loaded successfully
[2025-11-13T20:00:22.819Z] INFO: Authentication successful for user: admin@example.com
[2025-11-13T20:00:22.820Z] INFO: Questions loaded successfully
[2025-11-13T20:00:22.830Z] INFO: Authentication successful for user: admin@example.com
[2025-11-13T20:00:22.830Z] INFO: Questions loaded successfully
[2025-11-13T20:00:22.839Z] INFO: Authentication successful for user: admin@example.com
[2025-11-13T20:00:22.840Z] INFO: Questions loaded successfully
[2025-11-13T20:00:22.849Z] INFO: Authentication successful for user: admin@example.com
[2025-11-13T20:00:22.850Z] INFO: Questions loaded successfully
[2025-11-13T20:00:22.861Z] INFO: Authentication successful for user: admin@example.com
[2025-11-13T20:00:22.862Z] INFO: Questions loaded successfully
[2025-11-13T20:00:22.869Z] INFO: Authentication successful for user: admin@example.com
[2025-11-13T20:00:22.870Z] INFO: Questions loaded successfully
[2025-11-13T20:00:22.880Z] INFO: Authentication successful for user: admin@example.com
[2025-11-13T20:00:22.881Z] INFO: Questions loaded successfully
[2025-11-13T20:00:22.890Z] INFO: Authentication successful for user: admin@example.com
[2025-11-13T20:00:22.891Z] INFO: Questions loaded successfully
[2025-11-13T20:00:22.900Z] INFO: Authentication successful for user: admin@example.com
[2025-11-13T20:00:22.901Z] INFO: Questions loaded successfully
[2025-11-13T20:00:22.911Z] INFO: Authentication successful for user: admin@example.com
[2025-11-13T20:00:22.912Z] INFO: Questions loaded successfully
[2025-11-13T20:00:22.924Z] INFO: Authentication successful for user: admin@example.com
[2025-11-13T20:00:22.925Z] INFO: Questions loaded successfully
[2025-11-13T20:00:22.936Z] INFO: Authentication successful for user: admin@example.com
[2025-11-13T20:00:22.937Z] INFO: Questions loaded successfully
[2025-11-13T20:00:22.947Z] INFO: Authentication successful for user: admin@example.com
[2025-11-13T20:00:22.948Z] INFO: Questions loaded successfully
[2025-11-13T20:00:22.958Z] INFO: Authentication successful for user: admin@example.com
[2025-11-13T20:00:22.959Z] INFO: Questions loaded successfully
[2025-11-13T20:00:22.971Z] INFO: Authentication successful for user: admin@example.com
[2025-11-13T20:00:22.972Z] INFO: Questions loaded successfully
[2025-11-13T20:00:22.981Z] INFO: Authentication successful for user: admin@example.com
[2025-11-13T20:00:22.982Z] INFO: Questions loaded successfully
[2025-11-13T20:00:22.998Z] INFO: Authentication successful for user: admin@example.com
[2025-11-13T20:00:22.998Z] INFO: Questions loaded successfully
[2025-11-13T20:00:23.006Z] INFO: Authentication successful for user: admin@example.com
[2025-11-13T20:00:23.007Z] INFO: Questions loaded successfully
[2025-11-13T20:00:23.017Z] INFO: Authentication successful for user: admin@example.com
[2025-11-13T20:00:23.017Z] INFO: Questions loaded successfully
[2025-11-13T20:00:23.025Z] INFO: Authentication successful for user: admin@example.com
[2025-11-13T20:00:23.026Z] INFO: Questions loaded successfully
[2025-11-13T20:00:23.035Z] INFO: Authentication successful for user: admin@example.com
[2025-11-13T20:00:23.035Z] INFO: Questions loaded successfully
[2025-11-13T20:00:23.044Z] INFO: Authentication successful for user: admin@example.com
[2025-11-13T20:00:23.045Z] INFO: Questions loaded successfully
[2025-11-13T20:00:23.068Z] INFO: Authentication successful for user: admin@example.com
[2025-11-13T20:00:23.069Z] INFO: Questions loaded successfully
[2025-11-13T20:00:23.072Z] INFO: Authentication successful for user: admin@example.com
[2025-11-13T20:00:23.073Z] INFO: Questions loaded successfully
[2025-11-13T20:00:23.084Z] INFO: Authentication successful for user: admin@example.com
[2025-11-13T20:00:23.085Z] INFO: Questions loaded successfully
[2025-11-13T20:00:23.096Z] INFO: Authentication successful for user: admin@example.com
[2025-11-13T20:00:23.097Z] INFO: Questions loaded successfully
[2025-11-13T20:00:23.104Z] INFO: Authentication successful for user: admin@example.com
[2025-11-13T20:00:23.105Z] INFO: Questions loaded successfully
[2025-11-13T20:00:23.118Z] INFO: Authentication successful for user: admin@example.com
[2025-11-13T20:00:23.119Z] INFO: Questions loaded successfully
[2025-11-13T20:00:23.128Z] INFO: Authentication successful for user: admin@example.com
[2025-11-13T20:00:23.129Z] INFO: Questions loaded successfully
[2025-11-13T20:00:23.140Z] INFO: Authentication successful for user: admin@example.com
[2025-11-13T20:00:23.140Z] INFO: Questions loaded successfully
[2025-11-13T20:00:23.150Z] INFO: Authentication successful for user: admin@example.com
[2025-11-13T20:00:23.151Z] INFO: Questions loaded successfully
[2025-11-13T20:00:23.160Z] INFO: Authentication successful for user: admin@example.com
[2025-11-13T20:00:23.161Z] INFO: Questions loaded successfully
[2025-11-13T20:00:23.170Z] INFO: Authentication successful for user: admin@example.com
[2025-11-13T20:00:23.171Z] INFO: Questions loaded successfully
[2025-11-13T20:00:23.181Z] INFO: Authentication successful for user: admin@example.com
[2025-11-13T20:00:23.182Z] INFO: Questions loaded successfully
[2025-11-13T20:00:23.191Z] INFO: Authentication successful for user: admin@example.com
[2025-11-13T20:00:23.192Z] INFO: Questions loaded successfully
[2025-11-13T20:00:23.202Z] INFO: Authentication successful for user: admin@example.com
[2025-11-13T20:00:23.203Z] INFO: Questions loaded successfully
[2025-11-13T20:00:23.212Z] INFO: Authentication successful for user: admin@example.com
[2025-11-13T20:00:23.213Z] INFO: Questions loaded successfully
[2025-11-13T20:00:23.222Z] INFO: Authentication successful for user: admin@example.com
[2025-11-13T20:00:23.223Z] INFO: Questions loaded successfully
[2025-11-13T20:00:23.233Z] INFO: Authentication successful for user: admin@example.com
[2025-11-13T20:00:23.234Z] INFO: Questions loaded successfully
[2025-11-13T20:00:23.241Z] INFO: Authentication successful for user: admin@example.com
[2025-11-13T20:00:23.241Z] INFO: Questions loaded successfully
[2025-11-13T20:00:23.247Z] INFO: Authentication successful for user: admin@example.com
[2025-11-13T20:00:23.247Z] INFO: Questions loaded successfully
[2025-11-13T20:00:23.254Z] INFO: Authentication successful for user: admin@example.com
[2025-11-13T20:00:23.255Z] INFO: Questions loaded successfully
[2025-11-13T20:00:23.263Z] INFO: Authentication successful for user: admin@example.com
[2025-11-13T20:00:23.264Z] INFO: Questions loaded successfully
[2025-11-13T20:00:23.273Z] INFO: Authentication successful for user: admin@example.com
[2025-11-13T20:00:23.274Z] INFO: Questions loaded successfully
[2025-11-13T20:00:23.281Z] INFO: Authentication successful for user: admin@example.com
[2025-11-13T20:00:23.281Z] INFO: Questions loaded successfully
[2025-11-13T20:00:23.290Z] INFO: Authentication successful for user: admin@example.com
[2025-11-13T20:00:23.291Z] INFO: Questions loaded successfully
[2025-11-13T20:00:23.301Z] INFO: Authentication successful for user: admin@example.com
[2025-11-13T20:00:23.302Z] INFO: Questions loaded successfully
[2025-11-13T20:00:23.311Z] INFO: Authentication successful for user: admin@example.com
[2025-11-13T20:00:23.312Z] INFO: Questions loaded successfully
[2025-11-13T20:00:23.324Z] INFO: Authentication successful for user: admin@example.com
[2025-11-13T20:00:23.325Z] INFO: Questions loaded successfully
[2025-11-13T20:00:23.330Z] INFO: Authentication successful for user: admin@example.com
[2025-11-13T20:00:23.331Z] INFO: Questions loaded successfully
[2025-11-13T20:00:23.343Z] INFO: Authentication successful for user: admin@example.com
[2025-11-13T20:00:23.344Z] INFO: Questions loaded successfully
[2025-11-13T20:00:23.355Z] INFO: Authentication successful for user: admin@example.com
[2025-11-13T20:00:23.356Z] INFO: Questions loaded successfully
[2025-11-13T20:00:23.367Z] INFO: Authentication successful for user: admin@example.com
[2025-11-13T20:00:23.368Z] INFO: Questions loaded successfully
[2025-11-13T20:00:23.376Z] INFO: Authentication successful for user: admin@example.com
[2025-11-13T20:00:23.377Z] INFO: Questions loaded successfully
[2025-11-13T20:00:23.387Z] INFO: Authentication successful for user: admin@example.com
[2025-11-13T20:00:23.387Z] INFO: Questions loaded successfully
[2025-11-13T20:00:23.395Z] INFO: Authentication successful for user: admin@example.com
[2025-11-13T20:00:23.396Z] INFO: Questions loaded successfully
[2025-11-13T20:00:23.404Z] INFO: Authentication successful for user: admin@example.com
[2025-11-13T20:00:23.405Z] INFO: Questions loaded successfully
[2025-11-13T20:00:23.415Z] INFO: Authentication successful for user: admin@example.com
[2025-11-13T20:00:23.416Z] INFO: Questions loaded successfully
[2025-11-13T20:00:23.424Z] INFO: Authentication successful for user: admin@example.com
[2025-11-13T20:00:23.425Z] INFO: Questions loaded successfully
[2025-11-13T20:00:23.436Z] INFO: Authentication successful for user: admin@example.com
[2025-11-13T20:00:23.437Z] INFO: Questions loaded successfully
[2025-11-13T20:00:23.448Z] INFO: Authentication successful for user: admin@example.com
[2025-11-13T20:00:23.449Z] INFO: Questions loaded successfully
[2025-11-13T20:00:23.461Z] INFO: Authentication successful for user: admin@example.com
[2025-11-13T20:00:23.462Z] INFO: Questions loaded successfully
[2025-11-13T20:00:23.475Z] INFO: Authentication successful for user: admin@example.com
[2025-11-13T20:00:23.476Z] INFO: Questions loaded successfully
[2025-11-13T20:00:23.486Z] INFO: Authentication successful for user: admin@example.com
[2025-11-13T20:00:23.487Z] INFO: Questions loaded successfully
[2025-11-13T20:00:23.495Z] INFO: Authentication successful for user: admin@example.com
[2025-11-13T20:00:23.496Z] INFO: Questions loaded successfully
[2025-11-13T20:00:23.506Z] INFO: Authentication successful for user: admin@example.com
[2025-11-13T20:00:23.507Z] INFO: Questions loaded successfully
[2025-11-13T20:00:23.515Z] INFO: Authentication successful for user: admin@example.com
[2025-11-13T20:00:23.516Z] INFO: Questions loaded successfully
[2025-11-13T20:00:23.531Z] INFO: Authentication successful for user: admin@example.com
[2025-11-13T20:00:23.532Z] INFO: Questions loaded successfully
[2025-11-13T20:00:23.539Z] INFO: Authentication successful for user: admin@example.com
[2025-11-13T20:00:23.540Z] INFO: Questions loaded successfully
[2025-11-13T20:00:23.550Z] INFO: Authentication successful for user: admin@example.com
[2025-11-13T20:00:23.551Z] INFO: Questions loaded successfully
[2025-11-13T20:00:23.563Z] INFO: Authentication successful for user: admin@example.com
[2025-11-13T20:00:23.564Z] INFO: Questions loaded successfully
[2025-11-13T20:00:23.577Z] INFO: Authentication successful for user: admin@example.com
[2025-11-13T20:00:23.578Z] INFO: Questions loaded successfully
[2025-11-13T20:00:23.586Z] INFO: Authentication successful for user: admin@example.com
[2025-11-13T20:00:23.587Z] INFO: Questions loaded successfully
[2025-11-13T20:00:23.598Z] INFO: Authentication successful for user: admin@example.com
[2025-11-13T20:00:23.598Z] INFO: Questions loaded successfully
[2025-11-13T20:00:23.609Z] INFO: Authentication successful for user: admin@example.com
[2025-11-13T20:00:23.610Z] INFO: Questions loaded successfully
[2025-11-13T20:00:23.618Z] INFO: Authentication successful for user: admin@example.com
[2025-11-13T20:00:23.619Z] INFO: Questions loaded successfully
[2025-11-13T20:00:23.628Z] INFO: Authentication successful for user: admin@example.com
[2025-11-13T20:00:23.628Z] INFO: Questions loaded successfully
[2025-11-13T20:00:23.640Z] INFO: Authentication successful for user: admin@example.com
[2025-11-13T20:00:23.641Z] INFO: Questions loaded successfully
[2025-11-13T20:00:23.653Z] INFO: Authentication successful for user: admin@example.com
[2025-11-13T20:00:23.654Z] INFO: Questions loaded successfully
[2025-11-13T20:00:23.663Z] INFO: Authentication successful for user: admin@example.com
[2025-11-13T20:00:23.664Z] INFO: Questions loaded successfully
[2025-11-13T20:00:23.674Z] INFO: Authentication successful for user: admin@example.com
[2025-11-13T20:00:23.675Z] INFO: Questions loaded successfully
[2025-11-13T20:00:23.683Z] INFO: Authentication successful for user: admin@example.com
[2025-11-13T20:00:23.684Z] INFO: Questions loaded successfully
[2025-11-13T20:00:23.693Z] INFO: Authentication successful for user: admin@example.com
[2025-11-13T20:00:23.694Z] INFO: Questions loaded successfully
[2025-11-13T20:00:23.703Z] INFO: Authentication successful for user: admin@example.com
[2025-11-13T20:00:23.704Z] INFO: Questions loaded successfully
[2025-11-13T20:00:23.715Z] INFO: Authentication successful for user: admin@example.com
[2025-11-13T20:00:23.716Z] INFO: Questions loaded successfully
[2025-11-13T20:00:23.728Z] INFO: Authentication successful for user: admin@example.com
[2025-11-13T20:00:23.729Z] INFO: Questions loaded successfully
[2025-11-13T20:00:23.741Z] INFO: Authentication successful for user: admin@example.com
[2025-11-13T20:00:23.742Z] INFO: Questions loaded successfully
[2025-11-13T20:00:23.752Z] INFO: Authentication successful for user: admin@example.com
[2025-11-13T20:00:23.753Z] INFO: Questions loaded successfully
[2025-11-13T20:00:23.760Z] INFO: Authentication successful for user: admin@example.com
[2025-11-13T20:00:23.761Z] INFO: Questions loaded successfully
[2025-11-13T20:00:23.770Z] INFO: Authentication successful for user: admin@example.com
[2025-11-13T20:00:23.771Z] INFO: Questions loaded successfully
[2025-11-13T20:00:23.784Z] INFO: Authentication successful for user: admin@example.com
[2025-11-13T20:00:23.785Z] INFO: Questions loaded successfully
[2025-11-13T20:00:23.792Z] INFO: Authentication successful for user: admin@example.com
[2025-11-13T20:00:23.793Z] INFO: Questions loaded successfully
[2025-11-13T20:00:23.801Z] INFO: Authentication successful for user: admin@example.com
[2025-11-13T20:00:23.802Z] INFO: Questions loaded successfully
[2025-11-13T20:00:23.813Z] INFO: Authentication successful for user: admin@example.com
[2025-11-13T20:00:23.815Z] INFO: Questions loaded successfully
[2025-11-13T20:00:23.821Z] INFO: Authentication successful for user: admin@example.com
[2025-11-13T20:00:23.822Z] INFO: Questions loaded successfully
[2025-11-13T20:00:23.833Z] INFO: Authentication successful for user: admin@example.com
[2025-11-13T20:00:23.835Z] INFO: Questions loaded successfully
[2025-11-13T20:00:23.844Z] INFO: Authentication successful for user: admin@example.com
[2025-11-13T20:00:23.845Z] INFO: Questions loaded successfully
[2025-11-13T20:00:23.857Z] INFO: Authentication successful for user: admin@example.com
[2025-11-13T20:00:23.857Z] INFO: Questions loaded successfully
[2025-11-13T20:00:23.863Z] INFO: Authentication successful for user: admin@example.com
[2025-11-13T20:00:23.864Z] INFO: Questions loaded successfully
[2025-11-13T20:00:23.874Z] INFO: Authentication successful for user: admin@example.com
[2025-11-13T20:00:23.875Z] INFO: Questions loaded successfully
[2025-11-13T20:00:23.885Z] INFO: Authentication successful for user: admin@example.com
[2025-11-13T20:00:23.886Z] INFO: Questions loaded successfully
[2025-11-13T20:00:23.895Z] INFO: Authentication successful for user: admin@example.com
[2025-11-13T20:00:23.896Z] INFO: Questions loaded successfully
[2025-11-13T20:00:23.901Z] INFO: Authentication successful for user: admin@example.com
[2025-11-13T20:00:23.901Z] INFO: Questions loaded successfully
[2025-11-13T20:00:23.912Z] INFO: Authentication successful for user: admin@example.com
[2025-11-13T20:00:23.913Z] INFO: Questions loaded successfully
[2025-11-13T20:00:23.924Z] INFO: Authentication successful for user: admin@example.com
[2025-11-13T20:00:23.925Z] INFO: Questions loaded successfully
[2025-11-13T20:00:23.934Z] INFO: Authentication successful for user: admin@example.com
[2025-11-13T20:00:23.935Z] INFO: Questions loaded successfully
[2025-11-13T20:00:23.945Z] INFO: Authentication successful for user: admin@example.com
[2025-11-13T20:00:23.945Z] INFO: Questions loaded successfully
[2025-11-13T20:00:23.958Z] INFO: Authentication successful for user: admin@example.com
[2025-11-13T20:00:23.959Z] INFO: Questions loaded successfully
[2025-11-13T20:00:23.967Z] INFO: Authentication successful for user: admin@example.com
[2025-11-13T20:00:23.967Z] INFO: Questions loaded successfully
[2025-11-13T20:00:23.978Z] INFO: Authentication successful for user: admin@example.com
[2025-11-13T20:00:23.978Z] INFO: Questions loaded successfully
[2025-11-13T20:00:23.989Z] INFO: Authentication successful for user: admin@example.com
[2025-11-13T20:00:23.989Z] INFO: Questions loaded successfully
[2025-11-13T20:00:23.997Z] INFO: Authentication successful for user: admin@example.com
[2025-11-13T20:00:23.998Z] INFO: Questions loaded successfully
[2025-11-13T20:00:24.013Z] INFO: Authentication successful for user: admin@example.com
[2025-11-13T20:00:24.014Z] INFO: Questions loaded successfully
[2025-11-13T20:00:24.019Z] INFO: Authentication successful for user: admin@example.com
[2025-11-13T20:00:24.020Z] INFO: Questions loaded successfully
[2025-11-13T20:00:24.028Z] INFO: Authentication successful for user: admin@example.com
[2025-11-13T20:00:24.029Z] INFO: Questions loaded successfully
[2025-11-13T20:00:24.042Z] INFO: Authentication successful for user: admin@example.com
[2025-11-13T20:00:24.043Z] INFO: Questions loaded successfully
[2025-11-13T20:00:24.053Z] INFO: Authentication successful for user: admin@example.com
[2025-11-13T20:00:24.054Z] INFO: Questions loaded successfully
[2025-11-13T20:00:24.062Z] INFO: Authentication successful for user: admin@example.com
[2025-11-13T20:00:24.063Z] INFO: Questions loaded successfully
[2025-11-13T20:00:24.078Z] INFO: Authentication successful for user: admin@example.com
[2025-11-13T20:00:24.078Z] INFO: Questions loaded successfully
[2025-11-13T20:00:24.090Z] INFO: Authentication successful for user: admin@example.com
[2025-11-13T20:00:24.092Z] INFO: Questions loaded successfully
[2025-11-13T20:00:24.110Z] INFO: Authentication successful for user: admin@example.com
[2025-11-13T20:00:24.111Z] INFO: Questions loaded successfully
[2025-11-13T20:00:24.117Z] INFO: Authentication successful for user: admin@example.com
[2025-11-13T20:00:24.118Z] INFO: Questions loaded successfully
[2025-11-13T20:00:24.130Z] INFO: Authentication successful for user: admin@example.com
[2025-11-13T20:00:24.131Z] INFO: Questions loaded successfully
[2025-11-13T20:00:24.149Z] INFO: Authentication successful for user: admin@example.com
[2025-11-13T20:00:24.150Z] INFO: Questions loaded successfully
[2025-11-13T20:00:24.161Z] INFO: Authentication successful for user: admin@example.com
[2025-11-13T20:00:24.162Z] INFO: Questions loaded successfully
[2025-11-13T20:00:24.174Z] INFO: Authentication successful for user: admin@example.com
[2025-11-13T20:00:24.175Z] INFO: Questions loaded successfully
[2025-11-13T20:00:24.186Z] INFO: Authentication successful for user: admin@example.com
[2025-11-13T20:00:24.187Z] INFO: Questions loaded successfully
[2025-11-13T20:00:24.197Z] INFO: Authentication successful for user: admin@example.com
[2025-11-13T20:00:24.198Z] INFO: Questions loaded successfully
[2025-11-13T20:00:24.207Z] INFO: Authentication successful for user: admin@example.com
[2025-11-13T20:00:24.208Z] INFO: Questions loaded successfully
[2025-11-13T20:00:24.215Z] INFO: Authentication successful for user: admin@example.com
[2025-11-13T20:00:24.216Z] INFO: Questions loaded successfully
[2025-11-13T20:00:24.228Z] INFO: Authentication successful for user: admin@example.com
[2025-11-13T20:00:24.229Z] INFO: Questions loaded successfully
[2025-11-13T20:00:24.238Z] INFO: Authentication successful for user: admin@example.com
[2025-11-13T20:00:24.239Z] INFO: Questions loaded successfully
[2025-11-13T20:00:24.248Z] INFO: Authentication successful for user: admin@example.com
[2025-11-13T20:00:24.249Z] INFO: Questions loaded successfully
[2025-11-13T20:00:24.255Z] INFO: Authentication successful for user: admin@example.com
[2025-11-13T20:00:24.256Z] INFO: Questions loaded successfully
[2025-11-13T20:00:24.263Z] INFO: Authentication successful for user: admin@example.com
[2025-11-13T20:00:24.263Z] INFO: Questions loaded successfully
[2025-11-13T20:00:24.274Z] INFO: Authentication successful for user: admin@example.com
[2025-11-13T20:00:24.274Z] INFO: Questions loaded successfully
[2025-11-13T20:00:24.285Z] INFO: Authentication successful for user: admin@example.com
[2025-11-13T20:00:24.286Z] INFO: Questions loaded successfully
[2025-11-13T20:00:24.296Z] INFO: Authentication successful for user: admin@example.com
[2025-11-13T20:00:24.296Z] INFO: Questions loaded successfully
[2025-11-13T20:00:24.307Z] INFO: Authentication successful for user: admin@example.com
[2025-11-13T20:00:24.308Z] INFO: Questions loaded successfully
[2025-11-13T20:00:24.320Z] INFO: Authentication successful for user: admin@example.com
[2025-11-13T20:00:24.320Z] INFO: Questions loaded successfully
[2025-11-13T20:00:24.330Z] INFO: Authentication successful for user: admin@example.com
[2025-11-13T20:00:24.330Z] INFO: Questions loaded successfully
[2025-11-13T20:00:24.344Z] INFO: Authentication successful for user: admin@example.com
[2025-11-13T20:00:24.344Z] INFO: Questions loaded successfully
[2025-11-13T20:00:24.353Z] INFO: Authentication successful for user: admin@example.com
[2025-11-13T20:00:24.353Z] INFO: Questions loaded successfully
[2025-11-13T20:00:24.361Z] INFO: Authentication successful for user: admin@example.com
[2025-11-13T20:00:24.362Z] INFO: Questions loaded successfully
[2025-11-13T20:00:24.372Z] INFO: Authentication successful for user: admin@example.com
[2025-11-13T20:00:24.372Z] INFO: Questions loaded successfully
[2025-11-13T20:00:24.383Z] INFO: Authentication successful for user: admin@example.com
[2025-11-13T20:00:24.384Z] INFO: Questions loaded successfully
[2025-11-13T20:00:24.392Z] INFO: Authentication successful for user: admin@example.com
[2025-11-13T20:00:24.393Z] INFO: Questions loaded successfully
[2025-11-13T20:00:24.402Z] INFO: Authentication successful for user: admin@example.com
[2025-11-13T20:00:24.402Z] INFO: Questions loaded successfully
[2025-11-13T20:00:24.414Z] INFO: Authentication successful for user: admin@example.com
[2025-11-13T20:00:24.414Z] INFO: Questions loaded successfully
[2025-11-13T20:00:24.425Z] INFO: Authentication successful for user: admin@example.com
[2025-11-13T20:00:24.426Z] INFO: Questions loaded successfully
[2025-11-13T20:00:24.433Z] INFO: Authentication successful for user: admin@example.com
[2025-11-13T20:00:24.434Z] INFO: Questions loaded successfully
[2025-11-13T20:00:24.453Z] INFO: Authentication successful for user: admin@example.com
[2025-11-13T20:00:24.453Z] INFO: Questions loaded successfully
[2025-11-13T20:00:24.463Z] INFO: Authentication successful for user: admin@example.com
[2025-11-13T20:00:24.463Z] INFO: Questions loaded successfully
[2025-11-13T20:00:24.471Z] INFO: Authentication successful for user: admin@example.com
[2025-11-13T20:00:24.471Z] INFO: Questions loaded successfully
[2025-11-13T20:00:24.478Z] INFO: Authentication successful for user: admin@example.com
[2025-11-13T20:00:24.479Z] INFO: Questions loaded successfully
[2025-11-13T20:00:24.494Z] INFO: Authentication successful for user: admin@example.com
[2025-11-13T20:00:24.495Z] INFO: Questions loaded successfully
[2025-11-13T20:00:24.499Z] INFO: Authentication successful for user: admin@example.com
[2025-11-13T20:00:24.500Z] INFO: Questions loaded successfully
[2025-11-13T20:00:24.512Z] INFO: Authentication successful for user: admin@example.com
[2025-11-13T20:00:24.513Z] INFO: Questions loaded successfully
[2025-11-13T20:00:24.523Z] INFO: Authentication successful for user: admin@example.com
[2025-11-13T20:00:24.524Z] INFO: Questions loaded successfully
[2025-11-13T20:00:24.534Z] INFO: Authentication successful for user: admin@example.com
[2025-11-13T20:00:24.534Z] INFO: Questions loaded successfully
[2025-11-13T20:00:24.544Z] INFO: Authentication successful for user: admin@example.com
[2025-11-13T20:00:24.544Z] INFO: Questions loaded successfully
[2025-11-13T20:00:24.557Z] INFO: Authentication successful for user: admin@example.com
[2025-11-13T20:00:24.558Z] INFO: Questions loaded successfully
[2025-11-13T20:00:24.562Z] INFO: Authentication successful for user: admin@example.com
[2025-11-13T20:00:24.563Z] INFO: Questions loaded successfully
[2025-11-13T20:00:24.576Z] INFO: Authentication successful for user: admin@example.com
[2025-11-13T20:00:24.576Z] INFO: Questions loaded successfully
[2025-11-13T20:00:24.591Z] INFO: Authentication successful for user: admin@example.com
[2025-11-13T20:00:24.592Z] INFO: Questions loaded successfully
[2025-11-13T20:00:24.600Z] INFO: Authentication successful for user: admin@example.com
[2025-11-13T20:00:24.601Z] INFO: Questions loaded successfully
[2025-11-13T20:00:24.620Z] INFO: Authentication successful for user: admin@example.com
[2025-11-13T20:00:24.621Z] INFO: Questions loaded successfully
[2025-11-13T20:00:24.624Z] INFO: Authentication successful for user: admin@example.com
[2025-11-13T20:00:24.625Z] INFO: Questions loaded successfully
[2025-11-13T20:00:24.637Z] INFO: Authentication successful for user: admin@example.com
[2025-11-13T20:00:24.637Z] INFO: Questions loaded successfully
[2025-11-13T20:00:24.647Z] INFO: Authentication successful for user: admin@example.com
[2025-11-13T20:00:24.648Z] INFO: Questions loaded successfully
[2025-11-13T20:00:24.659Z] INFO: Authentication successful for user: admin@example.com
[2025-11-13T20:00:24.660Z] INFO: Questions loaded successfully
[2025-11-13T20:00:24.667Z] INFO: Authentication successful for user: admin@example.com
[2025-11-13T20:00:24.668Z] INFO: Questions loaded successfully
[2025-11-13T20:00:24.677Z] INFO: Authentication successful for user: admin@example.com
[2025-11-13T20:00:24.678Z] INFO: Questions loaded successfully
[2025-11-13T20:00:24.691Z] INFO: Authentication successful for user: admin@example.com
[2025-11-13T20:00:24.692Z] INFO: Questions loaded successfully
[2025-11-13T20:00:24.702Z] INFO: Authentication successful for user: admin@example.com
[2025-11-13T20:00:24.702Z] INFO: Questions loaded successfully
[2025-11-13T20:00:24.718Z] INFO: Authentication successful for user: admin@example.com
[2025-11-13T20:00:24.719Z] INFO: Questions loaded successfully
[2025-11-13T20:00:24.728Z] INFO: Authentication successful for user: admin@example.com
[2025-11-13T20:00:24.729Z] INFO: Questions loaded successfully
[2025-11-13T20:00:24.744Z] INFO: Authentication successful for user: admin@example.com
[2025-11-13T20:00:24.745Z] INFO: Questions loaded successfully
[2025-11-13T20:00:24.750Z] INFO: Authentication successful for user: admin@example.com
[2025-11-13T20:00:24.751Z] INFO: Questions loaded successfully
[2025-11-13T20:00:24.764Z] INFO: Authentication successful for user: admin@example.com
[2025-11-13T20:00:24.765Z] INFO: Questions loaded successfully
[2025-11-13T20:00:24.776Z] INFO: Authentication successful for user: admin@example.com
[2025-11-13T20:00:24.777Z] INFO: Questions loaded successfully
[2025-11-13T20:00:24.786Z] INFO: Authentication successful for user: admin@example.com
[2025-11-13T20:00:24.787Z] INFO: Questions loaded successfully
[2025-11-13T20:00:24.799Z] INFO: Authentication successful for user: admin@example.com
[2025-11-13T20:00:24.800Z] INFO: Questions loaded successfully
[2025-11-13T20:00:24.805Z] INFO: Authentication successful for user: admin@example.com
[2025-11-13T20:00:24.806Z] INFO: Questions loaded successfully
[2025-11-13T20:00:24.819Z] INFO: Authentication successful for user: admin@example.com
[2025-11-13T20:00:24.820Z] INFO: Questions loaded successfully
[2025-11-13T20:00:24.828Z] INFO: Authentication successful for user: admin@example.com
[2025-11-13T20:00:24.829Z] INFO: Questions loaded successfully
[2025-11-13T20:00:24.841Z] INFO: Authentication successful for user: admin@example.com
[2025-11-13T20:00:24.843Z] INFO: Questions loaded successfully
[2025-11-13T20:00:24.851Z] INFO: Authentication successful for user: admin@example.com
[2025-11-13T20:00:24.852Z] INFO: Questions loaded successfully
[2025-11-13T20:00:24.862Z] INFO: Authentication successful for user: admin@example.com
[2025-11-13T20:00:24.863Z] INFO: Questions loaded successfully
[2025-11-13T20:00:24.870Z] INFO: Authentication successful for user: admin@example.com
[2025-11-13T20:00:24.872Z] INFO: Questions loaded successfully
[2025-11-13T20:00:24.883Z] INFO: Authentication successful for user: admin@example.com
[2025-11-13T20:00:24.884Z] INFO: Questions loaded successfully
[2025-11-13T20:00:24.894Z] INFO: Authentication successful for user: admin@example.com
[2025-11-13T20:00:24.895Z] INFO: Questions loaded successfully
[2025-11-13T20:00:24.907Z] INFO: Authentication successful for user: admin@example.com
[2025-11-13T20:00:24.908Z] INFO: Questions loaded successfully
[2025-11-13T20:00:24.928Z] INFO: Authentication successful for user: admin@example.com
[2025-11-13T20:00:24.929Z] INFO: Questions loaded successfully
[2025-11-13T20:00:24.943Z] INFO: Authentication successful for user: admin@example.com
[2025-11-13T20:00:24.944Z] INFO: Questions loaded successfully
[2025-11-13T20:00:24.957Z] INFO: Authentication successful for user: admin@example.com
[2025-11-13T20:00:24.958Z] INFO: Questions loaded successfully
[2025-11-13T20:00:24.973Z] INFO: Authentication successful for user: admin@example.com
[2025-11-13T20:00:24.973Z] INFO: Questions loaded successfully
[2025-11-13T20:00:24.980Z] INFO: Authentication successful for user: admin@example.com
[2025-11-13T20:00:24.980Z] INFO: Questions loaded successfully
[2025-11-13T20:00:24.992Z] INFO: Authentication successful for user: admin@example.com
[2025-11-13T20:00:24.993Z] INFO: Questions loaded successfully
[2025-11-13T20:00:25.003Z] INFO: Authentication successful for user: admin@example.com
[2025-11-13T20:00:25.004Z] INFO: Questions loaded successfully
[2025-11-13T20:00:25.014Z] INFO: Authentication successful for user: admin@example.com
[2025-11-13T20:00:25.014Z] INFO: Questions loaded successfully
[2025-11-13T20:00:25.024Z] INFO: Authentication successful for user: admin@example.com
[2025-11-13T20:00:25.024Z] INFO: Questions loaded successfully
[2025-11-13T20:00:25.039Z] INFO: Authentication successful for user: admin@example.com
[2025-11-13T20:00:25.040Z] INFO: Questions loaded successfully
[2025-11-13T20:00:25.044Z] INFO: Authentication successful for user: admin@example.com
[2025-11-13T20:00:25.045Z] INFO: Questions loaded successfully
[2025-11-13T20:00:25.055Z] INFO: Authentication successful for user: admin@example.com
[2025-11-13T20:00:25.056Z] INFO: Questions loaded successfully
[2025-11-13T20:00:25.069Z] INFO: Authentication successful for user: admin@example.com
[2025-11-13T20:00:25.069Z] INFO: Questions loaded successfully
[2025-11-13T20:00:25.077Z] INFO: Authentication successful for user: admin@example.com
[2025-11-13T20:00:25.078Z] INFO: Questions loaded successfully
[2025-11-13T20:00:25.094Z] INFO: Authentication successful for user: admin@example.com
[2025-11-13T20:00:25.095Z] INFO: Questions loaded successfully
[2025-11-13T20:00:25.107Z] INFO: Authentication successful for user: admin@example.com
[2025-11-13T20:00:25.108Z] INFO: Questions loaded successfully
[2025-11-13T20:00:25.130Z] INFO: Authentication successful for user: admin@example.com
[2025-11-13T20:00:25.130Z] INFO: Questions loaded successfully
[2025-11-13T20:00:25.135Z] INFO: Authentication successful for user: admin@example.com
[2025-11-13T20:00:25.136Z] INFO: Questions loaded successfully
[2025-11-13T20:00:25.151Z] INFO: Authentication successful for user: admin@example.com
[2025-11-13T20:00:25.152Z] INFO: Questions loaded successfully
[2025-11-13T20:00:25.168Z] INFO: Authentication successful for user: admin@example.com
[2025-11-13T20:00:25.169Z] INFO: Questions loaded successfully
[2025-11-13T20:00:25.179Z] INFO: Authentication successful for user: admin@example.com
[2025-11-13T20:00:25.180Z] INFO: Questions loaded successfully
[2025-11-13T20:00:25.191Z] INFO: Authentication successful for user: admin@example.com
[2025-11-13T20:00:25.191Z] INFO: Questions loaded successfully
[2025-11-13T20:00:25.209Z] INFO: Authentication successful for user: admin@example.com
[2025-11-13T20:00:25.210Z] INFO: Questions loaded successfully
[2025-11-13T20:00:25.218Z] INFO: Authentication successful for user: admin@example.com
[2025-11-13T20:00:25.219Z] INFO: Questions loaded successfully
[2025-11-13T20:00:25.224Z] INFO: Authentication successful for user: admin@example.com
[2025-11-13T20:00:25.225Z] INFO: Questions loaded successfully
[2025-11-13T20:00:25.230Z] INFO: Authentication successful for user: admin@example.com
[2025-11-13T20:00:25.231Z] INFO: Questions loaded successfully
[2025-11-13T20:00:25.247Z] INFO: Authentication successful for user: admin@example.com
[2025-11-13T20:00:25.248Z] INFO: Questions loaded successfully
[2025-11-13T20:00:25.253Z] INFO: Authentication successful for user: admin@example.com
[2025-11-13T20:00:25.254Z] INFO: Questions loaded successfully
[2025-11-13T20:00:25.263Z] INFO: Authentication successful for user: admin@example.com
[2025-11-13T20:00:25.264Z] INFO: Questions loaded successfully
[2025-11-13T20:00:25.274Z] INFO: Authentication successful for user: admin@example.com
[2025-11-13T20:00:25.275Z] INFO: Questions loaded successfully
[2025-11-13T20:00:25.287Z] INFO: Authentication successful for user: admin@example.com
[2025-11-13T20:00:25.288Z] INFO: Questions loaded successfully
[2025-11-13T20:00:25.299Z] INFO: Authentication successful for user: admin@example.com
[2025-11-13T20:00:25.300Z] INFO: Questions loaded successfully
[2025-11-13T20:00:25.310Z] INFO: Authentication successful for user: admin@example.com
[2025-11-13T20:00:25.310Z] INFO: Questions loaded successfully
[2025-11-13T20:00:25.320Z] INFO: Authentication successful for user: admin@example.com
[2025-11-13T20:00:25.321Z] INFO: Questions loaded successfully
[2025-11-13T20:00:25.327Z] INFO: Authentication successful for user: admin@example.com
[2025-11-13T20:00:25.328Z] INFO: Questions loaded successfully
[2025-11-13T20:00:25.339Z] INFO: Authentication successful for user: admin@example.com
[2025-11-13T20:00:25.340Z] INFO: Questions loaded successfully
[2025-11-13T20:00:25.349Z] INFO: Authentication successful for user: admin@example.com
[2025-11-13T20:00:25.350Z] INFO: Questions loaded successfully
[2025-11-13T20:00:25.359Z] INFO: Authentication successful for user: admin@example.com
[2025-11-13T20:00:25.360Z] INFO: Questions loaded successfully
[2025-11-13T20:00:25.374Z] INFO: Authentication successful for user: admin@example.com
[2025-11-13T20:00:25.375Z] INFO: Questions loaded successfully
[2025-11-13T20:00:25.383Z] INFO: Authentication successful for user: admin@example.com
[2025-11-13T20:00:25.384Z] INFO: Questions loaded successfully
[2025-11-13T20:00:25.392Z] INFO: Authentication successful for user: admin@example.com
[2025-11-13T20:00:25.392Z] INFO: Questions loaded successfully
[2025-11-13T20:00:25.402Z] INFO: Authentication successful for user: admin@example.com
[2025-11-13T20:00:25.403Z] INFO: Questions loaded successfully
[2025-11-13T20:00:25.411Z] INFO: Authentication successful for user: admin@example.com
[2025-11-13T20:00:25.412Z] INFO: Questions loaded successfully
[2025-11-13T20:00:25.420Z] INFO: Authentication successful for user: admin@example.com
[2025-11-13T20:00:25.421Z] INFO: Questions loaded successfully
[2025-11-13T20:00:25.430Z] INFO: Authentication successful for user: admin@example.com
[2025-11-13T20:00:25.431Z] INFO: Questions loaded successfully
[2025-11-13T20:00:25.453Z] INFO: Authentication successful for user: admin@example.com
[2025-11-13T20:00:25.454Z] INFO: Questions loaded successfully
[2025-11-13T20:00:25.459Z] INFO: Authentication successful for user: admin@example.com
[2025-11-13T20:00:25.460Z] INFO: Questions loaded successfully
[2025-11-13T20:00:25.468Z] INFO: Authentication successful for user: admin@example.com
[2025-11-13T20:00:25.469Z] INFO: Questions loaded successfully
[2025-11-13T20:00:25.479Z] INFO: Authentication successful for user: admin@example.com
[2025-11-13T20:00:25.480Z] INFO: Questions loaded successfully
[2025-11-13T20:00:25.492Z] INFO: Authentication successful for user: admin@example.com
[2025-11-13T20:00:25.493Z] INFO: Questions loaded successfully
[2025-11-13T20:00:25.499Z] INFO: Authentication successful for user: admin@example.com
[2025-11-13T20:00:25.500Z] INFO: Questions loaded successfully
[2025-11-13T20:00:25.509Z] INFO: Authentication successful for user: admin@example.com
[2025-11-13T20:00:25.510Z] INFO: Questions loaded successfully
[2025-11-13T20:00:25.520Z] INFO: Authentication successful for user: admin@example.com
[2025-11-13T20:00:25.521Z] INFO: Questions loaded successfully
[2025-11-13T20:00:25.530Z] INFO: Authentication successful for user: admin@example.com
[2025-11-13T20:00:25.531Z] INFO: Questions loaded successfully
[2025-11-13T20:00:25.539Z] INFO: Authentication successful for user: admin@example.com
[2025-11-13T20:00:25.540Z] INFO: Questions loaded successfully
[2025-11-13T20:00:25.557Z] INFO: Authentication successful for user: admin@example.com
[2025-11-13T20:00:25.558Z] INFO: Questions loaded successfully
[2025-11-13T20:00:25.563Z] INFO: Authentication successful for user: admin@example.com
[2025-11-13T20:00:25.564Z] INFO: Questions loaded successfully
[2025-11-13T20:00:25.579Z] INFO: Authentication successful for user: admin@example.com
[2025-11-13T20:00:25.580Z] INFO: Questions loaded successfully
[2025-11-13T20:00:25.587Z] INFO: Authentication successful for user: admin@example.com
[2025-11-13T20:00:25.588Z] INFO: Questions loaded successfully
[2025-11-13T20:00:25.598Z] INFO: Authentication successful for user: admin@example.com
[2025-11-13T20:00:25.599Z] INFO: Questions loaded successfully
[2025-11-13T20:00:25.607Z] INFO: Authentication successful for user: admin@example.com
[2025-11-13T20:00:25.608Z] INFO: Questions loaded successfully
[2025-11-13T20:00:25.617Z] INFO: Authentication successful for user: admin@example.com
[2025-11-13T20:00:25.619Z] INFO: Questions loaded successfully
[2025-11-13T20:00:25.628Z] INFO: Authentication successful for user: admin@example.com
[2025-11-13T20:00:25.628Z] INFO: Questions loaded successfully
[2025-11-13T20:00:25.638Z] INFO: Authentication successful for user: admin@example.com
[2025-11-13T20:00:25.640Z] INFO: Questions loaded successfully
[2025-11-13T20:00:25.651Z] INFO: Authentication successful for user: admin@example.com
[2025-11-13T20:00:25.652Z] INFO: Questions loaded successfully
[2025-11-13T20:00:25.664Z] INFO: Authentication successful for user: admin@example.com
[2025-11-13T20:00:25.665Z] INFO: Questions loaded successfully
[2025-11-13T20:00:25.674Z] INFO: Authentication successful for user: admin@example.com
[2025-11-13T20:00:25.674Z] INFO: Questions loaded successfully
[2025-11-13T20:00:25.687Z] INFO: Authentication successful for user: admin@example.com
[2025-11-13T20:00:25.688Z] INFO: Questions loaded successfully
[2025-11-13T20:00:25.698Z] INFO: Authentication successful for user: admin@example.com
[2025-11-13T20:00:25.698Z] INFO: Questions loaded successfully
[2025-11-13T20:00:25.708Z] INFO: Authentication successful for user: admin@example.com
[2025-11-13T20:00:25.708Z] INFO: Questions loaded successfully
[2025-11-13T20:00:25.719Z] INFO: Authentication successful for user: admin@example.com
[2025-11-13T20:00:25.720Z] INFO: Questions loaded successfully
[2025-11-13T20:00:25.732Z] INFO: Authentication successful for user: admin@example.com
[2025-11-13T20:00:25.733Z] INFO: Questions loaded successfully
[2025-11-13T20:00:25.742Z] INFO: Authentication successful for user: admin@example.com
[2025-11-13T20:00:25.743Z] INFO: Questions loaded successfully
[2025-11-13T20:00:25.756Z] INFO: Authentication successful for user: admin@example.com
[2025-11-13T20:00:25.757Z] INFO: Questions loaded successfully
[2025-11-13T20:00:25.768Z] INFO: Authentication successful for user: admin@example.com
[2025-11-13T20:00:25.769Z] INFO: Questions loaded successfully
[2025-11-13T20:00:25.784Z] INFO: Authentication successful for user: admin@example.com
[2025-11-13T20:00:25.785Z] INFO: Questions loaded successfully
[2025-11-13T20:00:25.791Z] INFO: Authentication successful for user: admin@example.com
[2025-11-13T20:00:25.791Z] INFO: Questions loaded successfully
[2025-11-13T20:00:25.800Z] INFO: Authentication successful for user: admin@example.com
[2025-11-13T20:00:25.802Z] INFO: Questions loaded successfully
[2025-11-13T20:00:25.810Z] INFO: Authentication successful for user: admin@example.com
[2025-11-13T20:00:25.811Z] INFO: Questions loaded successfully
[2025-11-13T20:00:25.820Z] INFO: Authentication successful for user: admin@example.com
[2025-11-13T20:00:25.821Z] INFO: Questions loaded successfully
[2025-11-13T20:00:25.830Z] INFO: Authentication successful for user: admin@example.com
[2025-11-13T20:00:25.831Z] INFO: Questions loaded successfully
[2025-11-13T20:00:25.841Z] INFO: Authentication successful for user: admin@example.com
[2025-11-13T20:00:25.842Z] INFO: Questions loaded successfully
[2025-11-13T20:00:25.852Z] INFO: Authentication successful for user: admin@example.com
[2025-11-13T20:00:25.853Z] INFO: Questions loaded successfully
[2025-11-13T20:00:25.864Z] INFO: Authentication successful for user: admin@example.com
[2025-11-13T20:00:25.864Z] INFO: Questions loaded successfully
[2025-11-13T20:00:25.874Z] INFO: Authentication successful for user: admin@example.com
[2025-11-13T20:00:25.875Z] INFO: Questions loaded successfully
[2025-11-13T20:00:25.885Z] INFO: Authentication successful for user: admin@example.com
[2025-11-13T20:00:25.886Z] INFO: Questions loaded successfully
[2025-11-13T20:00:25.896Z] INFO: Authentication successful for user: admin@example.com
[2025-11-13T20:00:25.896Z] INFO: Questions loaded successfully
[2025-11-13T20:00:25.906Z] INFO: Authentication successful for user: admin@example.com
[2025-11-13T20:00:25.907Z] INFO: Questions loaded successfully
[2025-11-13T20:00:25.917Z] INFO: Authentication successful for user: admin@example.com
[2025-11-13T20:00:25.918Z] INFO: Questions loaded successfully
[2025-11-13T20:00:25.927Z] INFO: Authentication successful for user: admin@example.com
[2025-11-13T20:00:25.928Z] INFO: Questions loaded successfully
[2025-11-13T20:00:25.937Z] INFO: Authentication successful for user: admin@example.com
[2025-11-13T20:00:25.938Z] INFO: Questions loaded successfully
[2025-11-13T20:00:25.949Z] INFO: Authentication successful for user: admin@example.com
[2025-11-13T20:00:25.950Z] INFO: Questions loaded successfully
[2025-11-13T20:00:25.957Z] INFO: Authentication successful for user: admin@example.com
[2025-11-13T20:00:25.958Z] INFO: Questions loaded successfully
[2025-11-13T20:00:25.970Z] INFO: Authentication successful for user: admin@example.com
[2025-11-13T20:00:25.971Z] INFO: Questions loaded successfully
[2025-11-13T20:00:25.984Z] INFO: Authentication successful for user: admin@example.com
[2025-11-13T20:00:25.985Z] INFO: Questions loaded successfully
[2025-11-13T20:00:26.002Z] INFO: Authentication successful for user: admin@example.com
[2025-11-13T20:00:26.003Z] INFO: Questions loaded successfully
[2025-11-13T20:00:26.012Z] INFO: Authentication successful for user: admin@example.com
[2025-11-13T20:00:26.013Z] INFO: Questions loaded successfully
[2025-11-13T20:00:26.023Z] INFO: Authentication successful for user: admin@example.com
[2025-11-13T20:00:26.024Z] INFO: Questions loaded successfully
[2025-11-13T20:00:26.030Z] INFO: Authentication successful for user: admin@example.com
[2025-11-13T20:00:26.031Z] INFO: Questions loaded successfully
[2025-11-13T20:00:26.040Z] INFO: Authentication successful for user: admin@example.com
[2025-11-13T20:00:26.041Z] INFO: Questions loaded successfully
[2025-11-13T20:00:26.048Z] INFO: Authentication successful for user: admin@example.com
[2025-11-13T20:00:26.049Z] INFO: Questions loaded successfully
[2025-11-13T20:00:26.058Z] INFO: Authentication successful for user: admin@example.com
[2025-11-13T20:00:26.059Z] INFO: Questions loaded successfully
[2025-11-13T20:00:26.066Z] INFO: Authentication successful for user: admin@example.com
[2025-11-13T20:00:26.067Z] INFO: Questions loaded successfully
[2025-11-13T20:00:26.075Z] INFO: Authentication successful for user: admin@example.com
[2025-11-13T20:00:26.076Z] INFO: Questions loaded successfully
[2025-11-13T20:00:26.087Z] INFO: Authentication successful for user: admin@example.com
[2025-11-13T20:00:26.088Z] INFO: Questions loaded successfully
[2025-11-13T20:00:26.095Z] INFO: Authentication successful for user: admin@example.com
[2025-11-13T20:00:26.096Z] INFO: Questions loaded successfully
[2025-11-13T20:00:26.108Z] INFO: Authentication successful for user: admin@example.com
[2025-11-13T20:00:26.109Z] INFO: Questions loaded successfully
[2025-11-13T20:00:26.116Z] INFO: Authentication successful for user: admin@example.com
[2025-11-13T20:00:26.117Z] INFO: Questions loaded successfully
[2025-11-13T20:00:26.127Z] INFO: Authentication successful for user: admin@example.com
[2025-11-13T20:00:26.128Z] INFO: Questions loaded successfully
[2025-11-13T20:00:26.139Z] INFO: Authentication successful for user: admin@example.com
[2025-11-13T20:00:26.140Z] INFO: Questions loaded successfully
[2025-11-13T20:00:26.146Z] INFO: Authentication successful for user: admin@example.com
[2025-11-13T20:00:26.147Z] INFO: Questions loaded successfully
[2025-11-13T20:00:26.158Z] INFO: Authentication successful for user: admin@example.com
[2025-11-13T20:00:26.158Z] INFO: Questions loaded successfully
[2025-11-13T20:00:26.167Z] INFO: Authentication successful for user: admin@example.com
[2025-11-13T20:00:26.167Z] INFO: Questions loaded successfully
[2025-11-13T20:00:26.177Z] INFO: Authentication successful for user: admin@example.com
[2025-11-13T20:00:26.178Z] INFO: Questions loaded successfully
[2025-11-13T20:00:26.186Z] INFO: Authentication successful for user: admin@example.com
[2025-11-13T20:00:26.187Z] INFO: Questions loaded successfully
[2025-11-13T20:00:26.196Z] INFO: Authentication successful for user: admin@example.com
[2025-11-13T20:00:26.197Z] INFO: Questions loaded successfully
[2025-11-13T20:00:26.208Z] INFO: Authentication successful for user: admin@example.com
[2025-11-13T20:00:26.209Z] INFO: Questions loaded successfully
[2025-11-13T20:00:26.219Z] INFO: Authentication successful for user: admin@example.com
[2025-11-13T20:00:26.220Z] INFO: Questions loaded successfully
[2025-11-13T20:00:26.227Z] INFO: Authentication successful for user: admin@example.com
[2025-11-13T20:00:26.228Z] INFO: Questions loaded successfully
[2025-11-13T20:00:26.249Z] INFO: Authentication successful for user: admin@example.com
[2025-11-13T20:00:26.250Z] INFO: Questions loaded successfully
[2025-11-13T20:00:26.260Z] INFO: Authentication successful for user: admin@example.com
[2025-11-13T20:00:26.261Z] INFO: Questions loaded successfully
[2025-11-13T20:00:26.277Z] INFO: Authentication successful for user: admin@example.com
[2025-11-13T20:00:26.278Z] INFO: Questions loaded successfully
[2025-11-13T20:00:26.291Z] INFO: Authentication successful for user: admin@example.com
[2025-11-13T20:00:26.292Z] INFO: Questions loaded successfully
[2025-11-13T20:00:26.306Z] INFO: Authentication successful for user: admin@example.com
[2025-11-13T20:00:26.306Z] INFO: Questions loaded successfully
[2025-11-13T20:00:26.316Z] INFO: Authentication successful for user: admin@example.com
[2025-11-13T20:00:26.317Z] INFO: Questions loaded successfully
[2025-11-13T20:00:26.330Z] INFO: Authentication successful for user: admin@example.com
[2025-11-13T20:00:26.331Z] INFO: Questions loaded successfully
[2025-11-13T20:00:26.342Z] INFO: Authentication successful for user: admin@example.com
[2025-11-13T20:00:26.343Z] INFO: Questions loaded successfully
[2025-11-13T20:00:26.359Z] INFO: Authentication successful for user: admin@example.com
[2025-11-13T20:00:26.360Z] INFO: Questions loaded successfully
[2025-11-13T20:00:26.371Z] INFO: Authentication successful for user: admin@example.com
[2025-11-13T20:00:26.371Z] INFO: Questions loaded successfully
[2025-11-13T20:00:26.380Z] INFO: Authentication successful for user: admin@example.com
[2025-11-13T20:00:26.381Z] INFO: Questions loaded successfully
[2025-11-13T20:00:26.392Z] INFO: Authentication successful for user: admin@example.com
[2025-11-13T20:00:26.393Z] INFO: Questions loaded successfully
[2025-11-13T20:00:26.410Z] INFO: Authentication successful for user: admin@example.com
[2025-11-13T20:00:26.411Z] INFO: Questions loaded successfully
[2025-11-13T20:00:26.416Z] INFO: Authentication successful for user: admin@example.com
[2025-11-13T20:00:26.416Z] INFO: Questions loaded successfully
[2025-11-13T20:00:26.425Z] INFO: Authentication successful for user: admin@example.com
[2025-11-13T20:00:26.426Z] INFO: Questions loaded successfully
[2025-11-13T20:00:26.435Z] INFO: Authentication successful for user: admin@example.com
[2025-11-13T20:00:26.436Z] INFO: Questions loaded successfully
[2025-11-13T20:00:26.450Z] INFO: Authentication successful for user: admin@example.com
[2025-11-13T20:00:26.451Z] INFO: Questions loaded successfully
[2025-11-13T20:00:26.456Z] INFO: Authentication successful for user: admin@example.com
[2025-11-13T20:00:26.457Z] INFO: Questions loaded successfully
[2025-11-13T20:00:26.469Z] INFO: Authentication successful for user: admin@example.com
[2025-11-13T20:00:26.470Z] INFO: Questions loaded successfully
[2025-11-13T20:00:26.476Z] INFO: Authentication successful for user: admin@example.com
[2025-11-13T20:00:26.477Z] INFO: Questions loaded successfully
[2025-11-13T20:00:26.487Z] INFO: Authentication successful for user: admin@example.com
[2025-11-13T20:00:26.488Z] INFO: Questions loaded successfully
[2025-11-13T20:00:26.500Z] INFO: Authentication successful for user: admin@example.com
[2025-11-13T20:00:26.501Z] INFO: Questions loaded successfully
[2025-11-13T20:00:26.514Z] INFO: Authentication successful for user: admin@example.com
[2025-11-13T20:00:26.515Z] INFO: Questions loaded successfully
[2025-11-13T20:00:26.523Z] INFO: Authentication successful for user: admin@example.com
[2025-11-13T20:00:26.524Z] INFO: Questions loaded successfully
[2025-11-13T20:00:26.535Z] INFO: Authentication successful for user: admin@example.com
[2025-11-13T20:00:26.535Z] INFO: Questions loaded successfully
[2025-11-13T20:00:26.545Z] INFO: Authentication successful for user: admin@example.com
[2025-11-13T20:00:26.546Z] INFO: Questions loaded successfully
[2025-11-13T20:00:26.558Z] INFO: Authentication successful for user: admin@example.com
[2025-11-13T20:00:26.559Z] INFO: Questions loaded successfully
[2025-11-13T20:00:26.566Z] INFO: Authentication successful for user: admin@example.com
[2025-11-13T20:00:26.567Z] INFO: Questions loaded successfully
[2025-11-13T20:00:26.578Z] INFO: Authentication successful for user: admin@example.com
[2025-11-13T20:00:26.579Z] INFO: Questions loaded successfully
[2025-11-13T20:00:26.589Z] INFO: Authentication successful for user: admin@example.com
[2025-11-13T20:00:26.590Z] INFO: Questions loaded successfully
[2025-11-13T20:00:26.601Z] INFO: Authentication successful for user: admin@example.com
[2025-11-13T20:00:26.602Z] INFO: Questions loaded successfully
[2025-11-13T20:00:26.613Z] INFO: Authentication successful for user: admin@example.com
[2025-11-13T20:00:26.614Z] INFO: Questions loaded successfully
[2025-11-13T20:00:26.619Z] INFO: Authentication successful for user: admin@example.com
[2025-11-13T20:00:26.620Z] INFO: Questions loaded successfully
[2025-11-13T20:00:26.636Z] INFO: Authentication successful for user: admin@example.com
[2025-11-13T20:00:26.637Z] INFO: Questions loaded successfully
[2025-11-13T20:00:26.646Z] INFO: Authentication successful for user: admin@example.com
[2025-11-13T20:00:26.647Z] INFO: Questions loaded successfully
[2025-11-13T20:00:26.655Z] INFO: Authentication successful for user: admin@example.com
[2025-11-13T20:00:26.656Z] INFO: Questions loaded successfully
[2025-11-13T20:00:26.665Z] INFO: Authentication successful for user: admin@example.com
[2025-11-13T20:00:26.666Z] INFO: Questions loaded successfully
[2025-11-13T20:00:26.676Z] INFO: Authentication successful for user: admin@example.com
[2025-11-13T20:00:26.676Z] INFO: Questions loaded successfully
[2025-11-13T20:00:26.686Z] INFO: Authentication successful for user: admin@example.com
[2025-11-13T20:00:26.687Z] INFO: Questions loaded successfully
[2025-11-13T20:00:26.696Z] INFO: Authentication successful for user: admin@example.com
[2025-11-13T20:00:26.696Z] INFO: Questions loaded successfully
[2025-11-13T20:00:26.707Z] INFO: Authentication successful for user: admin@example.com
[2025-11-13T20:00:26.707Z] INFO: Questions loaded successfully
[2025-11-13T20:00:26.718Z] INFO: Authentication successful for user: admin@example.com
[2025-11-13T20:00:26.719Z] INFO: Questions loaded successfully
[2025-11-13T20:00:26.728Z] INFO: Authentication successful for user: admin@example.com
[2025-11-13T20:00:26.729Z] INFO: Questions loaded successfully
[2025-11-13T20:00:26.738Z] INFO: Authentication successful for user: admin@example.com
[2025-11-13T20:00:26.739Z] INFO: Questions loaded successfully
[2025-11-13T20:00:26.747Z] INFO: Authentication successful for user: admin@example.com
[2025-11-13T20:00:26.748Z] INFO: Questions loaded successfully
[2025-11-13T20:00:26.756Z] INFO: Authentication successful for user: admin@example.com
[2025-11-13T20:00:26.757Z] INFO: Questions loaded successfully
[2025-11-13T20:00:26.767Z] INFO: Authentication successful for user: admin@example.com
[2025-11-13T20:00:26.767Z] INFO: Questions loaded successfully
[2025-11-13T20:00:26.779Z] INFO: Authentication successful for user: admin@example.com
[2025-11-13T20:00:26.779Z] INFO: Questions loaded successfully
[2025-11-13T20:00:26.790Z] INFO: Authentication successful for user: admin@example.com
[2025-11-13T20:00:26.791Z] INFO: Questions loaded successfully
[2025-11-13T20:00:26.800Z] INFO: Authentication successful for user: admin@example.com
[2025-11-13T20:00:26.801Z] INFO: Questions loaded successfully
[2025-11-13T20:00:26.811Z] INFO: Authentication successful for user: admin@example.com
[2025-11-13T20:00:26.812Z] INFO: Questions loaded successfully
[2025-11-13T20:00:26.827Z] INFO: Authentication successful for user: admin@example.com
[2025-11-13T20:00:26.828Z] INFO: Questions loaded successfully
[2025-11-13T20:00:26.835Z] INFO: Authentication successful for user: admin@example.com
[2025-11-13T20:00:26.835Z] INFO: Questions loaded successfully
[2025-11-13T20:00:26.843Z] INFO: Authentication successful for user: admin@example.com
[2025-11-13T20:00:26.844Z] INFO: Questions loaded successfully
[2025-11-13T20:00:26.855Z] INFO: Authentication successful for user: admin@example.com
[2025-11-13T20:00:26.856Z] INFO: Questions loaded successfully
[2025-11-13T20:00:26.863Z] INFO: Authentication successful for user: admin@example.com
[2025-11-13T20:00:26.864Z] INFO: Questions loaded successfully
[2025-11-13T20:00:26.875Z] INFO: Authentication successful for user: admin@example.com
[2025-11-13T20:00:26.875Z] INFO: Questions loaded successfully
[2025-11-13T20:00:26.886Z] INFO: Authentication successful for user: admin@example.com
[2025-11-13T20:00:26.887Z] INFO: Questions loaded successfully
[2025-11-13T20:00:26.896Z] INFO: Authentication successful for user: admin@example.com
[2025-11-13T20:00:26.897Z] INFO: Questions loaded successfully
[2025-11-13T20:00:26.907Z] INFO: Authentication successful for user: admin@example.com
[2025-11-13T20:00:26.908Z] INFO: Questions loaded successfully
[2025-11-13T20:00:26.919Z] INFO: Authentication successful for user: admin@example.com
[2025-11-13T20:00:26.920Z] INFO: Questions loaded successfully
[2025-11-13T20:00:26.929Z] INFO: Authentication successful for user: admin@example.com
[2025-11-13T20:00:26.930Z] INFO: Questions loaded successfully
[2025-11-13T20:00:26.940Z] INFO: Authentication successful for user: admin@example.com
[2025-11-13T20:00:26.941Z] INFO: Questions loaded successfully
[2025-11-13T20:00:26.952Z] INFO: Authentication successful for user: admin@example.com
[2025-11-13T20:00:26.952Z] INFO: Questions loaded successfully
[2025-11-13T20:00:26.960Z] INFO: Authentication successful for user: admin@example.com
[2025-11-13T20:00:26.960Z] INFO: Questions loaded successfully
[2025-11-13T20:00:26.971Z] INFO: Authentication successful for user: admin@example.com
[2025-11-13T20:00:26.972Z] INFO: Questions loaded successfully
[2025-11-13T20:00:26.982Z] INFO: Authentication successful for user: admin@example.com
[2025-11-13T20:00:26.983Z] INFO: Questions loaded successfully
[2025-11-13T20:00:26.991Z] INFO: Authentication successful for user: admin@example.com
[2025-11-13T20:00:26.992Z] INFO: Questions loaded successfully
[2025-11-13T20:00:27.003Z] INFO: Authentication successful for user: admin@example.com
[2025-11-13T20:00:27.004Z] INFO: Questions loaded successfully
[2025-11-13T20:00:27.016Z] INFO: Authentication successful for user: admin@example.com
[2025-11-13T20:00:27.017Z] INFO: Questions loaded successfully
[2025-11-13T20:00:27.027Z] INFO: Authentication successful for user: admin@example.com
[2025-11-13T20:00:27.028Z] INFO: Questions loaded successfully
[2025-11-13T20:00:27.039Z] INFO: Authentication successful for user: admin@example.com
[2025-11-13T20:00:27.040Z] INFO: Questions loaded successfully
[2025-11-13T20:00:27.049Z] INFO: Authentication successful for user: admin@example.com
[2025-11-13T20:00:27.050Z] INFO: Questions loaded successfully
[2025-11-13T20:00:27.058Z] INFO: Authentication successful for user: admin@example.com
[2025-11-13T20:00:27.058Z] INFO: Questions loaded successfully
[2025-11-13T20:00:27.068Z] INFO: Authentication successful for user: admin@example.com
[2025-11-13T20:00:27.068Z] INFO: Questions loaded successfully
[2025-11-13T20:00:27.078Z] INFO: Authentication successful for user: admin@example.com
[2025-11-13T20:00:27.079Z] INFO: Questions loaded successfully
[2025-11-13T20:00:27.088Z] INFO: Authentication successful for user: admin@example.com
[2025-11-13T20:00:27.089Z] INFO: Questions loaded successfully
[2025-11-13T20:00:27.097Z] INFO: Authentication successful for user: admin@example.com
[2025-11-13T20:00:27.098Z] INFO: Questions loaded successfully
[2025-11-13T20:00:27.109Z] INFO: Authentication successful for user: admin@example.com
[2025-11-13T20:00:27.110Z] INFO: Questions loaded successfully
[2025-11-13T20:00:27.119Z] INFO: Authentication successful for user: admin@example.com
[2025-11-13T20:00:27.120Z] INFO: Questions loaded successfully
[2025-11-13T20:00:27.129Z] INFO: Authentication successful for user: admin@example.com
[2025-11-13T20:00:27.130Z] INFO: Questions loaded successfully
[2025-11-13T20:00:27.142Z] INFO: Authentication successful for user: admin@example.com
[2025-11-13T20:00:27.143Z] INFO: Questions loaded successfully
[2025-11-13T20:00:27.156Z] INFO: Authentication successful for user: admin@example.com
[2025-11-13T20:00:27.156Z] INFO: Questions loaded successfully
[2025-11-13T20:00:27.163Z] INFO: Authentication successful for user: admin@example.com
[2025-11-13T20:00:27.168Z] INFO: Questions loaded successfully
[2025-11-13T20:00:27.177Z] INFO: Authentication successful for user: admin@example.com
[2025-11-13T20:00:27.178Z] INFO: Questions loaded successfully
[2025-11-13T20:00:27.190Z] INFO: Authentication successful for user: admin@example.com
[2025-11-13T20:00:27.191Z] INFO: Questions loaded successfully
[2025-11-13T20:00:27.200Z] INFO: Authentication successful for user: admin@example.com
[2025-11-13T20:00:27.201Z] INFO: Questions loaded successfully
[2025-11-13T20:00:27.209Z] INFO: Authentication successful for user: admin@example.com
[2025-11-13T20:00:27.210Z] INFO: Questions loaded successfully
[2025-11-13T20:00:27.220Z] INFO: Authentication successful for user: admin@example.com
[2025-11-13T20:00:27.221Z] INFO: Questions loaded successfully
[2025-11-13T20:00:27.227Z] INFO: Authentication successful for user: admin@example.com
[2025-11-13T20:00:27.228Z] INFO: Questions loaded successfully
[2025-11-13T20:00:27.238Z] INFO: Authentication successful for user: admin@example.com
[2025-11-13T20:00:27.239Z] INFO: Questions loaded successfully
[2025-11-13T20:00:27.253Z] INFO: Authentication successful for user: admin@example.com
[2025-11-13T20:00:27.254Z] INFO: Questions loaded successfully
[2025-11-13T20:00:27.262Z] INFO: Authentication successful for user: admin@example.com
[2025-11-13T20:00:27.263Z] INFO: Questions loaded successfully
[2025-11-13T20:00:27.273Z] INFO: Authentication successful for user: admin@example.com
[2025-11-13T20:00:27.274Z] INFO: Questions loaded successfully
[2025-11-13T20:00:27.285Z] INFO: Authentication successful for user: admin@example.com
[2025-11-13T20:00:27.286Z] INFO: Questions loaded successfully
[2025-11-13T20:00:27.294Z] INFO: Authentication successful for user: admin@example.com
[2025-11-13T20:00:27.295Z] INFO: Questions loaded successfully
[2025-11-13T20:00:27.305Z] INFO: Authentication successful for user: admin@example.com
[2025-11-13T20:00:27.306Z] INFO: Questions loaded successfully
[2025-11-13T20:00:27.316Z] INFO: Authentication successful for user: admin@example.com
[2025-11-13T20:00:27.317Z] INFO: Questions loaded successfully
[2025-11-13T20:00:27.326Z] INFO: Authentication successful for user: admin@example.com
[2025-11-13T20:00:27.327Z] INFO: Questions loaded successfully
[2025-11-13T20:00:27.334Z] INFO: Authentication successful for user: admin@example.com
[2025-11-13T20:00:27.335Z] INFO: Questions loaded successfully
[2025-11-13T20:00:27.348Z] INFO: Authentication successful for user: admin@example.com
[2025-11-13T20:00:27.349Z] INFO: Questions loaded successfully
[2025-11-13T20:00:27.359Z] INFO: Authentication successful for user: admin@example.com
[2025-11-13T20:00:27.360Z] INFO: Questions loaded successfully
[2025-11-13T20:00:27.370Z] INFO: Authentication successful for user: admin@example.com
[2025-11-13T20:00:27.371Z] INFO: Questions loaded successfully
[2025-11-13T20:00:27.382Z] INFO: Authentication successful for user: admin@example.com
[2025-11-13T20:00:27.382Z] INFO: Questions loaded successfully
[2025-11-13T20:00:27.393Z] INFO: Authentication successful for user: admin@example.com
[2025-11-13T20:00:27.394Z] INFO: Questions loaded successfully
[2025-11-13T20:00:27.407Z] INFO: Authentication successful for user: admin@example.com
[2025-11-13T20:00:27.408Z] INFO: Questions loaded successfully
[2025-11-13T20:00:27.416Z] INFO: Authentication successful for user: admin@example.com
[2025-11-13T20:00:27.416Z] INFO: Questions loaded successfully
[2025-11-13T20:00:27.426Z] INFO: Authentication successful for user: admin@example.com
[2025-11-13T20:00:27.426Z] INFO: Questions loaded successfully
[2025-11-13T20:00:27.436Z] INFO: Authentication successful for user: admin@example.com
[2025-11-13T20:00:27.436Z] INFO: Questions loaded successfully
[2025-11-13T20:00:27.456Z] INFO: Authentication successful for user: admin@example.com
[2025-11-13T20:00:27.457Z] INFO: Questions loaded successfully
[2025-11-13T20:00:27.462Z] INFO: Authentication successful for user: admin@example.com
[2025-11-13T20:00:27.463Z] INFO: Questions loaded successfully
[2025-11-13T20:00:27.476Z] INFO: Authentication successful for user: admin@example.com
[2025-11-13T20:00:27.477Z] INFO: Questions loaded successfully
[2025-11-13T20:00:27.487Z] INFO: Authentication successful for user: admin@example.com
[2025-11-13T20:00:27.488Z] INFO: Questions loaded successfully
[2025-11-13T20:00:27.500Z] INFO: Authentication successful for user: admin@example.com
[2025-11-13T20:00:27.500Z] INFO: Questions loaded successfully
[2025-11-13T20:00:27.509Z] INFO: Authentication successful for user: admin@example.com
[2025-11-13T20:00:27.510Z] INFO: Questions loaded successfully
[2025-11-13T20:00:27.519Z] INFO: Authentication successful for user: admin@example.com
[2025-11-13T20:00:27.520Z] INFO: Questions loaded successfully
[2025-11-13T20:00:27.533Z] INFO: Authentication successful for user: admin@example.com
[2025-11-13T20:00:27.534Z] INFO: Questions loaded successfully
[2025-11-13T20:00:27.540Z] INFO: Authentication successful for user: admin@example.com
[2025-11-13T20:00:27.541Z] INFO: Questions loaded successfully
[2025-11-13T20:00:27.550Z] INFO: Authentication successful for user: admin@example.com
[2025-11-13T20:00:27.551Z] INFO: Questions loaded successfully
[2025-11-13T20:00:27.564Z] INFO: Authentication successful for user: admin@example.com
[2025-11-13T20:00:27.565Z] INFO: Questions loaded successfully
[2025-11-13T20:00:27.578Z] INFO: Authentication successful for user: admin@example.com
[2025-11-13T20:00:27.578Z] INFO: Questions loaded successfully
[2025-11-13T20:00:27.589Z] INFO: Authentication successful for user: admin@example.com
[2025-11-13T20:00:27.590Z] INFO: Questions loaded successfully
[2025-11-13T20:00:27.599Z] INFO: Authentication successful for user: admin@example.com
[2025-11-13T20:00:27.599Z] INFO: Questions loaded successfully
[2025-11-13T20:00:27.611Z] INFO: Authentication successful for user: admin@example.com
[2025-11-13T20:00:27.612Z] INFO: Questions loaded successfully
[2025-11-13T20:00:27.619Z] INFO: Authentication successful for user: admin@example.com
[2025-11-13T20:00:27.622Z] INFO: Questions loaded successfully
[2025-11-13T20:00:27.631Z] INFO: Authentication successful for user: admin@example.com
[2025-11-13T20:00:27.631Z] INFO: Questions loaded successfully
[2025-11-13T20:00:27.641Z] INFO: Authentication successful for user: admin@example.com
[2025-11-13T20:00:27.642Z] INFO: Questions loaded successfully
[2025-11-13T20:00:27.650Z] INFO: Authentication successful for user: admin@example.com
[2025-11-13T20:00:27.651Z] INFO: Questions loaded successfully
[2025-11-13T20:00:27.657Z] INFO: Authentication successful for user: admin@example.com
[2025-11-13T20:00:27.658Z] INFO: Questions loaded successfully
[2025-11-13T20:00:27.667Z] INFO: Authentication successful for user: admin@example.com
[2025-11-13T20:00:27.668Z] INFO: Questions loaded successfully
[2025-11-13T20:00:27.679Z] INFO: Authentication successful for user: admin@example.com
[2025-11-13T20:00:27.680Z] INFO: Questions loaded successfully
[2025-11-13T20:00:27.689Z] INFO: Authentication successful for user: admin@example.com
[2025-11-13T20:00:27.690Z] INFO: Questions loaded successfully
[2025-11-13T20:00:27.699Z] INFO: Authentication successful for user: admin@example.com
[2025-11-13T20:00:27.700Z] INFO: Questions loaded successfully
[2025-11-13T20:00:27.708Z] INFO: Authentication successful for user: admin@example.com
[2025-11-13T20:00:27.709Z] INFO: Questions loaded successfully
[2025-11-13T20:00:27.719Z] INFO: Authentication successful for user: admin@example.com
[2025-11-13T20:00:27.720Z] INFO: Questions loaded successfully
[2025-11-13T20:00:27.734Z] INFO: Authentication successful for user: admin@example.com
[2025-11-13T20:00:27.734Z] INFO: Questions loaded successfully
[2025-11-13T20:00:27.738Z] INFO: Authentication successful for user: admin@example.com
[2025-11-13T20:00:27.739Z] INFO: Questions loaded successfully
[2025-11-13T20:00:27.748Z] INFO: Authentication successful for user: admin@example.com
[2025-11-13T20:00:27.749Z] INFO: Questions loaded successfully
[2025-11-13T20:00:27.757Z] INFO: Authentication successful for user: admin@example.com
[2025-11-13T20:00:27.758Z] INFO: Questions loaded successfully
[2025-11-13T20:00:27.768Z] INFO: Authentication successful for user: admin@example.com
[2025-11-13T20:00:27.769Z] INFO: Questions loaded successfully
[2025-11-13T20:00:27.777Z] INFO: Authentication successful for user: admin@example.com
[2025-11-13T20:00:27.778Z] INFO: Questions loaded successfully
[2025-11-13T20:00:27.789Z] INFO: Authentication successful for user: admin@example.com
[2025-11-13T20:00:27.790Z] INFO: Questions loaded successfully
[2025-11-13T20:00:27.799Z] INFO: Authentication successful for user: admin@example.com
[2025-11-13T20:00:27.800Z] INFO: Questions loaded successfully
[2025-11-13T20:00:27.810Z] INFO: Authentication successful for user: admin@example.com
[2025-11-13T20:00:27.811Z] INFO: Questions loaded successfully
[2025-11-13T20:00:27.817Z] INFO: Authentication successful for user: admin@example.com
[2025-11-13T20:00:27.817Z] INFO: Questions loaded successfully
[2025-11-13T20:00:27.823Z] INFO: Authentication successful for user: admin@example.com
[2025-11-13T20:00:27.824Z] INFO: Questions loaded successfully
[2025-11-13T20:00:27.834Z] INFO: Authentication successful for user: admin@example.com
[2025-11-13T20:00:27.834Z] INFO: Questions loaded successfully
[2025-11-13T20:00:27.846Z] INFO: Authentication successful for user: admin@example.com
[2025-11-13T20:00:27.847Z] INFO: Questions loaded successfully
[2025-11-13T20:00:27.854Z] INFO: Authentication successful for user: admin@example.com
[2025-11-13T20:00:27.855Z] INFO: Questions loaded successfully
[2025-11-13T20:00:27.864Z] INFO: Authentication successful for user: admin@example.com
[2025-11-13T20:00:27.865Z] INFO: Questions loaded successfully
[2025-11-13T20:00:27.873Z] INFO: Authentication successful for user: admin@example.com
[2025-11-13T20:00:27.874Z] INFO: Questions loaded successfully
[2025-11-13T20:00:27.885Z] INFO: Authentication successful for user: admin@example.com
[2025-11-13T20:00:27.886Z] INFO: Questions loaded successfully
[2025-11-13T20:00:27.896Z] INFO: Authentication successful for user: admin@example.com
[2025-11-13T20:00:27.896Z] INFO: Questions loaded successfully
[2025-11-13T20:00:27.907Z] INFO: Authentication successful for user: admin@example.com
[2025-11-13T20:00:27.907Z] INFO: Questions loaded successfully
[2025-11-13T20:00:27.914Z] INFO: Authentication successful for user: admin@example.com
[2025-11-13T20:00:27.915Z] INFO: Questions loaded successfully
[2025-11-13T20:00:27.922Z] INFO: Authentication successful for user: admin@example.com
[2025-11-13T20:00:27.922Z] INFO: Questions loaded successfully
[2025-11-13T20:00:27.931Z] INFO: Authentication successful for user: admin@example.com
[2025-11-13T20:00:27.932Z] INFO: Questions loaded successfully
[2025-11-13T20:00:27.942Z] INFO: Authentication successful for user: admin@example.com
[2025-11-13T20:00:27.943Z] INFO: Questions loaded successfully
[2025-11-13T20:00:27.952Z] INFO: Authentication successful for user: admin@example.com
[2025-11-13T20:00:27.952Z] INFO: Questions loaded successfully
[2025-11-13T20:00:27.967Z] INFO: Authentication successful for user: admin@example.com
[2025-11-13T20:00:27.968Z] INFO: Questions loaded successfully
[2025-11-13T20:00:27.981Z] INFO: Authentication successful for user: admin@example.com
[2025-11-13T20:00:27.982Z] INFO: Questions loaded successfully
[2025-11-13T20:00:27.991Z] INFO: Authentication successful for user: admin@example.com
[2025-11-13T20:00:27.992Z] INFO: Questions loaded successfully
[2025-11-13T20:00:27.999Z] INFO: Authentication successful for user: admin@example.com
[2025-11-13T20:00:28.000Z] INFO: Questions loaded successfully
[2025-11-13T20:00:28.010Z] INFO: Authentication successful for user: admin@example.com
[2025-11-13T20:00:28.011Z] INFO: Questions loaded successfully
[2025-11-13T20:00:28.022Z] INFO: Authentication successful for user: admin@example.com
[2025-11-13T20:00:28.022Z] INFO: Questions loaded successfully
[2025-11-13T20:00:28.031Z] INFO: Authentication successful for user: admin@example.com
[2025-11-13T20:00:28.032Z] INFO: Questions loaded successfully
[2025-11-13T20:00:28.040Z] INFO: Authentication successful for user: admin@example.com
[2025-11-13T20:00:28.041Z] INFO: Questions loaded successfully
[2025-11-13T20:00:28.051Z] INFO: Authentication successful for user: admin@example.com
[2025-11-13T20:00:28.052Z] INFO: Questions loaded successfully
[2025-11-13T20:00:28.063Z] INFO: Authentication successful for user: admin@example.com
[2025-11-13T20:00:28.064Z] INFO: Questions loaded successfully
[2025-11-13T20:00:28.073Z] INFO: Authentication successful for user: admin@example.com
[2025-11-13T20:00:28.074Z] INFO: Questions loaded successfully
[2025-11-13T20:00:28.082Z] INFO: Authentication successful for user: admin@example.com
[2025-11-13T20:00:28.083Z] INFO: Questions loaded successfully
[2025-11-13T20:00:28.093Z] INFO: Authentication successful for user: admin@example.com
[2025-11-13T20:00:28.094Z] INFO: Questions loaded successfully
[2025-11-13T20:00:28.106Z] INFO: Authentication successful for user: admin@example.com
[2025-11-13T20:00:28.106Z] INFO: Questions loaded successfully
[2025-11-13T20:00:28.115Z] INFO: Authentication successful for user: admin@example.com
[2025-11-13T20:00:28.116Z] INFO: Questions loaded successfully
[2025-11-13T20:00:28.126Z] INFO: Authentication successful for user: admin@example.com
[2025-11-13T20:00:28.127Z] INFO: Questions loaded successfully
[2025-11-13T20:00:28.137Z] INFO: Authentication successful for user: admin@example.com
[2025-11-13T20:00:28.138Z] INFO: Questions loaded successfully
[2025-11-13T20:00:28.148Z] INFO: Authentication successful for user: admin@example.com
[2025-11-13T20:00:28.149Z] INFO: Questions loaded successfully
[2025-11-13T20:00:28.158Z] INFO: Authentication successful for user: admin@example.com
[2025-11-13T20:00:28.158Z] INFO: Questions loaded successfully
[2025-11-13T20:00:28.169Z] INFO: Authentication successful for user: admin@example.com
[2025-11-13T20:00:28.170Z] INFO: Questions loaded successfully
[2025-11-13T20:00:28.177Z] INFO: Authentication successful for user: admin@example.com
[2025-11-13T20:00:28.178Z] INFO: Questions loaded successfully
[2025-11-13T20:00:28.189Z] INFO: Authentication successful for user: admin@example.com
[2025-11-13T20:00:28.190Z] INFO: Questions loaded successfully
[2025-11-13T20:00:28.199Z] INFO: Authentication successful for user: admin@example.com
[2025-11-13T20:00:28.200Z] INFO: Questions loaded successfully
[2025-11-13T20:00:28.207Z] INFO: Authentication successful for user: admin@example.com
[2025-11-13T20:00:28.208Z] INFO: Questions loaded successfully
[2025-11-13T20:00:28.219Z] INFO: Authentication successful for user: admin@example.com
[2025-11-13T20:00:28.220Z] INFO: Questions loaded successfully
[2025-11-13T20:00:28.227Z] INFO: Authentication successful for user: admin@example.com
[2025-11-13T20:00:28.227Z] INFO: Questions loaded successfully
[2025-11-13T20:00:28.238Z] INFO: Authentication successful for user: admin@example.com
[2025-11-13T20:00:28.239Z] INFO: Questions loaded successfully
[2025-11-13T20:00:28.250Z] INFO: Authentication successful for user: admin@example.com
[2025-11-13T20:00:28.251Z] INFO: Questions loaded successfully
[2025-11-13T20:00:28.263Z] INFO: Authentication successful for user: admin@example.com
[2025-11-13T20:00:28.264Z] INFO: Questions loaded successfully
[2025-11-13T20:00:28.272Z] INFO: Authentication successful for user: admin@example.com
[2025-11-13T20:00:28.273Z] INFO: Questions loaded successfully
[2025-11-13T20:00:28.283Z] INFO: Authentication successful for user: admin@example.com
[2025-11-13T20:00:28.284Z] INFO: Questions loaded successfully
[2025-11-13T20:00:28.295Z] INFO: Authentication successful for user: admin@example.com
[2025-11-13T20:00:28.295Z] INFO: Questions loaded successfully
[2025-11-13T20:00:28.303Z] INFO: Authentication successful for user: admin@example.com
[2025-11-13T20:00:28.304Z] INFO: Questions loaded successfully
[2025-11-13T20:00:28.310Z] INFO: Authentication successful for user: admin@example.com
[2025-11-13T20:00:28.311Z] INFO: Questions loaded successfully
[2025-11-13T20:00:28.322Z] INFO: Authentication successful for user: admin@example.com
[2025-11-13T20:00:28.323Z] INFO: Questions loaded successfully
[2025-11-13T20:00:28.333Z] INFO: Authentication successful for user: admin@example.com
[2025-11-13T20:00:28.336Z] INFO: Questions loaded successfully
[2025-11-13T20:00:28.343Z] INFO: Authentication successful for user: admin@example.com
[2025-11-13T20:00:28.344Z] INFO: Questions loaded successfully
[2025-11-13T20:00:28.350Z] INFO: Authentication successful for user: admin@example.com
[2025-11-13T20:00:28.351Z] INFO: Questions loaded successfully
[2025-11-13T20:00:28.358Z] INFO: Authentication successful for user: admin@example.com
[2025-11-13T20:00:28.359Z] INFO: Questions loaded successfully
[2025-11-13T20:00:28.371Z] INFO: Authentication successful for user: admin@example.com
[2025-11-13T20:00:28.372Z] INFO: Questions loaded successfully
[2025-11-13T20:00:28.387Z] INFO: Authentication successful for user: admin@example.com
[2025-11-13T20:00:28.387Z] INFO: Questions loaded successfully
[2025-11-13T20:00:28.393Z] INFO: Authentication successful for user: admin@example.com
[2025-11-13T20:00:28.394Z] INFO: Questions loaded successfully
[2025-11-13T20:00:28.406Z] INFO: Authentication successful for user: admin@example.com
[2025-11-13T20:00:28.406Z] INFO: Questions loaded successfully
[2025-11-13T20:00:28.417Z] INFO: Authentication successful for user: admin@example.com
[2025-11-13T20:00:28.418Z] INFO: Questions loaded successfully
[2025-11-13T20:00:28.426Z] INFO: Authentication successful for user: admin@example.com
[2025-11-13T20:00:28.427Z] INFO: Questions loaded successfully
[2025-11-13T20:00:28.436Z] INFO: Authentication successful for user: admin@example.com
[2025-11-13T20:00:28.437Z] INFO: Questions loaded successfully
[2025-11-13T20:00:28.451Z] INFO: Authentication successful for user: admin@example.com
[2025-11-13T20:00:28.452Z] INFO: Questions loaded successfully
[2025-11-13T20:00:28.458Z] INFO: Authentication successful for user: admin@example.com
[2025-11-13T20:00:28.458Z] INFO: Questions loaded successfully
[2025-11-13T20:00:28.470Z] INFO: Authentication successful for user: admin@example.com
[2025-11-13T20:00:28.471Z] INFO: Questions loaded successfully
[2025-11-13T20:00:28.481Z] INFO: Authentication successful for user: admin@example.com
[2025-11-13T20:00:28.482Z] INFO: Questions loaded successfully
[2025-11-13T20:00:28.488Z] INFO: Authentication successful for user: admin@example.com
[2025-11-13T20:00:28.489Z] INFO: Questions loaded successfully
[2025-11-13T20:00:28.501Z] INFO: Authentication successful for user: admin@example.com
[2025-11-13T20:00:28.502Z] INFO: Questions loaded successfully
[2025-11-13T20:00:28.509Z] INFO: Authentication successful for user: admin@example.com
[2025-11-13T20:00:28.510Z] INFO: Questions loaded successfully
[2025-11-13T20:00:28.520Z] INFO: Authentication successful for user: admin@example.com
[2025-11-13T20:00:28.520Z] INFO: Questions loaded successfully
[2025-11-13T20:00:28.532Z] INFO: Authentication successful for user: admin@example.com
[2025-11-13T20:00:28.533Z] INFO: Questions loaded successfully
[2025-11-13T20:00:28.545Z] INFO: Authentication successful for user: admin@example.com
[2025-11-13T20:00:28.546Z] INFO: Questions loaded successfully
[2025-11-13T20:00:28.552Z] INFO: Authentication successful for user: admin@example.com
[2025-11-13T20:00:28.553Z] INFO: Questions loaded successfully
[2025-11-13T20:00:28.559Z] INFO: Authentication successful for user: admin@example.com
[2025-11-13T20:00:28.560Z] INFO: Questions loaded successfully
[2025-11-13T20:00:28.574Z] INFO: Authentication successful for user: admin@example.com
[2025-11-13T20:00:28.575Z] INFO: Questions loaded successfully
[2025-11-13T20:00:28.581Z] INFO: Authentication successful for user: admin@example.com
[2025-11-13T20:00:28.582Z] INFO: Questions loaded successfully
[2025-11-13T20:00:28.595Z] INFO: Authentication successful for user: admin@example.com
[2025-11-13T20:00:28.596Z] INFO: Questions loaded successfully
[2025-11-13T20:00:28.612Z] INFO: Authentication successful for user: admin@example.com
[2025-11-13T20:00:28.613Z] INFO: Questions loaded successfully
[2025-11-13T20:00:28.635Z] INFO: Authentication successful for user: admin@example.com
[2025-11-13T20:00:28.636Z] INFO: Questions loaded successfully
[2025-11-13T20:00:28.654Z] INFO: Authentication successful for user: admin@example.com
[2025-11-13T20:00:28.655Z] INFO: Questions loaded successfully
[2025-11-13T20:00:28.668Z] INFO: Authentication successful for user: admin@example.com
[2025-11-13T20:00:28.669Z] INFO: Questions loaded successfully
[2025-11-13T20:00:28.681Z] INFO: Authentication successful for user: admin@example.com
[2025-11-13T20:00:28.682Z] INFO: Questions loaded successfully
[2025-11-13T20:00:28.695Z] INFO: Authentication successful for user: admin@example.com
[2025-11-13T20:00:28.696Z] INFO: Questions loaded successfully
[2025-11-13T20:00:28.704Z] INFO: Authentication successful for user: admin@example.com
[2025-11-13T20:00:28.705Z] INFO: Questions loaded successfully
[2025-11-13T20:00:28.718Z] INFO: Authentication successful for user: admin@example.com
[2025-11-13T20:00:28.718Z] INFO: Questions loaded successfully
[2025-11-13T20:00:28.724Z] INFO: Authentication successful for user: admin@example.com
[2025-11-13T20:00:28.725Z] INFO: Questions loaded successfully
[2025-11-13T20:00:28.746Z] INFO: Authentication successful for user: admin@example.com
[2025-11-13T20:00:28.746Z] INFO: Questions loaded successfully
[2025-11-13T20:00:28.749Z] INFO: Authentication successful for user: admin@example.com
[2025-11-13T20:00:28.750Z] INFO: Questions loaded successfully
[2025-11-13T20:00:28.758Z] INFO: Authentication successful for user: admin@example.com
[2025-11-13T20:00:28.759Z] INFO: Questions loaded successfully
[2025-11-13T20:00:28.771Z] INFO: Authentication successful for user: admin@example.com
[2025-11-13T20:00:28.771Z] INFO: Questions loaded successfully
[2025-11-13T20:00:28.782Z] INFO: Authentication successful for user: admin@example.com
[2025-11-13T20:00:28.782Z] INFO: Questions loaded successfully
[2025-11-13T20:00:28.795Z] INFO: Authentication successful for user: admin@example.com
[2025-11-13T20:00:28.797Z] INFO: Questions loaded successfully
[2025-11-13T20:00:28.802Z] INFO: Authentication successful for user: admin@example.com
[2025-11-13T20:00:28.803Z] INFO: Questions loaded successfully
[2025-11-13T20:00:28.816Z] INFO: Authentication successful for user: admin@example.com
[2025-11-13T20:00:28.817Z] INFO: Questions loaded successfully
[2025-11-13T20:00:28.826Z] INFO: Authentication successful for user: admin@example.com
[2025-11-13T20:00:28.827Z] INFO: Questions loaded successfully
[2025-11-13T20:00:28.836Z] INFO: Authentication successful for user: admin@example.com
[2025-11-13T20:00:28.837Z] INFO: Questions loaded successfully
[2025-11-13T20:00:28.853Z] INFO: Authentication successful for user: admin@example.com
[2025-11-13T20:00:28.854Z] INFO: Questions loaded successfully
[2025-11-13T20:00:28.860Z] INFO: Authentication successful for user: admin@example.com
[2025-11-13T20:00:28.861Z] INFO: Questions loaded successfully
[2025-11-13T20:00:28.872Z] INFO: Authentication successful for user: admin@example.com
[2025-11-13T20:00:28.873Z] INFO: Questions loaded successfully
[2025-11-13T20:00:28.883Z] INFO: Authentication successful for user: admin@example.com
[2025-11-13T20:00:28.884Z] INFO: Questions loaded successfully
[2025-11-13T20:00:28.893Z] INFO: Authentication successful for user: admin@example.com
[2025-11-13T20:00:28.894Z] INFO: Questions loaded successfully
[2025-11-13T20:00:28.902Z] INFO: Authentication successful for user: admin@example.com
[2025-11-13T20:00:28.903Z] INFO: Questions loaded successfully
[2025-11-13T20:00:28.913Z] INFO: Authentication successful for user: admin@example.com
[2025-11-13T20:00:28.914Z] INFO: Questions loaded successfully
[2025-11-13T20:00:28.922Z] INFO: Authentication successful for user: admin@example.com
[2025-11-13T20:00:28.922Z] INFO: Questions loaded successfully
[2025-11-13T20:00:28.934Z] INFO: Authentication successful for user: admin@example.com
[2025-11-13T20:00:28.934Z] INFO: Questions loaded successfully
[2025-11-13T20:00:28.946Z] INFO: Authentication successful for user: admin@example.com
[2025-11-13T20:00:28.947Z] INFO: Questions loaded successfully
[2025-11-13T20:00:28.953Z] INFO: Authentication successful for user: admin@example.com
[2025-11-13T20:00:28.953Z] INFO: Questions loaded successfully
[2025-11-13T20:00:28.962Z] INFO: Authentication successful for user: admin@example.com
[2025-11-13T20:00:28.963Z] INFO: Questions loaded successfully
[2025-11-13T20:00:28.974Z] INFO: Authentication successful for user: admin@example.com
[2025-11-13T20:00:28.975Z] INFO: Questions loaded successfully
[2025-11-13T20:00:28.981Z] INFO: Authentication successful for user: admin@example.com
[2025-11-13T20:00:28.982Z] INFO: Questions loaded successfully
[2025-11-13T20:00:29.000Z] INFO: Authentication successful for user: admin@example.com
[2025-11-13T20:00:29.001Z] INFO: Questions loaded successfully
[2025-11-13T20:00:29.007Z] INFO: Authentication successful for user: admin@example.com
[2025-11-13T20:00:29.008Z] INFO: Questions loaded successfully
[2025-11-13T20:00:29.022Z] INFO: Authentication successful for user: admin@example.com
[2025-11-13T20:00:29.023Z] INFO: Questions loaded successfully
[2025-11-13T20:00:29.030Z] INFO: Authentication successful for user: admin@example.com
[2025-11-13T20:00:29.031Z] INFO: Questions loaded successfully
[2025-11-13T20:00:29.038Z] INFO: Authentication successful for user: admin@example.com
[2025-11-13T20:00:29.038Z] INFO: Questions loaded successfully
[2025-11-13T20:00:29.048Z] INFO: Authentication successful for user: admin@example.com
[2025-11-13T20:00:29.048Z] INFO: Questions loaded successfully
[2025-11-13T20:00:29.058Z] INFO: Authentication successful for user: admin@example.com
[2025-11-13T20:00:29.059Z] INFO: Questions loaded successfully
[2025-11-13T20:00:29.070Z] INFO: Authentication successful for user: admin@example.com
[2025-11-13T20:00:29.071Z] INFO: Questions loaded successfully
[2025-11-13T20:00:29.079Z] INFO: Authentication successful for user: admin@example.com
[2025-11-13T20:00:29.079Z] INFO: Questions loaded successfully
[2025-11-13T20:00:29.086Z] INFO: Authentication successful for user: admin@example.com
[2025-11-13T20:00:29.086Z] INFO: Questions loaded successfully
[2025-11-13T20:00:29.093Z] INFO: Authentication successful for user: admin@example.com
[2025-11-13T20:00:29.093Z] INFO: Questions loaded successfully
[2025-11-13T20:00:29.104Z] INFO: Authentication successful for user: admin@example.com
[2025-11-13T20:00:29.108Z] INFO: Questions loaded successfully
[2025-11-13T20:00:29.117Z] INFO: Authentication successful for user: admin@example.com
[2025-11-13T20:00:29.118Z] INFO: Questions loaded successfully
[2025-11-13T20:00:29.129Z] INFO: Authentication successful for user: admin@example.com
[2025-11-13T20:00:29.130Z] INFO: Questions loaded successfully
[2025-11-13T20:00:29.138Z] INFO: Authentication successful for user: admin@example.com
[2025-11-13T20:00:29.139Z] INFO: Questions loaded successfully
[2025-11-13T20:00:29.150Z] INFO: Authentication successful for user: admin@example.com
[2025-11-13T20:00:29.151Z] INFO: Questions loaded successfully
[2025-11-13T20:00:29.161Z] INFO: Authentication successful for user: admin@example.com
[2025-11-13T20:00:29.162Z] INFO: Questions loaded successfully
[2025-11-13T20:00:29.165Z] INFO: Authentication successful for user: admin@example.com
[2025-11-13T20:00:29.166Z] INFO: Questions loaded successfully
[2025-11-13T20:00:29.174Z] INFO: Authentication successful for user: admin@example.com
[2025-11-13T20:00:29.175Z] INFO: Questions loaded successfully
[2025-11-13T20:00:29.185Z] INFO: Authentication successful for user: admin@example.com
[2025-11-13T20:00:29.186Z] INFO: Questions loaded successfully
[2025-11-13T20:00:29.198Z] INFO: Authentication successful for user: admin@example.com
[2025-11-13T20:00:29.199Z] INFO: Questions loaded successfully
[2025-11-13T20:00:29.206Z] INFO: Authentication successful for user: admin@example.com
[2025-11-13T20:00:29.207Z] INFO: Questions loaded successfully
[2025-11-13T20:00:29.217Z] INFO: Authentication successful for user: admin@example.com
[2025-11-13T20:00:29.217Z] INFO: Questions loaded successfully
[2025-11-13T20:00:29.227Z] INFO: Authentication successful for user: admin@example.com
[2025-11-13T20:00:29.228Z] INFO: Questions loaded successfully
[2025-11-13T20:00:29.237Z] INFO: Authentication successful for user: admin@example.com
[2025-11-13T20:00:29.238Z] INFO: Questions loaded successfully
[2025-11-13T20:00:29.251Z] INFO: Authentication successful for user: admin@example.com
[2025-11-13T20:00:29.252Z] INFO: Questions loaded successfully
[2025-11-13T20:00:29.258Z] INFO: Authentication successful for user: admin@example.com
[2025-11-13T20:00:29.259Z] INFO: Questions loaded successfully
[2025-11-13T20:00:29.270Z] INFO: Authentication successful for user: admin@example.com
[2025-11-13T20:00:29.270Z] INFO: Questions loaded successfully
[2025-11-13T20:00:29.279Z] INFO: Authentication successful for user: admin@example.com
[2025-11-13T20:00:29.280Z] INFO: Questions loaded successfully
[2025-11-13T20:00:29.291Z] INFO: Authentication successful for user: admin@example.com
[2025-11-13T20:00:29.292Z] INFO: Questions loaded successfully
[2025-11-13T20:00:29.301Z] INFO: Authentication successful for user: admin@example.com
[2025-11-13T20:00:29.302Z] INFO: Questions loaded successfully
[2025-11-13T20:00:29.312Z] INFO: Authentication successful for user: admin@example.com
[2025-11-13T20:00:29.312Z] INFO: Questions loaded successfully
[2025-11-13T20:00:29.318Z] INFO: Authentication successful for user: admin@example.com
[2025-11-13T20:00:29.318Z] INFO: Questions loaded successfully
[2025-11-13T20:00:29.325Z] INFO: Authentication successful for user: admin@example.com
[2025-11-13T20:00:29.326Z] INFO: Questions loaded successfully
[2025-11-13T20:00:29.338Z] INFO: Authentication successful for user: admin@example.com
[2025-11-13T20:00:29.338Z] INFO: Questions loaded successfully
[2025-11-13T20:00:29.351Z] INFO: Authentication successful for user: admin@example.com
[2025-11-13T20:00:29.351Z] INFO: Questions loaded successfully
[2025-11-13T20:00:29.362Z] INFO: Authentication successful for user: admin@example.com
[2025-11-13T20:00:29.363Z] INFO: Questions loaded successfully
[2025-11-13T20:00:29.373Z] INFO: Authentication successful for user: admin@example.com
[2025-11-13T20:00:29.374Z] INFO: Questions loaded successfully
[2025-11-13T20:00:29.383Z] INFO: Authentication successful for user: admin@example.com
[2025-11-13T20:00:29.384Z] INFO: Questions loaded successfully
[2025-11-13T20:00:29.394Z] INFO: Authentication successful for user: admin@example.com
[2025-11-13T20:00:29.394Z] INFO: Questions loaded successfully
[2025-11-13T20:00:29.408Z] INFO: Authentication successful for user: admin@example.com
[2025-11-13T20:00:29.409Z] INFO: Questions loaded successfully
[2025-11-13T20:00:29.415Z] INFO: Authentication successful for user: admin@example.com
[2025-11-13T20:00:29.416Z] INFO: Questions loaded successfully
[2025-11-13T20:00:29.423Z] INFO: Authentication successful for user: admin@example.com
[2025-11-13T20:00:29.424Z] INFO: Questions loaded successfully
[2025-11-13T20:00:29.435Z] INFO: Authentication successful for user: admin@example.com
[2025-11-13T20:00:29.436Z] INFO: Questions loaded successfully
[2025-11-13T20:00:29.445Z] INFO: Authentication successful for user: admin@example.com
[2025-11-13T20:00:29.445Z] INFO: Questions loaded successfully
[2025-11-13T20:00:29.460Z] INFO: Authentication successful for user: admin@example.com
[2025-11-13T20:00:29.461Z] INFO: Questions loaded successfully
[2025-11-13T20:00:29.469Z] INFO: Authentication successful for user: admin@example.com
[2025-11-13T20:00:29.469Z] INFO: Questions loaded successfully
[2025-11-13T20:00:29.480Z] INFO: Authentication successful for user: admin@example.com
[2025-11-13T20:00:29.481Z] INFO: Questions loaded successfully
[2025-11-13T20:00:29.493Z] INFO: Authentication successful for user: admin@example.com
[2025-11-13T20:00:29.493Z] INFO: Questions loaded successfully
[2025-11-13T20:00:29.505Z] INFO: Authentication successful for user: admin@example.com
[2025-11-13T20:00:29.505Z] INFO: Questions loaded successfully
[2025-11-13T20:00:29.518Z] INFO: Authentication successful for user: admin@example.com
[2025-11-13T20:00:29.519Z] INFO: Questions loaded successfully
[2025-11-13T20:00:29.524Z] INFO: Authentication successful for user: admin@example.com
[2025-11-13T20:00:29.525Z] INFO: Questions loaded successfully
[2025-11-13T20:00:29.532Z] INFO: Authentication successful for user: admin@example.com
[2025-11-13T20:00:29.533Z] INFO: Questions loaded successfully
[2025-11-13T20:00:29.539Z] INFO: Authentication successful for user: admin@example.com
[2025-11-13T20:00:29.540Z] INFO: Questions loaded successfully
[2025-11-13T20:00:29.550Z] INFO: Authentication successful for user: admin@example.com
[2025-11-13T20:00:29.551Z] INFO: Questions loaded successfully
[2025-11-13T20:00:29.563Z] INFO: Authentication successful for user: admin@example.com
[2025-11-13T20:00:29.564Z] INFO: Questions loaded successfully
[2025-11-13T20:00:29.574Z] INFO: Authentication successful for user: admin@example.com
[2025-11-13T20:00:29.576Z] INFO: Questions loaded successfully
[2025-11-13T20:00:29.585Z] INFO: Authentication successful for user: admin@example.com
[2025-11-13T20:00:29.586Z] INFO: Questions loaded successfully
[2025-11-13T20:00:29.596Z] INFO: Authentication successful for user: admin@example.com
[2025-11-13T20:00:29.597Z] INFO: Questions loaded successfully
[2025-11-13T20:00:29.604Z] INFO: Authentication successful for user: admin@example.com
[2025-11-13T20:00:29.605Z] INFO: Questions loaded successfully
[2025-11-13T20:00:29.615Z] INFO: Authentication successful for user: admin@example.com
[2025-11-13T20:00:29.616Z] INFO: Questions loaded successfully
[2025-11-13T20:00:29.625Z] INFO: Authentication successful for user: admin@example.com
[2025-11-13T20:00:29.626Z] INFO: Questions loaded successfully
[2025-11-13T20:00:29.636Z] INFO: Authentication successful for user: admin@example.com
[2025-11-13T20:00:29.636Z] INFO: Questions loaded successfully
[2025-11-13T20:00:29.645Z] INFO: Authentication successful for user: admin@example.com
[2025-11-13T20:00:29.645Z] INFO: Questions loaded successfully
[2025-11-13T20:00:29.656Z] INFO: Authentication successful for user: admin@example.com
[2025-11-13T20:00:29.657Z] INFO: Questions loaded successfully
[2025-11-13T20:00:29.668Z] INFO: Authentication successful for user: admin@example.com
[2025-11-13T20:00:29.668Z] INFO: Questions loaded successfully
[2025-11-13T20:00:29.674Z] INFO: Authentication successful for user: admin@example.com
[2025-11-13T20:00:29.675Z] INFO: Questions loaded successfully
[2025-11-13T20:00:29.685Z] INFO: Authentication successful for user: admin@example.com
[2025-11-13T20:00:29.685Z] INFO: Questions loaded successfully
[2025-11-13T20:00:29.696Z] INFO: Authentication successful for user: admin@example.com
[2025-11-13T20:00:29.697Z] INFO: Questions loaded successfully
[2025-11-13T20:00:29.707Z] INFO: Authentication successful for user: admin@example.com
[2025-11-13T20:00:29.708Z] INFO: Questions loaded successfully
[2025-11-13T20:00:29.717Z] INFO: Authentication successful for user: admin@example.com
[2025-11-13T20:00:29.717Z] INFO: Questions loaded successfully
[2025-11-13T20:00:29.724Z] INFO: Authentication successful for user: admin@example.com
[2025-11-13T20:00:29.725Z] INFO: Questions loaded successfully
[2025-11-13T20:00:29.735Z] INFO: Authentication successful for user: admin@example.com
[2025-11-13T20:00:29.736Z] INFO: Questions loaded successfully
[2025-11-13T20:00:29.749Z] INFO: Authentication successful for user: admin@example.com
[2025-11-13T20:00:29.749Z] INFO: Questions loaded successfully
[2025-11-13T20:00:29.760Z] INFO: Authentication successful for user: admin@example.com
[2025-11-13T20:00:29.761Z] INFO: Questions loaded successfully
[2025-11-13T20:00:29.768Z] INFO: Authentication successful for user: admin@example.com
[2025-11-13T20:00:29.769Z] INFO: Questions loaded successfully
[2025-11-13T20:00:29.779Z] INFO: Authentication successful for user: admin@example.com
[2025-11-13T20:00:29.780Z] INFO: Questions loaded successfully
[2025-11-13T20:00:29.788Z] INFO: Authentication successful for user: admin@example.com
[2025-11-13T20:00:29.791Z] INFO: Questions loaded successfully
[2025-11-13T20:00:29.800Z] INFO: Authentication successful for user: admin@example.com
[2025-11-13T20:00:29.800Z] INFO: Questions loaded successfully
[2025-11-13T20:00:29.816Z] INFO: Authentication successful for user: admin@example.com
[2025-11-13T20:00:29.816Z] INFO: Questions loaded successfully
[2025-11-13T20:00:29.821Z] INFO: Authentication successful for user: admin@example.com
[2025-11-13T20:00:29.822Z] INFO: Questions loaded successfully
[2025-11-13T20:00:29.838Z] INFO: Authentication successful for user: admin@example.com
[2025-11-13T20:00:29.838Z] INFO: Questions loaded successfully
[2025-11-13T20:00:29.846Z] INFO: Authentication successful for user: admin@example.com
[2025-11-13T20:00:29.847Z] INFO: Questions loaded successfully
[2025-11-13T20:00:29.856Z] INFO: Authentication successful for user: admin@example.com
[2025-11-13T20:00:29.857Z] INFO: Questions loaded successfully
[2025-11-13T20:00:29.869Z] INFO: Authentication successful for user: admin@example.com
[2025-11-13T20:00:29.870Z] INFO: Questions loaded successfully
[2025-11-13T20:00:29.886Z] INFO: Authentication successful for user: admin@example.com
[2025-11-13T20:00:29.886Z] INFO: Questions loaded successfully
[2025-11-13T20:00:29.891Z] INFO: Authentication successful for user: admin@example.com
[2025-11-13T20:00:29.892Z] INFO: Questions loaded successfully
[2025-11-13T20:00:29.905Z] INFO: Authentication successful for user: admin@example.com
[2025-11-13T20:00:29.906Z] INFO: Questions loaded successfully
[2025-11-13T20:00:29.913Z] INFO: Authentication successful for user: admin@example.com
[2025-11-13T20:00:29.914Z] INFO: Questions loaded successfully
[2025-11-13T20:00:29.923Z] INFO: Authentication successful for user: admin@example.com
[2025-11-13T20:00:29.924Z] INFO: Questions loaded successfully
[2025-11-13T20:00:29.933Z] INFO: Authentication successful for user: admin@example.com
[2025-11-13T20:00:29.934Z] INFO: Questions loaded successfully
[2025-11-13T20:00:29.942Z] INFO: Authentication successful for user: admin@example.com
[2025-11-13T20:00:29.942Z] INFO: Questions loaded successfully
[2025-11-13T20:00:29.952Z] INFO: Authentication successful for user: admin@example.com
[2025-11-13T20:00:29.953Z] INFO: Questions loaded successfully
[2025-11-13T20:00:29.964Z] INFO: Authentication successful for user: admin@example.com
[2025-11-13T20:00:29.965Z] INFO: Questions loaded successfully
[2025-11-13T20:00:29.976Z] INFO: Authentication successful for user: admin@example.com
[2025-11-13T20:00:29.977Z] INFO: Questions loaded successfully
[2025-11-13T20:00:29.991Z] INFO: Authentication successful for user: admin@example.com
[2025-11-13T20:00:29.992Z] INFO: Questions loaded successfully
[2025-11-13T20:00:30.005Z] INFO: Authentication successful for user: admin@example.com
[2025-11-13T20:00:30.006Z] INFO: Questions loaded successfully
[2025-11-13T20:00:30.017Z] INFO: Authentication successful for user: admin@example.com
[2025-11-13T20:00:30.017Z] INFO: Questions loaded successfully
[2025-11-13T20:00:30.023Z] INFO: Authentication successful for user: admin@example.com
[2025-11-13T20:00:30.024Z] INFO: Questions loaded successfully
[2025-11-13T20:00:30.036Z] INFO: Authentication successful for user: admin@example.com
[2025-11-13T20:00:30.036Z] INFO: Questions loaded successfully
[2025-11-13T20:00:30.045Z] INFO: Authentication successful for user: admin@example.com
[2025-11-13T20:00:30.046Z] INFO: Questions loaded successfully
[2025-11-13T20:00:30.056Z] INFO: Authentication successful for user: admin@example.com
[2025-11-13T20:00:30.056Z] INFO: Questions loaded successfully
[2025-11-13T20:00:30.067Z] INFO: Authentication successful for user: admin@example.com
[2025-11-13T20:00:30.068Z] INFO: Questions loaded successfully
[2025-11-13T20:00:30.079Z] INFO: Authentication successful for user: admin@example.com
[2025-11-13T20:00:30.080Z] INFO: Questions loaded successfully
[2025-11-13T20:00:30.093Z] INFO: Authentication successful for user: admin@example.com
[2025-11-13T20:00:30.094Z] INFO: Questions loaded successfully
[2025-11-13T20:00:30.099Z] INFO: Authentication successful for user: admin@example.com
[2025-11-13T20:00:30.100Z] INFO: Questions loaded successfully
[2025-11-13T20:00:30.106Z] INFO: Authentication successful for user: admin@example.com
[2025-11-13T20:00:30.107Z] INFO: Questions loaded successfully
[2025-11-13T20:00:30.118Z] INFO: Authentication successful for user: admin@example.com
[2025-11-13T20:00:30.119Z] INFO: Questions loaded successfully
[2025-11-13T20:00:30.128Z] INFO: Authentication successful for user: admin@example.com
[2025-11-13T20:00:30.129Z] INFO: Questions loaded successfully
[2025-11-13T20:00:30.135Z] INFO: Authentication successful for user: admin@example.com
[2025-11-13T20:00:30.136Z] INFO: Questions loaded successfully
[2025-11-13T20:00:30.149Z] INFO: Authentication successful for user: admin@example.com
[2025-11-13T20:00:30.150Z] INFO: Questions loaded successfully
[2025-11-13T20:00:30.159Z] INFO: Authentication successful for user: admin@example.com
[2025-11-13T20:00:30.160Z] INFO: Questions loaded successfully
[2025-11-13T20:00:30.175Z] INFO: Authentication successful for user: admin@example.com
[2025-11-13T20:00:30.177Z] INFO: Questions loaded successfully
[2025-11-13T20:00:30.181Z] INFO: Authentication successful for user: admin@example.com
[2025-11-13T20:00:30.182Z] INFO: Questions loaded successfully
[2025-11-13T20:00:30.193Z] INFO: Authentication successful for user: admin@example.com
[2025-11-13T20:00:30.193Z] INFO: Questions loaded successfully
[2025-11-13T20:00:30.203Z] INFO: Authentication successful for user: admin@example.com
[2025-11-13T20:00:30.204Z] INFO: Questions loaded successfully
[2025-11-13T20:00:30.215Z] INFO: Authentication successful for user: admin@example.com
[2025-11-13T20:00:30.215Z] INFO: Questions loaded successfully
[2025-11-13T20:00:30.224Z] INFO: Authentication successful for user: admin@example.com
[2025-11-13T20:00:30.225Z] INFO: Questions loaded successfully
[2025-11-13T20:00:30.234Z] INFO: Authentication successful for user: admin@example.com
[2025-11-13T20:00:30.235Z] INFO: Questions loaded successfully
[2025-11-13T20:00:30.244Z] INFO: Authentication successful for user: admin@example.com
[2025-11-13T20:00:30.245Z] INFO: Questions loaded successfully
[2025-11-13T20:00:30.251Z] INFO: Authentication successful for user: admin@example.com
[2025-11-13T20:00:30.251Z] INFO: Questions loaded successfully
[2025-11-13T20:00:30.263Z] INFO: Authentication successful for user: admin@example.com
[2025-11-13T20:00:30.263Z] INFO: Questions loaded successfully
[2025-11-13T20:00:30.270Z] INFO: Authentication successful for user: admin@example.com
[2025-11-13T20:00:30.270Z] INFO: Questions loaded successfully
[2025-11-13T20:00:30.281Z] INFO: Authentication successful for user: admin@example.com
[2025-11-13T20:00:30.282Z] INFO: Questions loaded successfully
[2025-11-13T20:00:30.294Z] INFO: Authentication successful for user: admin@example.com
[2025-11-13T20:00:30.295Z] INFO: Questions loaded successfully
[2025-11-13T20:00:30.301Z] INFO: Authentication successful for user: admin@example.com
[2025-11-13T20:00:30.302Z] INFO: Questions loaded successfully
[2025-11-13T20:00:30.313Z] INFO: Authentication successful for user: admin@example.com
[2025-11-13T20:00:30.314Z] INFO: Questions loaded successfully
[2025-11-13T20:00:30.324Z] INFO: Authentication successful for user: admin@example.com
[2025-11-13T20:00:30.324Z] INFO: Questions loaded successfully
[2025-11-13T20:00:30.333Z] INFO: Authentication successful for user: admin@example.com
[2025-11-13T20:00:30.334Z] INFO: Questions loaded successfully
[2025-11-13T20:00:30.348Z] INFO: Authentication successful for user: admin@example.com
[2025-11-13T20:00:30.349Z] INFO: Questions loaded successfully
[2025-11-13T20:00:30.356Z] INFO: Authentication successful for user: admin@example.com
[2025-11-13T20:00:30.356Z] INFO: Questions loaded successfully
[2025-11-13T20:00:30.367Z] INFO: Authentication successful for user: admin@example.com
[2025-11-13T20:00:30.368Z] INFO: Questions loaded successfully
[2025-11-13T20:00:30.378Z] INFO: Authentication successful for user: admin@example.com
[2025-11-13T20:00:30.379Z] INFO: Questions loaded successfully
[2025-11-13T20:00:30.389Z] INFO: Authentication successful for user: admin@example.com
[2025-11-13T20:00:30.390Z] INFO: Questions loaded successfully
[2025-11-13T20:00:30.399Z] INFO: Authentication successful for user: admin@example.com
[2025-11-13T20:00:30.399Z] INFO: Questions loaded successfully
[2025-11-13T20:00:30.409Z] INFO: Authentication successful for user: admin@example.com
[2025-11-13T20:00:30.410Z] INFO: Questions loaded successfully
[2025-11-13T20:00:30.419Z] INFO: Authentication successful for user: admin@example.com
[2025-11-13T20:00:30.420Z] INFO: Questions loaded successfully
[2025-11-13T20:00:30.429Z] INFO: Authentication successful for user: admin@example.com
[2025-11-13T20:00:30.430Z] INFO: Questions loaded successfully
[2025-11-13T20:00:30.440Z] INFO: Authentication successful for user: admin@example.com
[2025-11-13T20:00:30.440Z] INFO: Questions loaded successfully
[2025-11-13T20:00:30.450Z] INFO: Authentication successful for user: admin@example.com
[2025-11-13T20:00:30.451Z] INFO: Questions loaded successfully
[2025-11-13T20:00:30.460Z] INFO: Authentication successful for user: admin@example.com
[2025-11-13T20:00:30.461Z] INFO: Questions loaded successfully
[2025-11-13T20:00:30.473Z] INFO: Authentication successful for user: admin@example.com
[2025-11-13T20:00:30.474Z] INFO: Questions loaded successfully
[2025-11-13T20:00:30.481Z] INFO: Authentication successful for user: admin@example.com
[2025-11-13T20:00:30.482Z] INFO: Questions loaded successfully
[2025-11-13T20:00:30.494Z] INFO: Authentication successful for user: admin@example.com
[2025-11-13T20:00:30.494Z] INFO: Questions loaded successfully
[2025-11-13T20:00:30.501Z] INFO: Authentication successful for user: admin@example.com
[2025-11-13T20:00:30.502Z] INFO: Questions loaded successfully
[2025-11-13T20:00:30.509Z] INFO: Authentication successful for user: admin@example.com
[2025-11-13T20:00:30.509Z] INFO: Questions loaded successfully
[2025-11-13T20:00:30.520Z] INFO: Authentication successful for user: admin@example.com
[2025-11-13T20:00:30.520Z] INFO: Questions loaded successfully
[2025-11-13T20:00:30.532Z] INFO: Authentication successful for user: admin@example.com
[2025-11-13T20:00:30.533Z] INFO: Questions loaded successfully
[2025-11-13T20:00:30.541Z] INFO: Authentication successful for user: admin@example.com
[2025-11-13T20:00:30.542Z] INFO: Questions loaded successfully
[2025-11-13T20:00:30.552Z] INFO: Authentication successful for user: admin@example.com
[2025-11-13T20:00:30.553Z] INFO: Questions loaded successfully
[2025-11-13T20:00:30.561Z] INFO: Authentication successful for user: admin@example.com
[2025-11-13T20:00:30.562Z] INFO: Questions loaded successfully
[2025-11-13T20:00:30.569Z] INFO: Authentication successful for user: admin@example.com
[2025-11-13T20:00:30.569Z] INFO: Questions loaded successfully
[2025-11-13T20:00:30.578Z] INFO: Authentication successful for user: admin@example.com
[2025-11-13T20:00:30.579Z] INFO: Questions loaded successfully
[2025-11-13T20:00:30.588Z] INFO: Authentication successful for user: admin@example.com
[2025-11-13T20:00:30.589Z] INFO: Questions loaded successfully
[2025-11-13T20:00:30.599Z] INFO: Authentication successful for user: admin@example.com
[2025-11-13T20:00:30.599Z] INFO: Questions loaded successfully
[2025-11-13T20:00:30.610Z] INFO: Authentication successful for user: admin@example.com
[2025-11-13T20:00:30.610Z] INFO: Questions loaded successfully
[2025-11-13T20:00:30.617Z] INFO: Authentication successful for user: admin@example.com
[2025-11-13T20:00:30.618Z] INFO: Questions loaded successfully
[2025-11-13T20:00:30.626Z] INFO: Authentication successful for user: admin@example.com
[2025-11-13T20:00:30.627Z] INFO: Questions loaded successfully
[2025-11-13T20:00:30.637Z] INFO: Authentication successful for user: admin@example.com
[2025-11-13T20:00:30.637Z] INFO: Questions loaded successfully
[2025-11-13T20:00:30.648Z] INFO: Authentication successful for user: admin@example.com
[2025-11-13T20:00:30.648Z] INFO: Questions loaded successfully
[2025-11-13T20:00:30.656Z] INFO: Authentication successful for user: admin@example.com
[2025-11-13T20:00:30.658Z] INFO: Questions loaded successfully
[2025-11-13T20:00:30.667Z] INFO: Authentication successful for user: admin@example.com
[2025-11-13T20:00:30.668Z] INFO: Questions loaded successfully
[2025-11-13T20:00:30.679Z] INFO: Authentication successful for user: admin@example.com
[2025-11-13T20:00:30.679Z] INFO: Questions loaded successfully
[2025-11-13T20:00:30.687Z] INFO: Authentication successful for user: admin@example.com
[2025-11-13T20:00:30.687Z] INFO: Questions loaded successfully
[2025-11-13T20:00:30.698Z] INFO: Authentication successful for user: admin@example.com
[2025-11-13T20:00:30.699Z] INFO: Questions loaded successfully
[2025-11-13T20:00:30.710Z] INFO: Authentication successful for user: admin@example.com
[2025-11-13T20:00:30.711Z] INFO: Questions loaded successfully
[2025-11-13T20:00:30.719Z] INFO: Authentication successful for user: admin@example.com
[2025-11-13T20:00:30.719Z] INFO: Questions loaded successfully
[2025-11-13T20:00:30.728Z] INFO: Authentication successful for user: admin@example.com
[2025-11-13T20:00:30.729Z] INFO: Questions loaded successfully
[2025-11-13T20:00:30.739Z] INFO: Authentication successful for user: admin@example.com
[2025-11-13T20:00:30.740Z] INFO: Questions loaded successfully
[2025-11-13T20:00:30.752Z] INFO: Authentication successful for user: admin@example.com
[2025-11-13T20:00:30.752Z] INFO: Questions loaded successfully
[2025-11-13T20:00:30.759Z] INFO: Authentication successful for user: admin@example.com
[2025-11-13T20:00:30.761Z] INFO: Questions loaded successfully
[2025-11-13T20:00:30.770Z] INFO: Authentication successful for user: admin@example.com
[2025-11-13T20:00:30.770Z] INFO: Questions loaded successfully
[2025-11-13T20:00:30.782Z] INFO: Authentication successful for user: admin@example.com
[2025-11-13T20:00:30.782Z] INFO: Questions loaded successfully
[2025-11-13T20:00:30.792Z] INFO: Authentication successful for user: admin@example.com
[2025-11-13T20:00:30.793Z] INFO: Questions loaded successfully
[2025-11-13T20:00:30.799Z] INFO: Authentication successful for user: admin@example.com
[2025-11-13T20:00:30.800Z] INFO: Questions loaded successfully
[2025-11-13T20:00:30.809Z] INFO: Authentication successful for user: admin@example.com
[2025-11-13T20:00:30.810Z] INFO: Questions loaded successfully
[2025-11-13T20:00:30.820Z] INFO: Authentication successful for user: admin@example.com
[2025-11-13T20:00:30.821Z] INFO: Questions loaded successfully
[2025-11-13T20:00:30.829Z] INFO: Authentication successful for user: admin@example.com
[2025-11-13T20:00:30.830Z] INFO: Questions loaded successfully
[2025-11-13T20:00:30.838Z] INFO: Authentication successful for user: admin@example.com
[2025-11-13T20:00:30.838Z] INFO: Questions loaded successfully
[2025-11-13T20:00:30.851Z] INFO: Authentication successful for user: admin@example.com
[2025-11-13T20:00:30.852Z] INFO: Questions loaded successfully
[2025-11-13T20:00:30.858Z] INFO: Authentication successful for user: admin@example.com
[2025-11-13T20:00:30.859Z] INFO: Questions loaded successfully
[2025-11-13T20:00:30.869Z] INFO: Authentication successful for user: admin@example.com
[2025-11-13T20:00:30.869Z] INFO: Questions loaded successfully
[2025-11-13T20:00:30.880Z] INFO: Authentication successful for user: admin@example.com
[2025-11-13T20:00:30.880Z] INFO: Questions loaded successfully
[2025-11-13T20:00:30.889Z] INFO: Authentication successful for user: admin@example.com
[2025-11-13T20:00:30.889Z] INFO: Questions loaded successfully
[2025-11-13T20:00:30.901Z] INFO: Authentication successful for user: admin@example.com
[2025-11-13T20:00:30.902Z] INFO: Questions loaded successfully
[2025-11-13T20:00:30.910Z] INFO: Authentication successful for user: admin@example.com
[2025-11-13T20:00:30.911Z] INFO: Questions loaded successfully
[2025-11-13T20:00:30.921Z] INFO: Authentication successful for user: admin@example.com
[2025-11-13T20:00:30.922Z] INFO: Questions loaded successfully
[2025-11-13T20:00:30.933Z] INFO: Authentication successful for user: admin@example.com
[2025-11-13T20:00:30.934Z] INFO: Questions loaded successfully
[2025-11-13T20:00:30.940Z] INFO: Authentication successful for user: admin@example.com
[2025-11-13T20:00:30.941Z] INFO: Questions loaded successfully
[2025-11-13T20:00:30.950Z] INFO: Authentication successful for user: admin@example.com
[2025-11-13T20:00:30.950Z] INFO: Questions loaded successfully
[2025-11-13T20:00:30.962Z] INFO: Authentication successful for user: admin@example.com
[2025-11-13T20:00:30.963Z] INFO: Questions loaded successfully
[2025-11-13T20:00:30.979Z] INFO: Authentication successful for user: admin@example.com
[2025-11-13T20:00:30.980Z] INFO: Questions loaded successfully
[2025-11-13T20:00:30.989Z] INFO: Authentication successful for user: admin@example.com
[2025-11-13T20:00:30.990Z] INFO: Questions loaded successfully
[2025-11-13T20:00:31.002Z] INFO: Authentication successful for user: admin@example.com
[2025-11-13T20:00:31.003Z] INFO: Questions loaded successfully
[2025-11-13T20:00:31.012Z] INFO: Authentication successful for user: admin@example.com
[2025-11-13T20:00:31.013Z] INFO: Questions loaded successfully
[2025-11-13T20:00:31.021Z] INFO: Authentication successful for user: admin@example.com
[2025-11-13T20:00:31.022Z] INFO: Questions loaded successfully
[2025-11-13T20:00:31.031Z] INFO: Authentication successful for user: admin@example.com
[2025-11-13T20:00:31.032Z] INFO: Questions loaded successfully
[2025-11-13T20:00:31.041Z] INFO: Authentication successful for user: admin@example.com
[2025-11-13T20:00:31.042Z] INFO: Questions loaded successfully
[2025-11-13T20:00:31.052Z] INFO: Authentication successful for user: admin@example.com
[2025-11-13T20:00:31.053Z] INFO: Questions loaded successfully
[2025-11-13T20:00:31.063Z] INFO: Authentication successful for user: admin@example.com
[2025-11-13T20:00:31.063Z] INFO: Questions loaded successfully
[2025-11-13T20:00:31.073Z] INFO: Authentication successful for user: admin@example.com
[2025-11-13T20:00:31.074Z] INFO: Questions loaded successfully
[2025-11-13T20:00:31.086Z] INFO: Authentication successful for user: admin@example.com
[2025-11-13T20:00:31.086Z] INFO: Questions loaded successfully
[2025-11-13T20:00:31.098Z] INFO: Authentication successful for user: admin@example.com
[2025-11-13T20:00:31.099Z] INFO: Questions loaded successfully
[2025-11-13T20:00:31.114Z] INFO: Authentication successful for user: admin@example.com
[2025-11-13T20:00:31.114Z] INFO: Questions loaded successfully
[2025-11-13T20:00:31.126Z] INFO: Authentication successful for user: admin@example.com
[2025-11-13T20:00:31.126Z] INFO: Questions loaded successfully
[2025-11-13T20:00:31.133Z] INFO: Authentication successful for user: admin@example.com
[2025-11-13T20:00:31.134Z] INFO: Questions loaded successfully
[2025-11-13T20:00:31.145Z] INFO: Authentication successful for user: admin@example.com
[2025-11-13T20:00:31.146Z] INFO: Questions loaded successfully
[2025-11-13T20:00:31.158Z] INFO: Authentication successful for user: admin@example.com
[2025-11-13T20:00:31.159Z] INFO: Questions loaded successfully
[2025-11-13T20:00:31.166Z] INFO: Authentication successful for user: admin@example.com
[2025-11-13T20:00:31.166Z] INFO: Questions loaded successfully
[2025-11-13T20:00:31.177Z] INFO: Authentication successful for user: admin@example.com
[2025-11-13T20:00:31.178Z] INFO: Questions loaded successfully
[2025-11-13T20:00:31.188Z] INFO: Authentication successful for user: admin@example.com
[2025-11-13T20:00:31.189Z] INFO: Questions loaded successfully
[2025-11-13T20:00:31.203Z] INFO: Authentication successful for user: admin@example.com
[2025-11-13T20:00:31.203Z] INFO: Questions loaded successfully
[2025-11-13T20:00:31.210Z] INFO: Authentication successful for user: admin@example.com
[2025-11-13T20:00:31.211Z] INFO: Questions loaded successfully
[2025-11-13T20:00:31.218Z] INFO: Authentication successful for user: admin@example.com
[2025-11-13T20:00:31.219Z] INFO: Questions loaded successfully
[2025-11-13T20:00:31.230Z] INFO: Authentication successful for user: admin@example.com
[2025-11-13T20:00:31.230Z] INFO: Questions loaded successfully
[2025-11-13T20:00:31.245Z] INFO: Authentication successful for user: admin@example.com
[2025-11-13T20:00:31.246Z] INFO: Questions loaded successfully
[2025-11-13T20:00:31.255Z] INFO: Authentication successful for user: admin@example.com
[2025-11-13T20:00:31.256Z] INFO: Questions loaded successfully
[2025-11-13T20:00:31.265Z] INFO: Authentication successful for user: admin@example.com
[2025-11-13T20:00:31.266Z] INFO: Questions loaded successfully
[2025-11-13T20:00:31.275Z] INFO: Authentication successful for user: admin@example.com
[2025-11-13T20:00:31.276Z] INFO: Questions loaded successfully
[2025-11-13T20:00:31.283Z] INFO: Authentication successful for user: admin@example.com
[2025-11-13T20:00:31.283Z] INFO: Questions loaded successfully
[2025-11-13T20:00:31.293Z] INFO: Authentication successful for user: admin@example.com
[2025-11-13T20:00:31.294Z] INFO: Questions loaded successfully
[2025-11-13T20:00:31.303Z] INFO: Authentication successful for user: admin@example.com
[2025-11-13T20:00:31.303Z] INFO: Questions loaded successfully
[2025-11-13T20:00:31.314Z] INFO: Authentication successful for user: admin@example.com
[2025-11-13T20:00:31.315Z] INFO: Questions loaded successfully
[2025-11-13T20:00:31.324Z] INFO: Authentication successful for user: admin@example.com
[2025-11-13T20:00:31.324Z] INFO: Questions loaded successfully
[2025-11-13T20:00:31.330Z] INFO: Authentication successful for user: admin@example.com
[2025-11-13T20:00:31.331Z] INFO: Questions loaded successfully
[2025-11-13T20:00:31.339Z] INFO: Authentication successful for user: admin@example.com
[2025-11-13T20:00:31.339Z] INFO: Questions loaded successfully
[2025-11-13T20:00:31.353Z] INFO: Authentication successful for user: admin@example.com
[2025-11-13T20:00:31.354Z] INFO: Questions loaded successfully
[2025-11-13T20:00:31.360Z] INFO: Authentication successful for user: admin@example.com
[2025-11-13T20:00:31.361Z] INFO: Questions loaded successfully
[2025-11-13T20:00:31.370Z] INFO: Authentication successful for user: admin@example.com
[2025-11-13T20:00:31.370Z] INFO: Questions loaded successfully
[2025-11-13T20:00:31.381Z] INFO: Authentication successful for user: admin@example.com
[2025-11-13T20:00:31.382Z] INFO: Questions loaded successfully
[2025-11-13T20:00:31.392Z] INFO: Authentication successful for user: admin@example.com
[2025-11-13T20:00:31.393Z] INFO: Questions loaded successfully
[2025-11-13T20:00:31.401Z] INFO: Authentication successful for user: admin@example.com
[2025-11-13T20:00:31.402Z] INFO: Questions loaded successfully
[2025-11-13T20:00:31.411Z] INFO: Authentication successful for user: admin@example.com
[2025-11-13T20:00:31.412Z] INFO: Questions loaded successfully
[2025-11-13T20:00:31.420Z] INFO: Authentication successful for user: admin@example.com
[2025-11-13T20:00:31.421Z] INFO: Questions loaded successfully
[2025-11-13T20:00:31.434Z] INFO: Authentication successful for user: admin@example.com
[2025-11-13T20:00:31.435Z] INFO: Questions loaded successfully
[2025-11-13T20:00:31.454Z] INFO: Authentication successful for user: admin@example.com
[2025-11-13T20:00:31.455Z] INFO: Questions loaded successfully
[2025-11-13T20:00:31.465Z] INFO: Authentication successful for user: admin@example.com
[2025-11-13T20:00:31.466Z] INFO: Questions loaded successfully
[2025-11-13T20:00:31.479Z] INFO: Authentication successful for user: admin@example.com
[2025-11-13T20:00:31.479Z] INFO: Questions loaded successfully
[2025-11-13T20:00:31.487Z] INFO: Authentication successful for user: admin@example.com
[2025-11-13T20:00:31.488Z] INFO: Questions loaded successfully
[2025-11-13T20:00:31.499Z] INFO: Authentication successful for user: admin@example.com
[2025-11-13T20:00:31.499Z] INFO: Questions loaded successfully
[2025-11-13T20:00:31.507Z] INFO: Authentication successful for user: admin@example.com
[2025-11-13T20:00:31.508Z] INFO: Questions loaded successfully
[2025-11-13T20:00:31.517Z] INFO: Authentication successful for user: admin@example.com
[2025-11-13T20:00:31.518Z] INFO: Questions loaded successfully
[2025-11-13T20:00:31.531Z] INFO: Authentication successful for user: admin@example.com
[2025-11-13T20:00:31.531Z] INFO: Questions loaded successfully
[2025-11-13T20:00:31.545Z] INFO: Authentication successful for user: admin@example.com
[2025-11-13T20:00:31.546Z] INFO: Questions loaded successfully
[2025-11-13T20:00:31.551Z] INFO: Authentication successful for user: admin@example.com
[2025-11-13T20:00:31.551Z] INFO: Questions loaded successfully
[2025-11-13T20:00:31.568Z] INFO: Authentication successful for user: admin@example.com
[2025-11-13T20:00:31.580Z] INFO: Questions loaded successfully
[2025-11-13T20:00:31.602Z] INFO: Authentication successful for user: admin@example.com
[2025-11-13T20:00:31.603Z] INFO: Questions loaded successfully
[2025-11-13T20:00:31.617Z] INFO: Authentication successful for user: admin@example.com
[2025-11-13T20:00:31.617Z] INFO: Questions loaded successfully
[2025-11-13T20:00:31.631Z] INFO: Authentication successful for user: admin@example.com
[2025-11-13T20:00:31.632Z] INFO: Questions loaded successfully
[2025-11-13T20:00:31.646Z] INFO: Authentication successful for user: admin@example.com
[2025-11-13T20:00:31.647Z] INFO: Questions loaded successfully
[2025-11-13T20:00:31.661Z] INFO: Authentication successful for user: admin@example.com
[2025-11-13T20:00:31.661Z] INFO: Questions loaded successfully
[2025-11-13T20:00:31.677Z] INFO: Authentication successful for user: admin@example.com
[2025-11-13T20:00:31.677Z] INFO: Questions loaded successfully
[2025-11-13T20:00:31.694Z] INFO: Authentication successful for user: admin@example.com
[2025-11-13T20:00:31.694Z] INFO: Questions loaded successfully
[2025-11-13T20:00:31.709Z] INFO: Authentication successful for user: admin@example.com
[2025-11-13T20:00:31.709Z] INFO: Questions loaded successfully
[2025-11-13T20:00:31.719Z] INFO: Authentication successful for user: admin@example.com
[2025-11-13T20:00:31.719Z] INFO: Questions loaded successfully
[2025-11-13T20:00:31.737Z] INFO: Authentication successful for user: admin@example.com
[2025-11-13T20:00:31.737Z] INFO: Questions loaded successfully
[2025-11-13T20:00:31.749Z] INFO: Authentication successful for user: admin@example.com
[2025-11-13T20:00:31.750Z] INFO: Questions loaded successfully
[2025-11-13T20:00:31.764Z] INFO: Authentication successful for user: admin@example.com
[2025-11-13T20:00:31.765Z] INFO: Questions loaded successfully
[2025-11-13T20:00:31.781Z] INFO: Authentication successful for user: admin@example.com
[2025-11-13T20:00:31.782Z] INFO: Questions loaded successfully
[2025-11-13T20:00:31.798Z] INFO: Authentication successful for user: admin@example.com
[2025-11-13T20:00:31.799Z] INFO: Questions loaded successfully
[2025-11-13T20:00:31.813Z] INFO: Authentication successful for user: admin@example.com
[2025-11-13T20:00:31.814Z] INFO: Questions loaded successfully
[2025-11-13T20:00:31.833Z] INFO: Authentication successful for user: admin@example.com
[2025-11-13T20:00:31.833Z] INFO: Questions loaded successfully
[2025-11-13T20:00:31.848Z] INFO: Authentication successful for user: admin@example.com
[2025-11-13T20:00:31.848Z] INFO: Questions loaded successfully
[2025-11-13T20:00:31.864Z] INFO: Authentication successful for user: admin@example.com
[2025-11-13T20:00:31.864Z] INFO: Questions loaded successfully
[2025-11-13T20:00:31.879Z] INFO: Authentication successful for user: admin@example.com
[2025-11-13T20:00:31.880Z] INFO: Questions loaded successfully
[2025-11-13T20:00:31.894Z] INFO: Authentication successful for user: admin@example.com
[2025-11-13T20:00:31.895Z] INFO: Questions loaded successfully
[2025-11-13T20:00:31.913Z] INFO: Authentication successful for user: admin@example.com
[2025-11-13T20:00:31.914Z] INFO: Questions loaded successfully
[2025-11-13T20:00:31.931Z] INFO: Authentication successful for user: admin@example.com
[2025-11-13T20:00:31.932Z] INFO: Questions loaded successfully
[2025-11-13T20:00:31.946Z] INFO: Authentication successful for user: admin@example.com
[2025-11-13T20:00:31.947Z] INFO: Questions loaded successfully
[2025-11-13T20:00:31.960Z] INFO: Authentication successful for user: admin@example.com
[2025-11-13T20:00:31.960Z] INFO: Questions loaded successfully
[2025-11-13T20:00:31.976Z] INFO: Authentication successful for user: admin@example.com
[2025-11-13T20:00:31.976Z] INFO: Questions loaded successfully
[2025-11-13T20:00:31.986Z] INFO: Authentication successful for user: admin@example.com
[2025-11-13T20:00:31.986Z] INFO: Questions loaded successfully
[2025-11-13T20:00:32.014Z] INFO: Authentication successful for user: admin@example.com
[2025-11-13T20:00:32.015Z] INFO: Questions loaded successfully
[2025-11-13T20:00:32.030Z] INFO: Authentication successful for user: admin@example.com
[2025-11-13T20:00:32.031Z] INFO: Questions loaded successfully
[2025-11-13T20:00:32.045Z] INFO: Authentication successful for user: admin@example.com
[2025-11-13T20:00:32.046Z] INFO: Questions loaded successfully
[2025-11-13T20:00:32.066Z] INFO: Authentication successful for user: admin@example.com
[2025-11-13T20:00:32.067Z] INFO: Questions loaded successfully
[2025-11-13T20:00:32.082Z] INFO: Authentication successful for user: admin@example.com
[2025-11-13T20:00:32.082Z] INFO: Questions loaded successfully
[2025-11-13T20:00:32.102Z] INFO: Authentication successful for user: admin@example.com
[2025-11-13T20:00:32.103Z] INFO: Questions loaded successfully
[2025-11-13T20:00:32.122Z] INFO: Authentication successful for user: admin@example.com
[2025-11-13T20:00:32.123Z] INFO: Questions loaded successfully
[2025-11-13T20:00:32.149Z] INFO: Authentication successful for user: admin@example.com
[2025-11-13T20:00:32.150Z] INFO: Questions loaded successfully
[2025-11-13T20:00:32.174Z] INFO: Authentication successful for user: admin@example.com
[2025-11-13T20:00:32.175Z] INFO: Questions loaded successfully
[2025-11-13T20:00:32.199Z] INFO: Authentication successful for user: admin@example.com
[2025-11-13T20:00:32.200Z] INFO: Questions loaded successfully
[2025-11-13T20:00:32.214Z] INFO: Authentication successful for user: admin@example.com
[2025-11-13T20:00:32.215Z] INFO: Questions loaded successfully
[2025-11-13T20:00:32.230Z] INFO: Authentication successful for user: admin@example.com
[2025-11-13T20:00:32.231Z] INFO: Questions loaded successfully
[2025-11-13T20:00:32.249Z] INFO: Authentication successful for user: admin@example.com
[2025-11-13T20:00:32.250Z] INFO: Questions loaded successfully
[2025-11-13T20:00:32.267Z] INFO: Authentication successful for user: admin@example.com
[2025-11-13T20:00:32.268Z] INFO: Questions loaded successfully
[2025-11-13T20:00:32.286Z] INFO: Authentication successful for user: admin@example.com
[2025-11-13T20:00:32.286Z] INFO: Questions loaded successfully
[2025-11-13T20:00:32.303Z] INFO: Authentication successful for user: admin@example.com
[2025-11-13T20:00:32.304Z] INFO: Questions loaded successfully
[2025-11-13T20:00:32.322Z] INFO: Authentication successful for user: admin@example.com
[2025-11-13T20:00:32.323Z] INFO: Questions loaded successfully
[2025-11-13T20:00:32.338Z] INFO: Authentication successful for user: admin@example.com
[2025-11-13T20:00:32.339Z] INFO: Questions loaded successfully
[2025-11-13T20:00:32.356Z] INFO: Authentication successful for user: admin@example.com
[2025-11-13T20:00:32.356Z] INFO: Questions loaded successfully
[2025-11-13T20:00:32.372Z] INFO: Authentication successful for user: admin@example.com
[2025-11-13T20:00:32.373Z] INFO: Questions loaded successfully
[2025-11-13T20:00:32.394Z] INFO: Authentication successful for user: admin@example.com
[2025-11-13T20:00:32.395Z] INFO: Questions loaded successfully
[2025-11-13T20:00:32.412Z] INFO: Authentication successful for user: admin@example.com
[2025-11-13T20:00:32.413Z] INFO: Questions loaded successfully
[2025-11-13T20:00:32.428Z] INFO: Authentication successful for user: admin@example.com
[2025-11-13T20:00:32.429Z] INFO: Questions loaded successfully
[2025-11-13T20:00:32.444Z] INFO: Authentication successful for user: admin@example.com
[2025-11-13T20:00:32.444Z] INFO: Questions loaded successfully
[2025-11-13T20:00:32.460Z] INFO: Authentication successful for user: admin@example.com
[2025-11-13T20:00:32.461Z] INFO: Questions loaded successfully
[2025-11-13T20:00:32.477Z] INFO: Authentication successful for user: admin@example.com
[2025-11-13T20:00:32.477Z] INFO: Questions loaded successfully
[2025-11-13T20:00:32.493Z] INFO: Authentication successful for user: admin@example.com
[2025-11-13T20:00:32.494Z] INFO: Questions loaded successfully
[2025-11-13T20:00:32.510Z] INFO: Authentication successful for user: admin@example.com
[2025-11-13T20:00:32.511Z] INFO: Questions loaded successfully
[2025-11-13T20:00:32.523Z] INFO: Authentication successful for user: admin@example.com
[2025-11-13T20:00:32.524Z] INFO: Questions loaded successfully
[2025-11-13T20:00:32.539Z] INFO: Authentication successful for user: admin@example.com
[2025-11-13T20:00:32.540Z] INFO: Questions loaded successfully
[2025-11-13T20:00:32.553Z] INFO: Authentication successful for user: admin@example.com
[2025-11-13T20:00:32.554Z] INFO: Questions loaded successfully
[2025-11-13T20:00:32.570Z] INFO: Authentication successful for user: admin@example.com
[2025-11-13T20:00:32.571Z] INFO: Questions loaded successfully
[2025-11-13T20:00:32.585Z] INFO: Authentication successful for user: admin@example.com
[2025-11-13T20:00:32.586Z] INFO: Questions loaded successfully
[2025-11-13T20:00:32.601Z] INFO: Authentication successful for user: admin@example.com
[2025-11-13T20:00:32.602Z] INFO: Questions loaded successfully
[2025-11-13T20:00:32.616Z] INFO: Authentication successful for user: admin@example.com
[2025-11-13T20:00:32.617Z] INFO: Questions loaded successfully
[2025-11-13T20:00:32.632Z] INFO: Authentication successful for user: admin@example.com
[2025-11-13T20:00:32.633Z] INFO: Questions loaded successfully
[2025-11-13T20:00:32.650Z] INFO: Authentication successful for user: admin@example.com
[2025-11-13T20:00:32.650Z] INFO: Questions loaded successfully
[2025-11-13T20:00:32.667Z] INFO: Authentication successful for user: admin@example.com
[2025-11-13T20:00:32.670Z] INFO: Questions loaded successfully
[2025-11-13T20:00:32.682Z] INFO: Authentication successful for user: admin@example.com
[2025-11-13T20:00:32.682Z] INFO: Questions loaded successfully
[2025-11-13T20:00:32.697Z] INFO: Authentication successful for user: admin@example.com
[2025-11-13T20:00:32.698Z] INFO: Questions loaded successfully
[2025-11-13T20:00:32.714Z] INFO: Authentication successful for user: admin@example.com
[2025-11-13T20:00:32.715Z] INFO: Questions loaded successfully
[2025-11-13T20:00:32.736Z] INFO: Authentication successful for user: admin@example.com
[2025-11-13T20:00:32.736Z] INFO: Questions loaded successfully
[2025-11-13T20:00:32.747Z] INFO: Authentication successful for user: admin@example.com
[2025-11-13T20:00:32.747Z] INFO: Questions loaded successfully
[2025-11-13T20:00:32.761Z] INFO: Authentication successful for user: admin@example.com
[2025-11-13T20:00:32.762Z] INFO: Questions loaded successfully
[2025-11-13T20:00:32.777Z] INFO: Authentication successful for user: admin@example.com
[2025-11-13T20:00:32.778Z] INFO: Questions loaded successfully
[2025-11-13T20:00:32.791Z] INFO: Authentication successful for user: admin@example.com
[2025-11-13T20:00:32.792Z] INFO: Questions loaded successfully
[2025-11-13T20:00:32.810Z] INFO: Authentication successful for user: admin@example.com
[2025-11-13T20:00:32.810Z] INFO: Questions loaded successfully
[2025-11-13T20:00:32.823Z] INFO: Authentication successful for user: admin@example.com
[2025-11-13T20:00:32.824Z] INFO: Questions loaded successfully
[2025-11-13T20:00:32.838Z] INFO: Authentication successful for user: admin@example.com
[2025-11-13T20:00:32.839Z] INFO: Questions loaded successfully
[2025-11-13T20:00:32.851Z] INFO: Authentication successful for user: admin@example.com
[2025-11-13T20:00:32.851Z] INFO: Questions loaded successfully
[2025-11-13T20:00:32.863Z] INFO: Authentication successful for user: admin@example.com
[2025-11-13T20:00:32.864Z] INFO: Questions loaded successfully
[2025-11-13T20:00:32.878Z] INFO: Authentication successful for user: admin@example.com
[2025-11-13T20:00:32.879Z] INFO: Questions loaded successfully
[2025-11-13T20:00:32.894Z] INFO: Authentication successful for user: admin@example.com
[2025-11-13T20:00:32.894Z] INFO: Questions loaded successfully
[2025-11-13T20:00:32.912Z] INFO: Authentication successful for user: admin@example.com
[2025-11-13T20:00:32.913Z] INFO: Questions loaded successfully
[2025-11-13T20:00:32.927Z] INFO: Authentication successful for user: admin@example.com
[2025-11-13T20:00:32.928Z] INFO: Questions loaded successfully
[2025-11-13T20:00:32.944Z] INFO: Authentication successful for user: admin@example.com
[2025-11-13T20:00:32.944Z] INFO: Questions loaded successfully
[2025-11-13T20:00:32.958Z] INFO: Authentication successful for user: admin@example.com
[2025-11-13T20:00:32.959Z] INFO: Questions loaded successfully
[2025-11-13T20:00:32.976Z] INFO: Authentication successful for user: admin@example.com
[2025-11-13T20:00:32.977Z] INFO: Questions loaded successfully
[2025-11-13T20:00:32.989Z] INFO: Authentication successful for user: admin@example.com
[2025-11-13T20:00:32.990Z] INFO: Questions loaded successfully
[2025-11-13T20:00:33.006Z] INFO: Authentication successful for user: admin@example.com
[2025-11-13T20:00:33.007Z] INFO: Questions loaded successfully
[2025-11-13T20:00:33.023Z] INFO: Authentication successful for user: admin@example.com
[2025-11-13T20:00:33.024Z] INFO: Questions loaded successfully
[2025-11-13T20:00:33.044Z] INFO: Authentication successful for user: admin@example.com
[2025-11-13T20:00:33.045Z] INFO: Questions loaded successfully
[2025-11-13T20:00:33.057Z] INFO: Authentication successful for user: admin@example.com
[2025-11-13T20:00:33.058Z] INFO: Questions loaded successfully
[2025-11-13T20:00:33.075Z] INFO: Authentication successful for user: admin@example.com
[2025-11-13T20:00:33.075Z] INFO: Questions loaded successfully
[2025-11-13T20:00:33.092Z] INFO: Authentication successful for user: admin@example.com
[2025-11-13T20:00:33.093Z] INFO: Questions loaded successfully
[2025-11-13T20:00:33.108Z] INFO: Authentication successful for user: admin@example.com
[2025-11-13T20:00:33.109Z] INFO: Questions loaded successfully
[2025-11-13T20:00:33.124Z] INFO: Authentication successful for user: admin@example.com
[2025-11-13T20:00:33.125Z] INFO: Questions loaded successfully
[2025-11-13T20:00:33.139Z] INFO: Authentication successful for user: admin@example.com
[2025-11-13T20:00:33.140Z] INFO: Questions loaded successfully
[2025-11-13T20:00:33.157Z] INFO: Authentication successful for user: admin@example.com
[2025-11-13T20:00:33.158Z] INFO: Questions loaded successfully
[2025-11-13T20:00:33.178Z] INFO: Authentication successful for user: admin@example.com
[2025-11-13T20:00:33.179Z] INFO: Questions loaded successfully
[2025-11-13T20:00:33.194Z] INFO: Authentication successful for user: admin@example.com
[2025-11-13T20:00:33.194Z] INFO: Questions loaded successfully
[2025-11-13T20:00:33.207Z] INFO: Authentication successful for user: admin@example.com
[2025-11-13T20:00:33.208Z] INFO: Questions loaded successfully
[2025-11-13T20:00:33.225Z] INFO: Authentication successful for user: admin@example.com
[2025-11-13T20:00:33.225Z] INFO: Questions loaded successfully
[2025-11-13T20:00:33.240Z] INFO: Authentication successful for user: admin@example.com
[2025-11-13T20:00:33.241Z] INFO: Questions loaded successfully
[2025-11-13T20:00:33.257Z] INFO: Authentication successful for user: admin@example.com
[2025-11-13T20:00:33.258Z] INFO: Questions loaded successfully
[2025-11-13T20:00:33.276Z] INFO: Authentication successful for user: admin@example.com
[2025-11-13T20:00:33.276Z] INFO: Questions loaded successfully
[2025-11-13T20:00:33.290Z] INFO: Authentication successful for user: admin@example.com
[2025-11-13T20:00:33.291Z] INFO: Questions loaded successfully
[2025-11-13T20:00:33.306Z] INFO: Authentication successful for user: admin@example.com
[2025-11-13T20:00:33.307Z] INFO: Questions loaded successfully
[2025-11-13T20:00:33.322Z] INFO: Authentication successful for user: admin@example.com
[2025-11-13T20:00:33.323Z] INFO: Questions loaded successfully
[2025-11-13T20:00:33.340Z] INFO: Authentication successful for user: admin@example.com
[2025-11-13T20:00:33.341Z] INFO: Questions loaded successfully
[2025-11-13T20:00:33.356Z] INFO: Authentication successful for user: admin@example.com
[2025-11-13T20:00:33.357Z] INFO: Questions loaded successfully
[2025-11-13T20:00:33.370Z] INFO: Authentication successful for user: admin@example.com
[2025-11-13T20:00:33.371Z] INFO: Questions loaded successfully
[2025-11-13T20:00:33.382Z] INFO: Authentication successful for user: admin@example.com
[2025-11-13T20:00:33.382Z] INFO: Questions loaded successfully
[2025-11-13T20:00:33.404Z] INFO: Authentication successful for user: admin@example.com
[2025-11-13T20:00:33.405Z] INFO: Questions loaded successfully
[2025-11-13T20:00:33.417Z] INFO: Authentication successful for user: admin@example.com
[2025-11-13T20:00:33.418Z] INFO: Questions loaded successfully
[2025-11-13T20:00:33.433Z] INFO: Authentication successful for user: admin@example.com
[2025-11-13T20:00:33.434Z] INFO: Questions loaded successfully
[2025-11-13T20:00:33.447Z] INFO: Authentication successful for user: admin@example.com
[2025-11-13T20:00:33.448Z] INFO: Questions loaded successfully
[2025-11-13T20:00:33.463Z] INFO: Authentication successful for user: admin@example.com
[2025-11-13T20:00:33.463Z] INFO: Questions loaded successfully
[2025-11-13T20:00:33.482Z] INFO: Authentication successful for user: admin@example.com
[2025-11-13T20:00:33.483Z] INFO: Questions loaded successfully
[2025-11-13T20:00:33.503Z] INFO: Authentication successful for user: admin@example.com
[2025-11-13T20:00:33.504Z] INFO: Questions loaded successfully
[2025-11-13T20:00:33.516Z] INFO: Authentication successful for user: admin@example.com
[2025-11-13T20:00:33.517Z] INFO: Questions loaded successfully
[2025-11-13T20:00:33.533Z] INFO: Authentication successful for user: admin@example.com
[2025-11-13T20:00:33.534Z] INFO: Questions loaded successfully
[2025-11-13T20:00:33.545Z] INFO: Authentication successful for user: admin@example.com
[2025-11-13T20:00:33.546Z] INFO: Questions loaded successfully
[2025-11-13T20:00:33.559Z] INFO: Authentication successful for user: admin@example.com
[2025-11-13T20:00:33.560Z] INFO: Questions loaded successfully
[2025-11-13T20:00:33.580Z] INFO: Authentication successful for user: admin@example.com
[2025-11-13T20:00:33.580Z] INFO: Questions loaded successfully
[2025-11-13T20:00:33.599Z] INFO: Authentication successful for user: admin@example.com
[2025-11-13T20:00:33.600Z] INFO: Questions loaded successfully
[2025-11-13T20:00:33.617Z] INFO: Authentication successful for user: admin@example.com
[2025-11-13T20:00:33.618Z] INFO: Questions loaded successfully
[2025-11-13T20:00:33.630Z] INFO: Authentication successful for user: admin@example.com
[2025-11-13T20:00:33.631Z] INFO: Questions loaded successfully
[2025-11-13T20:00:33.645Z] INFO: Authentication successful for user: admin@example.com
[2025-11-13T20:00:33.646Z] INFO: Questions loaded successfully
[2025-11-13T20:00:33.661Z] INFO: Authentication successful for user: admin@example.com
[2025-11-13T20:00:33.661Z] INFO: Questions loaded successfully
[2025-11-13T20:00:33.674Z] INFO: Authentication successful for user: admin@example.com
[2025-11-13T20:00:33.675Z] INFO: Questions loaded successfully
[2025-11-13T20:00:33.691Z] INFO: Authentication successful for user: admin@example.com
[2025-11-13T20:00:33.692Z] INFO: Questions loaded successfully
[2025-11-13T20:00:33.704Z] INFO: Authentication successful for user: admin@example.com
[2025-11-13T20:00:33.705Z] INFO: Questions loaded successfully
[2025-11-13T20:00:33.724Z] INFO: Authentication successful for user: admin@example.com
[2025-11-13T20:00:33.725Z] INFO: Questions loaded successfully
[2025-11-13T20:00:33.736Z] INFO: Authentication successful for user: admin@example.com
[2025-11-13T20:00:33.737Z] INFO: Questions loaded successfully
[2025-11-13T20:00:33.754Z] INFO: Authentication successful for user: admin@example.com
[2025-11-13T20:00:33.754Z] INFO: Questions loaded successfully
[2025-11-13T20:00:33.767Z] INFO: Authentication successful for user: admin@example.com
[2025-11-13T20:00:33.768Z] INFO: Questions loaded successfully
[2025-11-13T20:00:33.784Z] INFO: Authentication successful for user: admin@example.com
[2025-11-13T20:00:33.785Z] INFO: Questions loaded successfully
[2025-11-13T20:00:33.803Z] INFO: Authentication successful for user: admin@example.com
[2025-11-13T20:00:33.803Z] INFO: Questions loaded successfully
[2025-11-13T20:00:33.816Z] INFO: Authentication successful for user: admin@example.com
[2025-11-13T20:00:33.816Z] INFO: Questions loaded successfully
[2025-11-13T20:00:33.830Z] INFO: Authentication successful for user: admin@example.com
[2025-11-13T20:00:33.831Z] INFO: Questions loaded successfully
[2025-11-13T20:00:33.846Z] INFO: Authentication successful for user: admin@example.com
[2025-11-13T20:00:33.847Z] INFO: Questions loaded successfully
[2025-11-13T20:00:33.858Z] INFO: Authentication successful for user: admin@example.com
[2025-11-13T20:00:33.858Z] INFO: Questions loaded successfully
[2025-11-13T20:00:33.871Z] INFO: Authentication successful for user: admin@example.com
[2025-11-13T20:00:33.872Z] INFO: Questions loaded successfully
[2025-11-13T20:00:33.890Z] INFO: Authentication successful for user: admin@example.com
[2025-11-13T20:00:33.890Z] INFO: Questions loaded successfully
[2025-11-13T20:00:33.901Z] INFO: Authentication successful for user: admin@example.com
[2025-11-13T20:00:33.902Z] INFO: Questions loaded successfully
[2025-11-13T20:00:33.918Z] INFO: Authentication successful for user: admin@example.com
[2025-11-13T20:00:33.919Z] INFO: Questions loaded successfully
[2025-11-13T20:00:33.933Z] INFO: Authentication successful for user: admin@example.com
[2025-11-13T20:00:33.934Z] INFO: Questions loaded successfully
[2025-11-13T20:00:33.954Z] INFO: Authentication successful for user: admin@example.com
[2025-11-13T20:00:33.955Z] INFO: Questions loaded successfully
[2025-11-13T20:00:33.974Z] INFO: Authentication successful for user: admin@example.com
[2025-11-13T20:00:33.975Z] INFO: Questions loaded successfully
[2025-11-13T20:00:33.991Z] INFO: Authentication successful for user: admin@example.com
[2025-11-13T20:00:33.992Z] INFO: Questions loaded successfully
[2025-11-13T20:00:34.008Z] INFO: Authentication successful for user: admin@example.com
[2025-11-13T20:00:34.008Z] INFO: Questions loaded successfully
[2025-11-13T20:00:34.024Z] INFO: Authentication successful for user: admin@example.com
[2025-11-13T20:00:34.025Z] INFO: Questions loaded successfully
[2025-11-13T20:00:34.042Z] INFO: Authentication successful for user: admin@example.com
[2025-11-13T20:00:34.042Z] INFO: Questions loaded successfully
[2025-11-13T20:00:34.057Z] INFO: Authentication successful for user: admin@example.com
[2025-11-13T20:00:34.058Z] INFO: Questions loaded successfully
[2025-11-13T20:00:34.075Z] INFO: Authentication successful for user: admin@example.com
[2025-11-13T20:00:34.076Z] INFO: Questions loaded successfully
[2025-11-13T20:00:34.092Z] INFO: Authentication successful for user: admin@example.com
[2025-11-13T20:00:34.093Z] INFO: Questions loaded successfully
[2025-11-13T20:00:34.109Z] INFO: Authentication successful for user: admin@example.com
[2025-11-13T20:00:34.110Z] INFO: Questions loaded successfully
[2025-11-13T20:00:34.125Z] INFO: Authentication successful for user: admin@example.com
[2025-11-13T20:00:34.126Z] INFO: Questions loaded successfully
[2025-11-13T20:00:34.145Z] INFO: Authentication successful for user: admin@example.com
[2025-11-13T20:00:34.146Z] INFO: Questions loaded successfully
[2025-11-13T20:00:34.161Z] INFO: Authentication successful for user: admin@example.com
[2025-11-13T20:00:34.162Z] INFO: Questions loaded successfully
[2025-11-13T20:00:34.179Z] INFO: Authentication successful for user: admin@example.com
[2025-11-13T20:00:34.179Z] INFO: Questions loaded successfully
[2025-11-13T20:00:34.195Z] INFO: Authentication successful for user: admin@example.com
[2025-11-13T20:00:34.196Z] INFO: Questions loaded successfully
[2025-11-13T20:00:34.209Z] INFO: Authentication successful for user: admin@example.com
[2025-11-13T20:00:34.210Z] INFO: Questions loaded successfully
[2025-11-13T20:00:34.224Z] INFO: Authentication successful for user: admin@example.com
[2025-11-13T20:00:34.225Z] INFO: Questions loaded successfully
[2025-11-13T20:00:34.238Z] INFO: Authentication successful for user: admin@example.com
[2025-11-13T20:00:34.239Z] INFO: Questions loaded successfully
[2025-11-13T20:00:34.254Z] INFO: Authentication successful for user: admin@example.com
[2025-11-13T20:00:34.255Z] INFO: Questions loaded successfully
[2025-11-13T20:00:34.267Z] INFO: Authentication successful for user: admin@example.com
[2025-11-13T20:00:34.267Z] INFO: Questions loaded successfully
[2025-11-13T20:00:34.286Z] INFO: Authentication successful for user: admin@example.com
[2025-11-13T20:00:34.287Z] INFO: Questions loaded successfully
[2025-11-13T20:00:34.296Z] INFO: Authentication successful for user: admin@example.com
[2025-11-13T20:00:34.297Z] INFO: Questions loaded successfully
[2025-11-13T20:00:34.311Z] INFO: Authentication successful for user: admin@example.com
[2025-11-13T20:00:34.312Z] INFO: Questions loaded successfully
[2025-11-13T20:00:34.326Z] INFO: Authentication successful for user: admin@example.com
[2025-11-13T20:00:34.326Z] INFO: Questions loaded successfully
[2025-11-13T20:00:34.339Z] INFO: Authentication successful for user: admin@example.com
[2025-11-13T20:00:34.339Z] INFO: Questions loaded successfully
[2025-11-13T20:00:34.355Z] INFO: Authentication successful for user: admin@example.com
[2025-11-13T20:00:34.356Z] INFO: Questions loaded successfully
[2025-11-13T20:00:34.369Z] INFO: Authentication successful for user: admin@example.com
[2025-11-13T20:00:34.370Z] INFO: Questions loaded successfully
[2025-11-13T20:00:34.387Z] INFO: Authentication successful for user: admin@example.com
[2025-11-13T20:00:34.388Z] INFO: Questions loaded successfully
[2025-11-13T20:00:34.399Z] INFO: Authentication successful for user: admin@example.com
[2025-11-13T20:00:34.402Z] INFO: Questions loaded successfully
[2025-11-13T20:00:34.418Z] INFO: Authentication successful for user: admin@example.com
[2025-11-13T20:00:34.419Z] INFO: Questions loaded successfully
[2025-11-13T20:00:34.433Z] INFO: Authentication successful for user: admin@example.com
[2025-11-13T20:00:34.433Z] INFO: Questions loaded successfully
[2025-11-13T20:00:34.449Z] INFO: Authentication successful for user: admin@example.com
[2025-11-13T20:00:34.449Z] INFO: Questions loaded successfully
[2025-11-13T20:00:34.461Z] INFO: Authentication successful for user: admin@example.com
[2025-11-13T20:00:34.461Z] INFO: Questions loaded successfully
[2025-11-13T20:00:34.475Z] INFO: Authentication successful for user: admin@example.com
[2025-11-13T20:00:34.476Z] INFO: Questions loaded successfully
[2025-11-13T20:00:34.492Z] INFO: Authentication successful for user: admin@example.com
[2025-11-13T20:00:34.493Z] INFO: Questions loaded successfully
[2025-11-13T20:00:34.506Z] INFO: Authentication successful for user: admin@example.com
[2025-11-13T20:00:34.507Z] INFO: Questions loaded successfully
[2025-11-13T20:00:34.528Z] INFO: Authentication successful for user: admin@example.com
[2025-11-13T20:00:34.529Z] INFO: Questions loaded successfully
[2025-11-13T20:00:34.544Z] INFO: Authentication successful for user: admin@example.com
[2025-11-13T20:00:34.545Z] INFO: Questions loaded successfully
[2025-11-13T20:00:34.560Z] INFO: Authentication successful for user: admin@example.com
[2025-11-13T20:00:34.561Z] INFO: Questions loaded successfully
[2025-11-13T20:00:34.574Z] INFO: Authentication successful for user: admin@example.com
[2025-11-13T20:00:34.575Z] INFO: Questions loaded successfully
[2025-11-13T20:00:34.589Z] INFO: Authentication successful for user: admin@example.com
[2025-11-13T20:00:34.590Z] INFO: Questions loaded successfully
[2025-11-13T20:00:34.602Z] INFO: Authentication successful for user: admin@example.com
[2025-11-13T20:00:34.602Z] INFO: Questions loaded successfully
[2025-11-13T20:00:34.618Z] INFO: Authentication successful for user: admin@example.com
[2025-11-13T20:00:34.619Z] INFO: Questions loaded successfully
[2025-11-13T20:00:34.629Z] INFO: Authentication successful for user: admin@example.com
[2025-11-13T20:00:34.630Z] INFO: Questions loaded successfully
[2025-11-13T20:00:34.645Z] INFO: Authentication successful for user: admin@example.com
[2025-11-13T20:00:34.646Z] INFO: Questions loaded successfully
[2025-11-13T20:00:34.659Z] INFO: Authentication successful for user: admin@example.com
[2025-11-13T20:00:34.659Z] INFO: Questions loaded successfully
[2025-11-13T20:00:34.678Z] INFO: Authentication successful for user: admin@example.com
[2025-11-13T20:00:34.679Z] INFO: Questions loaded successfully
[2025-11-13T20:00:34.694Z] INFO: Authentication successful for user: admin@example.com
[2025-11-13T20:00:34.695Z] INFO: Questions loaded successfully
[2025-11-13T20:00:34.724Z] INFO: Authentication successful for user: admin@example.com
[2025-11-13T20:00:34.726Z] INFO: Questions loaded successfully
[2025-11-13T20:00:34.743Z] INFO: Authentication successful for user: admin@example.com
[2025-11-13T20:00:34.744Z] INFO: Questions loaded successfully
[2025-11-13T20:00:34.766Z] INFO: Authentication successful for user: admin@example.com
[2025-11-13T20:00:34.768Z] INFO: Questions loaded successfully
[2025-11-13T20:00:34.806Z] INFO: Authentication successful for user: admin@example.com
[2025-11-13T20:00:34.807Z] INFO: Questions loaded successfully
[2025-11-13T20:00:34.822Z] INFO: Authentication successful for user: admin@example.com
[2025-11-13T20:00:34.823Z] INFO: Questions loaded successfully
[2025-11-13T20:00:34.835Z] INFO: Authentication successful for user: admin@example.com
[2025-11-13T20:00:34.836Z] INFO: Questions loaded successfully
[2025-11-13T20:00:34.854Z] INFO: Authentication successful for user: admin@example.com
[2025-11-13T20:00:34.855Z] INFO: Questions loaded successfully
[2025-11-13T20:00:34.872Z] INFO: Authentication successful for user: admin@example.com
[2025-11-13T20:00:34.873Z] INFO: Questions loaded successfully
[2025-11-13T20:00:34.891Z] INFO: Authentication successful for user: admin@example.com
[2025-11-13T20:00:34.892Z] INFO: Questions loaded successfully
[2025-11-13T20:00:34.908Z] INFO: Authentication successful for user: admin@example.com
[2025-11-13T20:00:34.909Z] INFO: Questions loaded successfully
[2025-11-13T20:00:34.929Z] INFO: Authentication successful for user: admin@example.com
[2025-11-13T20:00:34.930Z] INFO: Questions loaded successfully
[2025-11-13T20:00:34.949Z] INFO: Authentication successful for user: admin@example.com
[2025-11-13T20:00:34.950Z] INFO: Questions loaded successfully
[2025-11-13T20:00:34.964Z] INFO: Authentication successful for user: admin@example.com
[2025-11-13T20:00:34.968Z] INFO: Questions loaded successfully
[2025-11-13T20:00:34.987Z] INFO: Authentication successful for user: admin@example.com
[2025-11-13T20:00:34.987Z] INFO: Questions loaded successfully
[2025-11-13T20:00:34.997Z] INFO: Authentication successful for user: admin@example.com
[2025-11-13T20:00:34.997Z] INFO: Questions loaded successfully
[2025-11-13T20:00:35.014Z] INFO: Authentication successful for user: admin@example.com
[2025-11-13T20:00:35.015Z] INFO: Questions loaded successfully
[2025-11-13T20:00:35.028Z] INFO: Authentication successful for user: admin@example.com
[2025-11-13T20:00:35.028Z] INFO: Questions loaded successfully
[2025-11-13T20:00:35.053Z] INFO: Authentication successful for user: admin@example.com
[2025-11-13T20:00:35.053Z] INFO: Questions loaded successfully
[2025-11-13T20:00:35.065Z] INFO: Authentication successful for user: admin@example.com
[2025-11-13T20:00:35.065Z] INFO: Questions loaded successfully
[2025-11-13T20:00:35.082Z] INFO: Authentication successful for user: admin@example.com
[2025-11-13T20:00:35.082Z] INFO: Questions loaded successfully
[2025-11-13T20:00:35.096Z] INFO: Authentication successful for user: admin@example.com
[2025-11-13T20:00:35.097Z] INFO: Questions loaded successfully
[2025-11-13T20:00:35.121Z] INFO: Authentication successful for user: admin@example.com
[2025-11-13T20:00:35.122Z] INFO: Questions loaded successfully
[2025-11-13T20:00:35.132Z] INFO: Authentication successful for user: admin@example.com
[2025-11-13T20:00:35.133Z] INFO: Questions loaded successfully
[2025-11-13T20:00:35.149Z] INFO: Authentication successful for user: admin@example.com
[2025-11-13T20:00:35.150Z] INFO: Questions loaded successfully
[2025-11-13T20:00:35.162Z] INFO: Authentication successful for user: admin@example.com
[2025-11-13T20:00:35.162Z] INFO: Questions loaded successfully
[2025-11-13T20:00:35.182Z] INFO: Authentication successful for user: admin@example.com
[2025-11-13T20:00:35.183Z] INFO: Questions loaded successfully
[2025-11-13T20:00:35.195Z] INFO: Authentication successful for user: admin@example.com
[2025-11-13T20:00:35.195Z] INFO: Questions loaded successfully
[2025-11-13T20:00:35.209Z] INFO: Authentication successful for user: admin@example.com
[2025-11-13T20:00:35.210Z] INFO: Questions loaded successfully
[2025-11-13T20:00:35.226Z] INFO: Authentication successful for user: admin@example.com
[2025-11-13T20:00:35.227Z] INFO: Questions loaded successfully
[2025-11-13T20:00:35.241Z] INFO: Authentication successful for user: admin@example.com
[2025-11-13T20:00:35.242Z] INFO: Questions loaded successfully
[2025-11-13T20:00:35.257Z] INFO: Authentication successful for user: admin@example.com
[2025-11-13T20:00:35.258Z] INFO: Questions loaded successfully
[2025-11-13T20:00:35.268Z] INFO: Authentication successful for user: admin@example.com
[2025-11-13T20:00:35.269Z] INFO: Questions loaded successfully
[2025-11-13T20:00:35.286Z] INFO: Authentication successful for user: admin@example.com
[2025-11-13T20:00:35.287Z] INFO: Questions loaded successfully
[2025-11-13T20:00:35.297Z] INFO: Authentication successful for user: admin@example.com
[2025-11-13T20:00:35.298Z] INFO: Questions loaded successfully
[2025-11-13T20:00:35.314Z] INFO: Authentication successful for user: admin@example.com
[2025-11-13T20:00:35.315Z] INFO: Questions loaded successfully
[2025-11-13T20:00:35.326Z] INFO: Authentication successful for user: admin@example.com
[2025-11-13T20:00:35.327Z] INFO: Questions loaded successfully
[2025-11-13T20:00:35.341Z] INFO: Authentication successful for user: admin@example.com
[2025-11-13T20:00:35.342Z] INFO: Questions loaded successfully
[2025-11-13T20:00:35.358Z] INFO: Authentication successful for user: admin@example.com
[2025-11-13T20:00:35.358Z] INFO: Questions loaded successfully
[2025-11-13T20:00:35.370Z] INFO: Authentication successful for user: admin@example.com
[2025-11-13T20:00:35.371Z] INFO: Questions loaded successfully
[2025-11-13T20:00:35.386Z] INFO: Authentication successful for user: admin@example.com
[2025-11-13T20:00:35.387Z] INFO: Questions loaded successfully
[2025-11-13T20:00:35.397Z] INFO: Authentication successful for user: admin@example.com
[2025-11-13T20:00:35.398Z] INFO: Questions loaded successfully
[2025-11-13T20:00:35.412Z] INFO: Authentication successful for user: admin@example.com
[2025-11-13T20:00:35.413Z] INFO: Questions loaded successfully
[2025-11-13T20:00:35.430Z] INFO: Authentication successful for user: admin@example.com
[2025-11-13T20:00:35.431Z] INFO: Questions loaded successfully
[2025-11-13T20:00:35.445Z] INFO: Authentication successful for user: admin@example.com
[2025-11-13T20:00:35.446Z] INFO: Questions loaded successfully
[2025-11-13T20:00:35.460Z] INFO: Authentication successful for user: admin@example.com
[2025-11-13T20:00:35.461Z] INFO: Questions loaded successfully
[2025-11-13T20:00:35.476Z] INFO: Authentication successful for user: admin@example.com
[2025-11-13T20:00:35.477Z] INFO: Questions loaded successfully
[2025-11-13T20:00:35.492Z] INFO: Authentication successful for user: admin@example.com
[2025-11-13T20:00:35.492Z] INFO: Questions loaded successfully
[2025-11-13T20:00:35.507Z] INFO: Authentication successful for user: admin@example.com
[2025-11-13T20:00:35.508Z] INFO: Questions loaded successfully
[2025-11-13T20:00:35.522Z] INFO: Authentication successful for user: admin@example.com
[2025-11-13T20:00:35.523Z] INFO: Questions loaded successfully
[2025-11-13T20:00:35.535Z] INFO: Authentication successful for user: admin@example.com
[2025-11-13T20:00:35.536Z] INFO: Questions loaded successfully
[2025-11-13T20:00:35.550Z] INFO: Authentication successful for user: admin@example.com
[2025-11-13T20:00:35.551Z] INFO: Questions loaded successfully
[2025-11-13T20:00:35.565Z] INFO: Authentication successful for user: admin@example.com
[2025-11-13T20:00:35.566Z] INFO: Questions loaded successfully
[2025-11-13T20:00:35.580Z] INFO: Authentication successful for user: admin@example.com
[2025-11-13T20:00:35.581Z] INFO: Questions loaded successfully
[2025-11-13T20:00:35.596Z] INFO: Authentication successful for user: admin@example.com
[2025-11-13T20:00:35.597Z] INFO: Questions loaded successfully
[2025-11-13T20:00:35.611Z] INFO: Authentication successful for user: admin@example.com
[2025-11-13T20:00:35.612Z] INFO: Questions loaded successfully
[2025-11-13T20:00:35.630Z] INFO: Authentication successful for user: admin@example.com
[2025-11-13T20:00:35.631Z] INFO: Questions loaded successfully
[2025-11-13T20:00:35.650Z] INFO: Authentication successful for user: admin@example.com
[2025-11-13T20:00:35.650Z] INFO: Questions loaded successfully
[2025-11-13T20:00:35.666Z] INFO: Authentication successful for user: admin@example.com
[2025-11-13T20:00:35.667Z] INFO: Questions loaded successfully
[2025-11-13T20:00:35.682Z] INFO: Authentication successful for user: admin@example.com
[2025-11-13T20:00:35.683Z] INFO: Questions loaded successfully
[2025-11-13T20:00:35.695Z] INFO: Authentication successful for user: admin@example.com
[2025-11-13T20:00:35.696Z] INFO: Questions loaded successfully
[2025-11-13T20:00:35.714Z] INFO: Authentication successful for user: admin@example.com
[2025-11-13T20:00:35.715Z] INFO: Questions loaded successfully
[2025-11-13T20:00:35.730Z] INFO: Authentication successful for user: admin@example.com
[2025-11-13T20:00:35.730Z] INFO: Questions loaded successfully
[2025-11-13T20:00:35.746Z] INFO: Authentication successful for user: admin@example.com
[2025-11-13T20:00:35.747Z] INFO: Questions loaded successfully
[2025-11-13T20:00:35.759Z] INFO: Authentication successful for user: admin@example.com
[2025-11-13T20:00:35.760Z] INFO: Questions loaded successfully
[2025-11-13T20:00:35.777Z] INFO: Authentication successful for user: admin@example.com
[2025-11-13T20:00:35.778Z] INFO: Questions loaded successfully
[2025-11-13T20:00:35.794Z] INFO: Authentication successful for user: admin@example.com
[2025-11-13T20:00:35.794Z] INFO: Questions loaded successfully
[2025-11-13T20:00:35.811Z] INFO: Authentication successful for user: admin@example.com
[2025-11-13T20:00:35.812Z] INFO: Questions loaded successfully
[2025-11-13T20:00:35.824Z] INFO: Authentication successful for user: admin@example.com
[2025-11-13T20:00:35.825Z] INFO: Questions loaded successfully
[2025-11-13T20:00:35.839Z] INFO: Authentication successful for user: admin@example.com
[2025-11-13T20:00:35.840Z] INFO: Questions loaded successfully
[2025-11-13T20:00:35.854Z] INFO: Authentication successful for user: admin@example.com
[2025-11-13T20:00:35.855Z] INFO: Questions loaded successfully
[2025-11-13T20:00:35.866Z] INFO: Authentication successful for user: admin@example.com
[2025-11-13T20:00:35.867Z] INFO: Questions loaded successfully
[2025-11-13T20:00:35.882Z] INFO: Authentication successful for user: admin@example.com
[2025-11-13T20:00:35.883Z] INFO: Questions loaded successfully
[2025-11-13T20:00:35.895Z] INFO: Authentication successful for user: admin@example.com
[2025-11-13T20:00:35.895Z] INFO: Questions loaded successfully
[2025-11-13T20:00:35.912Z] INFO: Authentication successful for user: admin@example.com
[2025-11-13T20:00:35.913Z] INFO: Questions loaded successfully
[2025-11-13T20:00:35.925Z] INFO: Authentication successful for user: admin@example.com
[2025-11-13T20:00:35.925Z] INFO: Questions loaded successfully
[2025-11-13T20:00:35.938Z] INFO: Authentication successful for user: admin@example.com
[2025-11-13T20:00:35.939Z] INFO: Questions loaded successfully
[2025-11-13T20:00:35.953Z] INFO: Authentication successful for user: admin@example.com
[2025-11-13T20:00:35.954Z] INFO: Questions loaded successfully
[2025-11-13T20:00:35.964Z] INFO: Authentication successful for user: admin@example.com
[2025-11-13T20:00:35.965Z] INFO: Questions loaded successfully
[2025-11-13T20:00:35.981Z] INFO: Authentication successful for user: admin@example.com
[2025-11-13T20:00:35.981Z] INFO: Questions loaded successfully
[2025-11-13T20:00:35.994Z] INFO: Authentication successful for user: admin@example.com
[2025-11-13T20:00:35.995Z] INFO: Questions loaded successfully
[2025-11-13T20:00:36.010Z] INFO: Authentication successful for user: admin@example.com
[2025-11-13T20:00:36.011Z] INFO: Questions loaded successfully
[2025-11-13T20:00:36.025Z] INFO: Authentication successful for user: admin@example.com
[2025-11-13T20:00:36.026Z] INFO: Questions loaded successfully
[2025-11-13T20:00:36.040Z] INFO: Authentication successful for user: admin@example.com
[2025-11-13T20:00:36.041Z] INFO: Questions loaded successfully
[2025-11-13T20:00:36.056Z] INFO: Authentication successful for user: admin@example.com
[2025-11-13T20:00:36.056Z] INFO: Questions loaded successfully
[2025-11-13T20:00:36.067Z] INFO: Authentication successful for user: admin@example.com
[2025-11-13T20:00:36.068Z] INFO: Questions loaded successfully
[2025-11-13T20:00:36.084Z] INFO: Authentication successful for user: admin@example.com
[2025-11-13T20:00:36.084Z] INFO: Questions loaded successfully
[2025-11-13T20:00:36.100Z] INFO: Authentication successful for user: admin@example.com
[2025-11-13T20:00:36.101Z] INFO: Questions loaded successfully
[2025-11-13T20:00:36.117Z] INFO: Authentication successful for user: admin@example.com
[2025-11-13T20:00:36.118Z] INFO: Questions loaded successfully
[2025-11-13T20:00:36.129Z] INFO: Authentication successful for user: admin@example.com
[2025-11-13T20:00:36.130Z] INFO: Questions loaded successfully
[2025-11-13T20:00:36.146Z] INFO: Authentication successful for user: admin@example.com
[2025-11-13T20:00:36.146Z] INFO: Questions loaded successfully
[2025-11-13T20:00:36.161Z] INFO: Authentication successful for user: admin@example.com
[2025-11-13T20:00:36.161Z] INFO: Questions loaded successfully
[2025-11-13T20:00:36.176Z] INFO: Authentication successful for user: admin@example.com
[2025-11-13T20:00:36.177Z] INFO: Questions loaded successfully
[2025-11-13T20:00:36.192Z] INFO: Authentication successful for user: admin@example.com
[2025-11-13T20:00:36.192Z] INFO: Questions loaded successfully
[2025-11-13T20:00:36.206Z] INFO: Authentication successful for user: admin@example.com
[2025-11-13T20:00:36.207Z] INFO: Questions loaded successfully
[2025-11-13T20:00:36.221Z] INFO: Authentication successful for user: admin@example.com
[2025-11-13T20:00:36.222Z] INFO: Questions loaded successfully
[2025-11-13T20:00:36.235Z] INFO: Authentication successful for user: admin@example.com
[2025-11-13T20:00:36.236Z] INFO: Questions loaded successfully
[2025-11-13T20:00:36.251Z] INFO: Authentication successful for user: admin@example.com
[2025-11-13T20:00:36.252Z] INFO: Questions loaded successfully
[2025-11-13T20:00:36.262Z] INFO: Authentication successful for user: admin@example.com
[2025-11-13T20:00:36.263Z] INFO: Questions loaded successfully
[2025-11-13T20:00:36.280Z] INFO: Authentication successful for user: admin@example.com
[2025-11-13T20:00:36.281Z] INFO: Questions loaded successfully
[2025-11-13T20:00:36.294Z] INFO: Authentication successful for user: admin@example.com
[2025-11-13T20:00:36.295Z] INFO: Questions loaded successfully
[2025-11-13T20:00:36.314Z] INFO: Authentication successful for user: admin@example.com
[2025-11-13T20:00:36.315Z] INFO: Questions loaded successfully
[2025-11-13T20:00:36.327Z] INFO: Authentication successful for user: admin@example.com
[2025-11-13T20:00:36.328Z] INFO: Questions loaded successfully
[2025-11-13T20:00:36.340Z] INFO: Authentication successful for user: admin@example.com
[2025-11-13T20:00:36.341Z] INFO: Questions loaded successfully
[2025-11-13T20:00:36.354Z] INFO: Authentication successful for user: admin@example.com
[2025-11-13T20:00:36.354Z] INFO: Questions loaded successfully
[2025-11-13T20:00:36.365Z] INFO: Authentication successful for user: admin@example.com
[2025-11-13T20:00:36.366Z] INFO: Questions loaded successfully
[2025-11-13T20:00:36.381Z] INFO: Authentication successful for user: admin@example.com
[2025-11-13T20:00:36.382Z] INFO: Questions loaded successfully
[2025-11-13T20:00:36.397Z] INFO: Authentication successful for user: admin@example.com
[2025-11-13T20:00:36.398Z] INFO: Questions loaded successfully
[2025-11-13T20:00:36.412Z] INFO: Authentication successful for user: admin@example.com
[2025-11-13T20:00:36.413Z] INFO: Questions loaded successfully
[2025-11-13T20:00:36.432Z] INFO: Authentication successful for user: admin@example.com
[2025-11-13T20:00:36.433Z] INFO: Questions loaded successfully
[2025-11-13T20:00:36.447Z] INFO: Authentication successful for user: admin@example.com
[2025-11-13T20:00:36.448Z] INFO: Questions loaded successfully
[2025-11-13T20:00:36.464Z] INFO: Authentication successful for user: admin@example.com
[2025-11-13T20:00:36.465Z] INFO: Questions loaded successfully
[2025-11-13T20:00:36.482Z] INFO: Authentication successful for user: admin@example.com
[2025-11-13T20:00:36.483Z] INFO: Questions loaded successfully
[2025-11-13T20:00:36.498Z] INFO: Authentication successful for user: admin@example.com
[2025-11-13T20:00:36.499Z] INFO: Questions loaded successfully
[2025-11-13T20:00:36.515Z] INFO: Authentication successful for user: admin@example.com
[2025-11-13T20:00:36.516Z] INFO: Questions loaded successfully
[2025-11-13T20:00:36.533Z] INFO: Authentication successful for user: admin@example.com
[2025-11-13T20:00:36.534Z] INFO: Questions loaded successfully
[2025-11-13T20:00:36.551Z] INFO: Authentication successful for user: admin@example.com
[2025-11-13T20:00:36.552Z] INFO: Questions loaded successfully
[2025-11-13T20:00:36.572Z] INFO: Authentication successful for user: admin@example.com
[2025-11-13T20:00:36.572Z] INFO: Questions loaded successfully
[2025-11-13T20:00:36.594Z] INFO: Authentication successful for user: admin@example.com
[2025-11-13T20:00:36.595Z] INFO: Questions loaded successfully
[2025-11-13T20:00:36.612Z] INFO: Authentication successful for user: admin@example.com
[2025-11-13T20:00:36.613Z] INFO: Questions loaded successfully
[2025-11-13T20:00:36.631Z] INFO: Authentication successful for user: admin@example.com
[2025-11-13T20:00:36.632Z] INFO: Questions loaded successfully
[2025-11-13T20:00:36.651Z] INFO: Authentication successful for user: admin@example.com
[2025-11-13T20:00:36.652Z] INFO: Questions loaded successfully
[2025-11-13T20:00:36.673Z] INFO: Authentication successful for user: admin@example.com
[2025-11-13T20:00:36.674Z] INFO: Questions loaded successfully
[2025-11-13T20:00:36.695Z] INFO: Authentication successful for user: admin@example.com
[2025-11-13T20:00:36.696Z] INFO: Questions loaded successfully
[2025-11-13T20:00:36.715Z] INFO: Authentication successful for user: admin@example.com
[2025-11-13T20:00:36.716Z] INFO: Questions loaded successfully
[2025-11-13T20:00:36.740Z] INFO: Authentication successful for user: admin@example.com
[2025-11-13T20:00:36.741Z] INFO: Questions loaded successfully
[2025-11-13T20:00:36.760Z] INFO: Authentication successful for user: admin@example.com
[2025-11-13T20:00:36.761Z] INFO: Questions loaded successfully
[2025-11-13T20:00:36.780Z] INFO: Authentication successful for user: admin@example.com
[2025-11-13T20:00:36.780Z] INFO: Questions loaded successfully
[2025-11-13T20:00:36.801Z] INFO: Authentication successful for user: admin@example.com
[2025-11-13T20:00:36.802Z] INFO: Questions loaded successfully
[2025-11-13T20:00:36.823Z] INFO: Authentication successful for user: admin@example.com
[2025-11-13T20:00:36.824Z] INFO: Questions loaded successfully
[2025-11-13T20:00:36.843Z] INFO: Authentication successful for user: admin@example.com
[2025-11-13T20:00:36.844Z] INFO: Questions loaded successfully
[2025-11-13T20:00:36.863Z] INFO: Authentication successful for user: admin@example.com
[2025-11-13T20:00:36.864Z] INFO: Questions loaded successfully
[2025-11-13T20:00:36.887Z] INFO: Authentication successful for user: admin@example.com
[2025-11-13T20:00:36.890Z] INFO: Questions loaded successfully
[2025-11-13T20:00:36.910Z] INFO: Authentication successful for user: admin@example.com
[2025-11-13T20:00:36.911Z] INFO: Questions loaded successfully
[2025-11-13T20:00:36.930Z] INFO: Authentication successful for user: admin@example.com
[2025-11-13T20:00:36.931Z] INFO: Questions loaded successfully
[2025-11-13T20:00:36.950Z] INFO: Authentication successful for user: admin@example.com
[2025-11-13T20:00:36.951Z] INFO: Questions loaded successfully
[2025-11-13T20:00:36.972Z] INFO: Authentication successful for user: admin@example.com
[2025-11-13T20:00:36.973Z] INFO: Questions loaded successfully
[2025-11-13T20:00:37.003Z] INFO: Authentication successful for user: admin@example.com
[2025-11-13T20:00:37.004Z] INFO: Questions loaded successfully
[2025-11-13T20:00:37.031Z] INFO: Authentication successful for user: admin@example.com
[2025-11-13T20:00:37.032Z] INFO: Questions loaded successfully
[2025-11-13T20:00:37.056Z] INFO: Authentication successful for user: admin@example.com
[2025-11-13T20:00:37.057Z] INFO: Questions loaded successfully
[2025-11-13T20:00:37.080Z] INFO: Authentication successful for user: admin@example.com
[2025-11-13T20:00:37.081Z] INFO: Questions loaded successfully
[2025-11-13T20:00:37.100Z] INFO: Authentication successful for user: admin@example.com
[2025-11-13T20:00:37.101Z] INFO: Questions loaded successfully
[2025-11-13T20:00:37.119Z] INFO: Authentication successful for user: admin@example.com
[2025-11-13T20:00:37.123Z] INFO: Questions loaded successfully
[2025-11-13T20:00:37.144Z] INFO: Authentication successful for user: admin@example.com
[2025-11-13T20:00:37.146Z] INFO: Questions loaded successfully
[2025-11-13T20:00:37.164Z] INFO: Authentication successful for user: admin@example.com
[2025-11-13T20:00:37.165Z] INFO: Questions loaded successfully
[2025-11-13T20:00:37.186Z] INFO: Authentication successful for user: admin@example.com
[2025-11-13T20:00:37.188Z] INFO: Questions loaded successfully
[2025-11-13T20:00:37.209Z] INFO: Authentication successful for user: admin@example.com
[2025-11-13T20:00:37.210Z] INFO: Questions loaded successfully
[2025-11-13T20:00:37.230Z] INFO: Authentication successful for user: admin@example.com
[2025-11-13T20:00:37.231Z] INFO: Questions loaded successfully
[2025-11-13T20:00:37.252Z] INFO: Authentication successful for user: admin@example.com
[2025-11-13T20:00:37.254Z] INFO: Questions loaded successfully
[2025-11-13T20:00:37.273Z] INFO: Authentication successful for user: admin@example.com
[2025-11-13T20:00:37.274Z] INFO: Questions loaded successfully
[2025-11-13T20:00:37.303Z] INFO: Authentication successful for user: admin@example.com
[2025-11-13T20:00:37.303Z] INFO: Questions loaded successfully
[2025-11-13T20:00:37.322Z] INFO: Authentication successful for user: admin@example.com
[2025-11-13T20:00:37.322Z] INFO: Questions loaded successfully
[2025-11-13T20:00:37.342Z] INFO: Authentication successful for user: admin@example.com
[2025-11-13T20:00:37.343Z] INFO: Questions loaded successfully
[2025-11-13T20:00:37.360Z] INFO: Authentication successful for user: admin@example.com
[2025-11-13T20:00:37.361Z] INFO: Questions loaded successfully
[2025-11-13T20:00:37.380Z] INFO: Authentication successful for user: admin@example.com
[2025-11-13T20:00:37.381Z] INFO: Questions loaded successfully
[2025-11-13T20:00:37.403Z] INFO: Authentication successful for user: admin@example.com
[2025-11-13T20:00:37.404Z] INFO: Questions loaded successfully
[2025-11-13T20:00:37.423Z] INFO: Authentication successful for user: admin@example.com
[2025-11-13T20:00:37.424Z] INFO: Questions loaded successfully
[2025-11-13T20:00:37.443Z] INFO: Authentication successful for user: admin@example.com
[2025-11-13T20:00:37.444Z] INFO: Questions loaded successfully
[2025-11-13T20:00:37.466Z] INFO: Authentication successful for user: admin@example.com
[2025-11-13T20:00:37.467Z] INFO: Questions loaded successfully
[2025-11-13T20:00:37.487Z] INFO: Authentication successful for user: admin@example.com
[2025-11-13T20:00:37.488Z] INFO: Questions loaded successfully
[2025-11-13T20:00:37.509Z] INFO: Authentication successful for user: admin@example.com
[2025-11-13T20:00:37.510Z] INFO: Questions loaded successfully
[2025-11-13T20:00:37.531Z] INFO: Authentication successful for user: admin@example.com
[2025-11-13T20:00:37.532Z] INFO: Questions loaded successfully
[2025-11-13T20:00:37.553Z] INFO: Authentication successful for user: admin@example.com
[2025-11-13T20:00:37.554Z] INFO: Questions loaded successfully
[2025-11-13T20:00:37.573Z] INFO: Authentication successful for user: admin@example.com
[2025-11-13T20:00:37.574Z] INFO: Questions loaded successfully
[2025-11-13T20:00:37.593Z] INFO: Authentication successful for user: admin@example.com
[2025-11-13T20:00:37.594Z] INFO: Questions loaded successfully
[2025-11-13T20:00:37.615Z] INFO: Authentication successful for user: admin@example.com
[2025-11-13T20:00:37.617Z] INFO: Questions loaded successfully
[2025-11-13T20:00:37.635Z] INFO: Authentication successful for user: admin@example.com
[2025-11-13T20:00:37.636Z] INFO: Questions loaded successfully
[2025-11-13T20:00:37.658Z] INFO: Authentication successful for user: admin@example.com
[2025-11-13T20:00:37.659Z] INFO: Questions loaded successfully
[2025-11-13T20:00:37.684Z] INFO: Authentication successful for user: admin@example.com
[2025-11-13T20:00:37.685Z] INFO: Questions loaded successfully
[2025-11-13T20:00:37.703Z] INFO: Authentication successful for user: admin@example.com
[2025-11-13T20:00:37.704Z] INFO: Questions loaded successfully
[2025-11-13T20:00:37.723Z] INFO: Authentication successful for user: admin@example.com
[2025-11-13T20:00:37.724Z] INFO: Questions loaded successfully
[2025-11-13T20:00:37.744Z] INFO: Authentication successful for user: admin@example.com
[2025-11-13T20:00:37.745Z] INFO: Questions loaded successfully
[2025-11-13T20:00:37.759Z] INFO: Authentication successful for user: admin@example.com
[2025-11-13T20:00:37.760Z] INFO: Questions loaded successfully
[2025-11-13T20:00:37.783Z] INFO: Authentication successful for user: admin@example.com
[2025-11-13T20:00:37.784Z] INFO: Questions loaded successfully
[2025-11-13T20:00:37.802Z] INFO: Authentication successful for user: admin@example.com
[2025-11-13T20:00:37.803Z] INFO: Questions loaded successfully
[2025-11-13T20:00:37.824Z] INFO: Authentication successful for user: admin@example.com
[2025-11-13T20:00:37.825Z] INFO: Questions loaded successfully
[2025-11-13T20:00:37.843Z] INFO: Authentication successful for user: admin@example.com
[2025-11-13T20:00:37.843Z] INFO: Questions loaded successfully
[2025-11-13T20:00:37.863Z] INFO: Authentication successful for user: admin@example.com
[2025-11-13T20:00:37.864Z] INFO: Questions loaded successfully
[2025-11-13T20:00:37.883Z] INFO: Authentication successful for user: admin@example.com
[2025-11-13T20:00:37.883Z] INFO: Questions loaded successfully
[2025-11-13T20:00:37.898Z] INFO: Authentication successful for user: admin@example.com
[2025-11-13T20:00:37.899Z] INFO: Questions loaded successfully
[2025-11-13T20:00:37.919Z] INFO: Authentication successful for user: admin@example.com
[2025-11-13T20:00:37.920Z] INFO: Questions loaded successfully
[2025-11-13T20:00:37.935Z] INFO: Authentication successful for user: admin@example.com
[2025-11-13T20:00:37.936Z] INFO: Questions loaded successfully
[2025-11-13T20:00:37.953Z] INFO: Authentication successful for user: admin@example.com
[2025-11-13T20:00:37.954Z] INFO: Questions loaded successfully
[2025-11-13T20:00:37.971Z] INFO: Authentication successful for user: admin@example.com
[2025-11-13T20:00:37.972Z] INFO: Questions loaded successfully
[2025-11-13T20:00:37.990Z] INFO: Authentication successful for user: admin@example.com
[2025-11-13T20:00:37.991Z] INFO: Questions loaded successfully
[2025-11-13T20:00:38.010Z] INFO: Authentication successful for user: admin@example.com
[2025-11-13T20:00:38.011Z] INFO: Questions loaded successfully
[2025-11-13T20:00:38.029Z] INFO: Authentication successful for user: admin@example.com
[2025-11-13T20:00:38.030Z] INFO: Questions loaded successfully
[2025-11-13T20:00:38.047Z] INFO: Authentication successful for user: admin@example.com
[2025-11-13T20:00:38.047Z] INFO: Questions loaded successfully
[2025-11-13T20:00:38.067Z] INFO: Authentication successful for user: admin@example.com
[2025-11-13T20:00:38.068Z] INFO: Questions loaded successfully
[2025-11-13T20:00:38.084Z] INFO: Authentication successful for user: admin@example.com
[2025-11-13T20:00:38.085Z] INFO: Questions loaded successfully
[2025-11-13T20:00:38.100Z] INFO: Authentication successful for user: admin@example.com
[2025-11-13T20:00:38.101Z] INFO: Questions loaded successfully
[2025-11-13T20:00:38.127Z] INFO: Authentication successful for user: admin@example.com
[2025-11-13T20:00:38.128Z] INFO: Questions loaded successfully
[2025-11-13T20:00:38.141Z] INFO: Authentication successful for user: admin@example.com
[2025-11-13T20:00:38.142Z] INFO: Questions loaded successfully
[2025-11-13T20:00:38.163Z] INFO: Authentication successful for user: admin@example.com
[2025-11-13T20:00:38.164Z] INFO: Questions loaded successfully
[2025-11-13T20:00:38.184Z] INFO: Authentication successful for user: admin@example.com
[2025-11-13T20:00:38.185Z] INFO: Questions loaded successfully
[2025-11-13T20:00:38.206Z] INFO: Authentication successful for user: admin@example.com
[2025-11-13T20:00:38.207Z] INFO: Questions loaded successfully
[2025-11-13T20:00:38.226Z] INFO: Authentication successful for user: admin@example.com
[2025-11-13T20:00:38.227Z] INFO: Questions loaded successfully
[2025-11-13T20:00:38.246Z] INFO: Authentication successful for user: admin@example.com
[2025-11-13T20:00:38.247Z] INFO: Questions loaded successfully
[2025-11-13T20:00:38.266Z] INFO: Authentication successful for user: admin@example.com
[2025-11-13T20:00:38.267Z] INFO: Questions loaded successfully
[2025-11-13T20:00:38.287Z] INFO: Authentication successful for user: admin@example.com
[2025-11-13T20:00:38.288Z] INFO: Questions loaded successfully
[2025-11-13T20:00:38.313Z] INFO: Authentication successful for user: admin@example.com
[2025-11-13T20:00:38.314Z] INFO: Questions loaded successfully
[2025-11-13T20:00:38.341Z] INFO: Authentication successful for user: admin@example.com
[2025-11-13T20:00:38.342Z] INFO: Questions loaded successfully
[2025-11-13T20:00:38.361Z] INFO: Authentication successful for user: admin@example.com
[2025-11-13T20:00:38.361Z] INFO: Questions loaded successfully
[2025-11-13T20:00:38.380Z] INFO: Authentication successful for user: admin@example.com
[2025-11-13T20:00:38.380Z] INFO: Questions loaded successfully
[2025-11-13T20:00:38.401Z] INFO: Authentication successful for user: admin@example.com
[2025-11-13T20:00:38.402Z] INFO: Questions loaded successfully
[2025-11-13T20:00:38.420Z] INFO: Authentication successful for user: admin@example.com
[2025-11-13T20:00:38.421Z] INFO: Questions loaded successfully
[2025-11-13T20:00:38.439Z] INFO: Authentication successful for user: admin@example.com
[2025-11-13T20:00:38.440Z] INFO: Questions loaded successfully
[2025-11-13T20:00:38.460Z] INFO: Authentication successful for user: admin@example.com
[2025-11-13T20:00:38.461Z] INFO: Questions loaded successfully
[2025-11-13T20:00:38.478Z] INFO: Authentication successful for user: admin@example.com
[2025-11-13T20:00:38.479Z] INFO: Questions loaded successfully
[2025-11-13T20:00:38.499Z] INFO: Authentication successful for user: admin@example.com
[2025-11-13T20:00:38.500Z] INFO: Questions loaded successfully
[2025-11-13T20:00:38.527Z] INFO: Authentication successful for user: admin@example.com
[2025-11-13T20:00:38.528Z] INFO: Questions loaded successfully
[2025-11-13T20:00:38.548Z] INFO: Authentication successful for user: admin@example.com
[2025-11-13T20:00:38.549Z] INFO: Questions loaded successfully
[2025-11-13T20:00:38.568Z] INFO: Authentication successful for user: admin@example.com
[2025-11-13T20:00:38.569Z] INFO: Questions loaded successfully
[2025-11-13T20:00:38.591Z] INFO: Authentication successful for user: admin@example.com
[2025-11-13T20:00:38.592Z] INFO: Questions loaded successfully
[2025-11-13T20:00:38.613Z] INFO: Authentication successful for user: admin@example.com
[2025-11-13T20:00:38.614Z] INFO: Questions loaded successfully
[2025-11-13T20:00:38.642Z] INFO: Authentication successful for user: admin@example.com
[2025-11-13T20:00:38.643Z] INFO: Questions loaded successfully
[2025-11-13T20:00:38.664Z] INFO: Authentication successful for user: admin@example.com
[2025-11-13T20:00:38.665Z] INFO: Questions loaded successfully
[2025-11-13T20:00:38.685Z] INFO: Authentication successful for user: admin@example.com
[2025-11-13T20:00:38.686Z] INFO: Questions loaded successfully
[2025-11-13T20:00:38.707Z] INFO: Authentication successful for user: admin@example.com
[2025-11-13T20:00:38.708Z] INFO: Questions loaded successfully
[2025-11-13T20:00:38.729Z] INFO: Authentication successful for user: admin@example.com
[2025-11-13T20:00:38.730Z] INFO: Questions loaded successfully
[2025-11-13T20:00:38.757Z] INFO: Authentication successful for user: admin@example.com
[2025-11-13T20:00:38.757Z] INFO: Questions loaded successfully
[2025-11-13T20:00:38.781Z] INFO: Authentication successful for user: admin@example.com
[2025-11-13T20:00:38.782Z] INFO: Questions loaded successfully
[2025-11-13T20:00:38.803Z] INFO: Authentication successful for user: admin@example.com
[2025-11-13T20:00:38.804Z] INFO: Questions loaded successfully
[2025-11-13T20:00:38.831Z] INFO: Authentication successful for user: admin@example.com
[2025-11-13T20:00:38.832Z] INFO: Questions loaded successfully
[2025-11-13T20:00:38.853Z] INFO: Authentication successful for user: admin@example.com
[2025-11-13T20:00:38.854Z] INFO: Questions loaded successfully
[2025-11-13T20:00:38.873Z] INFO: Authentication successful for user: admin@example.com
[2025-11-13T20:00:38.874Z] INFO: Questions loaded successfully
[2025-11-13T20:00:38.902Z] INFO: Authentication successful for user: admin@example.com
[2025-11-13T20:00:38.903Z] INFO: Questions loaded successfully
[2025-11-13T20:00:38.921Z] INFO: Authentication successful for user: admin@example.com
[2025-11-13T20:00:38.922Z] INFO: Questions loaded successfully
[2025-11-13T20:00:38.941Z] INFO: Authentication successful for user: admin@example.com
[2025-11-13T20:00:38.941Z] INFO: Questions loaded successfully
[2025-11-13T20:00:38.961Z] INFO: Authentication successful for user: admin@example.com
[2025-11-13T20:00:38.962Z] INFO: Questions loaded successfully
[2025-11-13T20:00:38.976Z] INFO: Authentication successful for user: admin@example.com
[2025-11-13T20:00:38.977Z] INFO: Questions loaded successfully
[2025-11-13T20:00:38.993Z] INFO: Authentication successful for user: admin@example.com
[2025-11-13T20:00:38.994Z] INFO: Questions loaded successfully
[2025-11-13T20:00:39.015Z] INFO: Authentication successful for user: admin@example.com
[2025-11-13T20:00:39.016Z] INFO: Questions loaded successfully
[2025-11-13T20:00:39.030Z] INFO: Authentication successful for user: admin@example.com
[2025-11-13T20:00:39.031Z] INFO: Questions loaded successfully
[2025-11-13T20:00:39.050Z] INFO: Authentication successful for user: admin@example.com
[2025-11-13T20:00:39.051Z] INFO: Questions loaded successfully
[2025-11-13T20:00:39.072Z] INFO: Authentication successful for user: admin@example.com
[2025-11-13T20:00:39.073Z] INFO: Questions loaded successfully
[2025-11-13T20:00:39.092Z] INFO: Authentication successful for user: admin@example.com
[2025-11-13T20:00:39.094Z] INFO: Questions loaded successfully
[2025-11-13T20:00:39.114Z] INFO: Authentication successful for user: admin@example.com
[2025-11-13T20:00:39.115Z] INFO: Questions loaded successfully
[2025-11-13T20:00:39.135Z] INFO: Authentication successful for user: admin@example.com
[2025-11-13T20:00:39.136Z] INFO: Questions loaded successfully
[2025-11-13T20:00:39.157Z] INFO: Authentication successful for user: admin@example.com
[2025-11-13T20:00:39.158Z] INFO: Questions loaded successfully
[2025-11-13T20:00:39.175Z] INFO: Authentication successful for user: admin@example.com
[2025-11-13T20:00:39.176Z] INFO: Questions loaded successfully
[2025-11-13T20:00:39.198Z] INFO: Authentication successful for user: admin@example.com
[2025-11-13T20:00:39.199Z] INFO: Questions loaded successfully
[2025-11-13T20:00:39.218Z] INFO: Authentication successful for user: admin@example.com
[2025-11-13T20:00:39.219Z] INFO: Questions loaded successfully
[2025-11-13T20:00:39.240Z] INFO: Authentication successful for user: admin@example.com
[2025-11-13T20:00:39.241Z] INFO: Questions loaded successfully
[2025-11-13T20:00:39.257Z] INFO: Authentication successful for user: admin@example.com
[2025-11-13T20:00:39.258Z] INFO: Questions loaded successfully
[2025-11-13T20:00:39.279Z] INFO: Authentication successful for user: admin@example.com
[2025-11-13T20:00:39.280Z] INFO: Questions loaded successfully
[2025-11-13T20:00:39.301Z] INFO: Authentication successful for user: admin@example.com
[2025-11-13T20:00:39.302Z] INFO: Questions loaded successfully
[2025-11-13T20:00:39.320Z] INFO: Authentication successful for user: admin@example.com
[2025-11-13T20:00:39.321Z] INFO: Questions loaded successfully
[2025-11-13T20:00:39.340Z] INFO: Authentication successful for user: admin@example.com
[2025-11-13T20:00:39.341Z] INFO: Questions loaded successfully
[2025-11-13T20:00:39.364Z] INFO: Authentication successful for user: admin@example.com
[2025-11-13T20:00:39.365Z] INFO: Questions loaded successfully
[2025-11-13T20:00:39.385Z] INFO: Authentication successful for user: admin@example.com
[2025-11-13T20:00:39.386Z] INFO: Questions loaded successfully
[2025-11-13T20:00:39.402Z] INFO: Authentication successful for user: admin@example.com
[2025-11-13T20:00:39.402Z] INFO: Questions loaded successfully
[2025-11-13T20:00:39.420Z] INFO: Authentication successful for user: admin@example.com
[2025-11-13T20:00:39.421Z] INFO: Questions loaded successfully
[2025-11-13T20:00:39.443Z] INFO: Authentication successful for user: admin@example.com
[2025-11-13T20:00:39.444Z] INFO: Questions loaded successfully
[2025-11-13T20:00:39.461Z] INFO: Authentication successful for user: admin@example.com
[2025-11-13T20:00:39.462Z] INFO: Questions loaded successfully
[2025-11-13T20:00:39.481Z] INFO: Authentication successful for user: admin@example.com
[2025-11-13T20:00:39.482Z] INFO: Questions loaded successfully
[2025-11-13T20:00:39.502Z] INFO: Authentication successful for user: admin@example.com
[2025-11-13T20:00:39.503Z] INFO: Questions loaded successfully
[2025-11-13T20:00:39.522Z] INFO: Authentication successful for user: admin@example.com
[2025-11-13T20:00:39.522Z] INFO: Questions loaded successfully
[2025-11-13T20:00:39.542Z] INFO: Authentication successful for user: admin@example.com
[2025-11-13T20:00:39.543Z] INFO: Questions loaded successfully
[2025-11-13T20:00:39.565Z] INFO: Authentication successful for user: admin@example.com
[2025-11-13T20:00:39.566Z] INFO: Questions loaded successfully
[2025-11-13T20:00:39.580Z] INFO: Authentication successful for user: admin@example.com
[2025-11-13T20:00:39.581Z] INFO: Questions loaded successfully
[2025-11-13T20:00:39.602Z] INFO: Authentication successful for user: admin@example.com
[2025-11-13T20:00:39.603Z] INFO: Questions loaded successfully
[2025-11-13T20:00:39.624Z] INFO: Authentication successful for user: admin@example.com
[2025-11-13T20:00:39.625Z] INFO: Questions loaded successfully
[2025-11-13T20:00:39.647Z] INFO: Authentication successful for user: admin@example.com
[2025-11-13T20:00:39.648Z] INFO: Questions loaded successfully
[2025-11-13T20:00:39.676Z] INFO: Authentication successful for user: admin@example.com
[2025-11-13T20:00:39.677Z] INFO: Questions loaded successfully
[2025-11-13T20:00:39.698Z] INFO: Authentication successful for user: admin@example.com
[2025-11-13T20:00:39.699Z] INFO: Questions loaded successfully
[2025-11-13T20:00:39.719Z] INFO: Authentication successful for user: admin@example.com
[2025-11-13T20:00:39.720Z] INFO: Questions loaded successfully
[2025-11-13T20:00:39.738Z] INFO: Authentication successful for user: admin@example.com
[2025-11-13T20:00:39.739Z] INFO: Questions loaded successfully
[2025-11-13T20:00:39.761Z] INFO: Authentication successful for user: admin@example.com
[2025-11-13T20:00:39.762Z] INFO: Questions loaded successfully
[2025-11-13T20:00:39.785Z] INFO: Authentication successful for user: admin@example.com
[2025-11-13T20:00:39.786Z] INFO: Questions loaded successfully
[2025-11-13T20:00:39.806Z] INFO: Authentication successful for user: admin@example.com
[2025-11-13T20:00:39.807Z] INFO: Questions loaded successfully
[2025-11-13T20:00:39.827Z] INFO: Authentication successful for user: admin@example.com
[2025-11-13T20:00:39.828Z] INFO: Questions loaded successfully
[2025-11-13T20:00:39.848Z] INFO: Authentication successful for user: admin@example.com
[2025-11-13T20:00:39.849Z] INFO: Questions loaded successfully
[2025-11-13T20:00:39.865Z] INFO: Authentication successful for user: admin@example.com
[2025-11-13T20:00:39.866Z] INFO: Questions loaded successfully
[2025-11-13T20:00:39.886Z] INFO: Authentication successful for user: admin@example.com
[2025-11-13T20:00:39.887Z] INFO: Questions loaded successfully
[2025-11-13T20:00:39.908Z] INFO: Authentication successful for user: admin@example.com
[2025-11-13T20:00:39.909Z] INFO: Questions loaded successfully
[2025-11-13T20:00:39.928Z] INFO: Authentication successful for user: admin@example.com
[2025-11-13T20:00:39.929Z] INFO: Questions loaded successfully
[2025-11-13T20:00:39.945Z] INFO: Authentication successful for user: admin@example.com
[2025-11-13T20:00:39.946Z] INFO: Questions loaded successfully
[2025-11-13T20:00:39.968Z] INFO: Authentication successful for user: admin@example.com
[2025-11-13T20:00:39.972Z] INFO: Questions loaded successfully
[2025-11-13T20:00:39.991Z] INFO: Authentication successful for user: admin@example.com
[2025-11-13T20:00:39.992Z] INFO: Questions loaded successfully
[2025-11-13T20:00:40.020Z] INFO: Authentication successful for user: admin@example.com
[2025-11-13T20:00:40.021Z] INFO: Questions loaded successfully
[2025-11-13T20:00:40.036Z] INFO: Authentication successful for user: admin@example.com
[2025-11-13T20:00:40.037Z] INFO: Questions loaded successfully
[2025-11-13T20:00:40.054Z] INFO: Authentication successful for user: admin@example.com
[2025-11-13T20:00:40.055Z] INFO: Questions loaded successfully
[2025-11-13T20:00:40.073Z] INFO: Authentication successful for user: admin@example.com
[2025-11-13T20:00:40.074Z] INFO: Questions loaded successfully
[2025-11-13T20:00:40.096Z] INFO: Authentication successful for user: admin@example.com
[2025-11-13T20:00:40.097Z] INFO: Questions loaded successfully
[2025-11-13T20:00:40.116Z] INFO: Authentication successful for user: admin@example.com
[2025-11-13T20:00:40.116Z] INFO: Questions loaded successfully
[2025-11-13T20:00:40.133Z] INFO: Authentication successful for user: admin@example.com
[2025-11-13T20:00:40.134Z] INFO: Questions loaded successfully
[2025-11-13T20:00:40.151Z] INFO: Authentication successful for user: admin@example.com
[2025-11-13T20:00:40.152Z] INFO: Questions loaded successfully
[2025-11-13T20:00:40.168Z] INFO: Authentication successful for user: admin@example.com
[2025-11-13T20:00:40.168Z] INFO: Questions loaded successfully
[2025-11-13T20:00:40.184Z] INFO: Authentication successful for user: admin@example.com
[2025-11-13T20:00:40.185Z] INFO: Questions loaded successfully
[2025-11-13T20:00:40.206Z] INFO: Authentication successful for user: admin@example.com
[2025-11-13T20:00:40.207Z] INFO: Questions loaded successfully
[2025-11-13T20:00:40.222Z] INFO: Authentication successful for user: admin@example.com
[2025-11-13T20:00:40.223Z] INFO: Questions loaded successfully
[2025-11-13T20:00:40.245Z] INFO: Authentication successful for user: admin@example.com
[2025-11-13T20:00:40.246Z] INFO: Questions loaded successfully
[2025-11-13T20:00:40.263Z] INFO: Authentication successful for user: admin@example.com
[2025-11-13T20:00:40.264Z] INFO: Questions loaded successfully
[2025-11-13T20:00:40.283Z] INFO: Authentication successful for user: admin@example.com
[2025-11-13T20:00:40.284Z] INFO: Questions loaded successfully
[2025-11-13T20:00:40.302Z] INFO: Authentication successful for user: admin@example.com
[2025-11-13T20:00:40.303Z] INFO: Questions loaded successfully
[2025-11-13T20:00:40.320Z] INFO: Authentication successful for user: admin@example.com
[2025-11-13T20:00:40.321Z] INFO: Questions loaded successfully
[2025-11-13T20:00:40.340Z] INFO: Authentication successful for user: admin@example.com
[2025-11-13T20:00:40.341Z] INFO: Questions loaded successfully
[2025-11-13T20:00:40.368Z] INFO: Authentication successful for user: admin@example.com
[2025-11-13T20:00:40.369Z] INFO: Questions loaded successfully
[2025-11-13T20:00:40.388Z] INFO: Authentication successful for user: admin@example.com
[2025-11-13T20:00:40.389Z] INFO: Questions loaded successfully
[2025-11-13T20:00:40.410Z] INFO: Authentication successful for user: admin@example.com
[2025-11-13T20:00:40.411Z] INFO: Questions loaded successfully
[2025-11-13T20:00:40.430Z] INFO: Authentication successful for user: admin@example.com
[2025-11-13T20:00:40.432Z] INFO: Questions loaded successfully
[2025-11-13T20:00:40.451Z] INFO: Authentication successful for user: admin@example.com
[2025-11-13T20:00:40.452Z] INFO: Questions loaded successfully
[2025-11-13T20:00:40.471Z] INFO: Authentication successful for user: admin@example.com
[2025-11-13T20:00:40.472Z] INFO: Questions loaded successfully
[2025-11-13T20:00:40.492Z] INFO: Authentication successful for user: admin@example.com
[2025-11-13T20:00:40.493Z] INFO: Questions loaded successfully
[2025-11-13T20:00:40.513Z] INFO: Authentication successful for user: admin@example.com
[2025-11-13T20:00:40.514Z] INFO: Questions loaded successfully
[2025-11-13T20:00:40.544Z] INFO: Authentication successful for user: admin@example.com
[2025-11-13T20:00:40.545Z] INFO: Questions loaded successfully
[2025-11-13T20:00:40.568Z] INFO: Authentication successful for user: admin@example.com
[2025-11-13T20:00:40.569Z] INFO: Questions loaded successfully
[2025-11-13T20:00:40.590Z] INFO: Authentication successful for user: admin@example.com
[2025-11-13T20:00:40.591Z] INFO: Questions loaded successfully
[2025-11-13T20:00:40.610Z] INFO: Authentication successful for user: admin@example.com
[2025-11-13T20:00:40.612Z] INFO: Questions loaded successfully
[2025-11-13T20:00:40.635Z] INFO: Authentication successful for user: admin@example.com
[2025-11-13T20:00:40.636Z] INFO: Questions loaded successfully
[2025-11-13T20:00:40.655Z] INFO: Authentication successful for user: admin@example.com
[2025-11-13T20:00:40.656Z] INFO: Questions loaded successfully
[2025-11-13T20:00:40.676Z] INFO: Authentication successful for user: admin@example.com
[2025-11-13T20:00:40.677Z] INFO: Questions loaded successfully
[2025-11-13T20:00:40.706Z] INFO: Authentication successful for user: admin@example.com
[2025-11-13T20:00:40.707Z] INFO: Questions loaded successfully
[2025-11-13T20:00:40.728Z] INFO: Authentication successful for user: admin@example.com
[2025-11-13T20:00:40.730Z] INFO: Questions loaded successfully
[2025-11-13T20:00:40.750Z] INFO: Authentication successful for user: admin@example.com
[2025-11-13T20:00:40.751Z] INFO: Questions loaded successfully
[2025-11-13T20:00:40.771Z] INFO: Authentication successful for user: admin@example.com
[2025-11-13T20:00:40.772Z] INFO: Questions loaded successfully
[2025-11-13T20:00:40.806Z] INFO: Authentication successful for user: admin@example.com
[2025-11-13T20:00:40.807Z] INFO: Questions loaded successfully
[2025-11-13T20:00:40.825Z] INFO: Authentication successful for user: admin@example.com
[2025-11-13T20:00:40.826Z] INFO: Questions loaded successfully
[2025-11-13T20:00:40.852Z] INFO: Authentication successful for user: admin@example.com
[2025-11-13T20:00:40.852Z] INFO: Questions loaded successfully
[2025-11-13T20:00:40.872Z] INFO: Authentication successful for user: admin@example.com
[2025-11-13T20:00:40.873Z] INFO: Questions loaded successfully
[2025-11-13T20:00:40.894Z] INFO: Authentication successful for user: admin@example.com
[2025-11-13T20:00:40.895Z] INFO: Questions loaded successfully
[2025-11-13T20:00:40.915Z] INFO: Authentication successful for user: admin@example.com
[2025-11-13T20:00:40.916Z] INFO: Questions loaded successfully
[2025-11-13T20:00:40.937Z] INFO: Authentication successful for user: admin@example.com
[2025-11-13T20:00:40.938Z] INFO: Questions loaded successfully
[2025-11-13T20:00:40.960Z] INFO: Authentication successful for user: admin@example.com
[2025-11-13T20:00:40.961Z] INFO: Questions loaded successfully
[2025-11-13T20:00:40.981Z] INFO: Authentication successful for user: admin@example.com
[2025-11-13T20:00:40.982Z] INFO: Questions loaded successfully
[2025-11-13T20:00:41.003Z] INFO: Authentication successful for user: admin@example.com
[2025-11-13T20:00:41.004Z] INFO: Questions loaded successfully
[2025-11-13T20:00:41.024Z] INFO: Authentication successful for user: admin@example.com
[2025-11-13T20:00:41.025Z] INFO: Questions loaded successfully
[2025-11-13T20:00:41.041Z] INFO: Authentication successful for user: admin@example.com
[2025-11-13T20:00:41.042Z] INFO: Questions loaded successfully
[2025-11-13T20:00:41.063Z] INFO: Authentication successful for user: admin@example.com
[2025-11-13T20:00:41.064Z] INFO: Questions loaded successfully
[2025-11-13T20:00:41.089Z] INFO: Authentication successful for user: admin@example.com
[2025-11-13T20:00:41.090Z] INFO: Questions loaded successfully
[2025-11-13T20:00:41.109Z] INFO: Authentication successful for user: admin@example.com
[2025-11-13T20:00:41.110Z] INFO: Questions loaded successfully
[2025-11-13T20:00:41.128Z] INFO: Authentication successful for user: admin@example.com
[2025-11-13T20:00:41.129Z] INFO: Questions loaded successfully
[2025-11-13T20:00:41.150Z] INFO: Authentication successful for user: admin@example.com
[2025-11-13T20:00:41.151Z] INFO: Questions loaded successfully
[2025-11-13T20:00:41.178Z] INFO: Authentication successful for user: admin@example.com
[2025-11-13T20:00:41.179Z] INFO: Questions loaded successfully
[2025-11-13T20:00:41.199Z] INFO: Authentication successful for user: admin@example.com
[2025-11-13T20:00:41.200Z] INFO: Questions loaded successfully
[2025-11-13T20:00:41.230Z] INFO: Authentication successful for user: admin@example.com
[2025-11-13T20:00:41.231Z] INFO: Questions loaded successfully
[2025-11-13T20:00:41.253Z] INFO: Authentication successful for user: admin@example.com
[2025-11-13T20:00:41.254Z] INFO: Questions loaded successfully
[2025-11-13T20:00:41.278Z] INFO: Authentication successful for user: admin@example.com
[2025-11-13T20:00:41.280Z] INFO: Questions loaded successfully
[2025-11-13T20:00:41.306Z] INFO: Authentication successful for user: admin@example.com
[2025-11-13T20:00:41.308Z] INFO: Questions loaded successfully
[2025-11-13T20:00:41.336Z] INFO: Authentication successful for user: admin@example.com
[2025-11-13T20:00:41.337Z] INFO: Questions loaded successfully
[2025-11-13T20:00:41.353Z] INFO: Authentication successful for user: admin@example.com
[2025-11-13T20:00:41.354Z] INFO: Questions loaded successfully
[2025-11-13T20:00:41.384Z] INFO: Authentication successful for user: admin@example.com
[2025-11-13T20:00:41.385Z] INFO: Questions loaded successfully
[2025-11-13T20:00:41.406Z] INFO: Authentication successful for user: admin@example.com
[2025-11-13T20:00:41.407Z] INFO: Questions loaded successfully
[2025-11-13T20:00:41.430Z] INFO: Authentication successful for user: admin@example.com
[2025-11-13T20:00:41.431Z] INFO: Questions loaded successfully
[2025-11-13T20:00:41.452Z] INFO: Authentication successful for user: admin@example.com
[2025-11-13T20:00:41.453Z] INFO: Questions loaded successfully
[2025-11-13T20:00:41.472Z] INFO: Authentication successful for user: admin@example.com
[2025-11-13T20:00:41.476Z] INFO: Questions loaded successfully
[2025-11-13T20:00:41.498Z] INFO: Authentication successful for user: admin@example.com
[2025-11-13T20:00:41.499Z] INFO: Questions loaded successfully
[2025-11-13T20:00:41.522Z] INFO: Authentication successful for user: admin@example.com
[2025-11-13T20:00:41.523Z] INFO: Questions loaded successfully
[2025-11-13T20:00:41.545Z] INFO: Authentication successful for user: admin@example.com
[2025-11-13T20:00:41.546Z] INFO: Questions loaded successfully
[2025-11-13T20:00:41.566Z] INFO: Authentication successful for user: admin@example.com
[2025-11-13T20:00:41.567Z] INFO: Questions loaded successfully
[2025-11-13T20:00:41.587Z] INFO: Authentication successful for user: admin@example.com
[2025-11-13T20:00:41.588Z] INFO: Questions loaded successfully
[2025-11-13T20:00:41.621Z] INFO: Authentication successful for user: admin@example.com
[2025-11-13T20:00:41.621Z] INFO: Questions loaded successfully
[2025-11-13T20:00:41.640Z] INFO: Authentication successful for user: admin@example.com
[2025-11-13T20:00:41.641Z] INFO: Questions loaded successfully
[2025-11-13T20:00:41.668Z] INFO: Authentication successful for user: admin@example.com
[2025-11-13T20:00:41.669Z] INFO: Questions loaded successfully
[2025-11-13T20:00:41.687Z] INFO: Authentication successful for user: admin@example.com
[2025-11-13T20:00:41.688Z] INFO: Questions loaded successfully
[2025-11-13T20:00:41.710Z] INFO: Authentication successful for user: admin@example.com
[2025-11-13T20:00:41.711Z] INFO: Questions loaded successfully
[2025-11-13T20:00:41.731Z] INFO: Authentication successful for user: admin@example.com
[2025-11-13T20:00:41.732Z] INFO: Questions loaded successfully
[2025-11-13T20:00:41.750Z] INFO: Authentication successful for user: admin@example.com
[2025-11-13T20:00:41.751Z] INFO: Questions loaded successfully
[2025-11-13T20:00:41.778Z] INFO: Authentication successful for user: admin@example.com
[2025-11-13T20:00:41.779Z] INFO: Questions loaded successfully
[2025-11-13T20:00:41.801Z] INFO: Authentication successful for user: admin@example.com
[2025-11-13T20:00:41.802Z] INFO: Questions loaded successfully
[2025-11-13T20:00:41.823Z] INFO: Authentication successful for user: admin@example.com
[2025-11-13T20:00:41.824Z] INFO: Questions loaded successfully
[2025-11-13T20:00:41.849Z] INFO: Authentication successful for user: admin@example.com
[2025-11-13T20:00:41.850Z] INFO: Questions loaded successfully
[2025-11-13T20:00:41.868Z] INFO: Authentication successful for user: admin@example.com
[2025-11-13T20:00:41.869Z] INFO: Questions loaded successfully
[2025-11-13T20:00:41.892Z] INFO: Authentication successful for user: admin@example.com
[2025-11-13T20:00:41.893Z] INFO: Questions loaded successfully
[2025-11-13T20:00:41.911Z] INFO: Authentication successful for user: admin@example.com
[2025-11-13T20:00:41.912Z] INFO: Questions loaded successfully
[2025-11-13T20:00:41.929Z] INFO: Authentication successful for user: admin@example.com
[2025-11-13T20:00:41.930Z] INFO: Questions loaded successfully
[2025-11-13T20:00:41.952Z] INFO: Authentication successful for user: admin@example.com
[2025-11-13T20:00:41.953Z] INFO: Questions loaded successfully
[2025-11-13T20:00:41.968Z] INFO: Authentication successful for user: admin@example.com
[2025-11-13T20:00:41.969Z] INFO: Questions loaded successfully
[2025-11-13T20:00:41.988Z] INFO: Authentication successful for user: admin@example.com
[2025-11-13T20:00:41.989Z] INFO: Questions loaded successfully
[2025-11-13T20:00:42.012Z] INFO: Authentication successful for user: admin@example.com
[2025-11-13T20:00:42.012Z] INFO: Questions loaded successfully
[2025-11-13T20:00:42.029Z] INFO: Authentication successful for user: admin@example.com
[2025-11-13T20:00:42.031Z] INFO: Questions loaded successfully
[2025-11-13T20:00:42.049Z] INFO: Authentication successful for user: admin@example.com
[2025-11-13T20:00:42.050Z] INFO: Questions loaded successfully
[2025-11-13T20:00:42.067Z] INFO: Authentication successful for user: admin@example.com
[2025-11-13T20:00:42.068Z] INFO: Questions loaded successfully
[2025-11-13T20:00:42.091Z] INFO: Authentication successful for user: admin@example.com
[2025-11-13T20:00:42.092Z] INFO: Questions loaded successfully
[2025-11-13T20:00:42.109Z] INFO: Authentication successful for user: admin@example.com
[2025-11-13T20:00:42.110Z] INFO: Questions loaded successfully
[2025-11-13T20:00:42.129Z] INFO: Authentication successful for user: admin@example.com
[2025-11-13T20:00:42.130Z] INFO: Questions loaded successfully
[2025-11-13T20:00:42.148Z] INFO: Authentication successful for user: admin@example.com
[2025-11-13T20:00:42.149Z] INFO: Questions loaded successfully
[2025-11-13T20:00:42.165Z] INFO: Authentication successful for user: admin@example.com
[2025-11-13T20:00:42.166Z] INFO: Questions loaded successfully
[2025-11-13T20:00:42.181Z] INFO: Authentication successful for user: admin@example.com
[2025-11-13T20:00:42.181Z] INFO: Questions loaded successfully
[2025-11-13T20:00:42.199Z] INFO: Authentication successful for user: admin@example.com
[2025-11-13T20:00:42.200Z] INFO: Questions loaded successfully
[2025-11-13T20:00:42.223Z] INFO: Authentication successful for user: admin@example.com
[2025-11-13T20:00:42.223Z] INFO: Questions loaded successfully
[2025-11-13T20:00:42.238Z] INFO: Authentication successful for user: admin@example.com
[2025-11-13T20:00:42.239Z] INFO: Questions loaded successfully
[2025-11-13T20:00:42.261Z] INFO: Authentication successful for user: admin@example.com
[2025-11-13T20:00:42.262Z] INFO: Questions loaded successfully
[2025-11-13T20:00:42.278Z] INFO: Authentication successful for user: admin@example.com
[2025-11-13T20:00:42.279Z] INFO: Questions loaded successfully
[2025-11-13T20:00:42.297Z] INFO: Authentication successful for user: admin@example.com
[2025-11-13T20:00:42.298Z] INFO: Questions loaded successfully
[2025-11-13T20:00:42.322Z] INFO: Authentication successful for user: admin@example.com
[2025-11-13T20:00:42.323Z] INFO: Questions loaded successfully
[2025-11-13T20:00:42.344Z] INFO: Authentication successful for user: admin@example.com
[2025-11-13T20:00:42.345Z] INFO: Questions loaded successfully
[2025-11-13T20:00:42.371Z] INFO: Authentication successful for user: admin@example.com
[2025-11-13T20:00:42.373Z] INFO: Questions loaded successfully
[2025-11-13T20:00:42.397Z] INFO: Authentication successful for user: admin@example.com
[2025-11-13T20:00:42.398Z] INFO: Questions loaded successfully
[2025-11-13T20:00:42.419Z] INFO: Authentication successful for user: admin@example.com
[2025-11-13T20:00:42.420Z] INFO: Questions loaded successfully
[2025-11-13T20:00:42.439Z] INFO: Authentication successful for user: admin@example.com
[2025-11-13T20:00:42.440Z] INFO: Questions loaded successfully
[2025-11-13T20:00:42.459Z] INFO: Authentication successful for user: admin@example.com
[2025-11-13T20:00:42.460Z] INFO: Questions loaded successfully
[2025-11-13T20:00:42.482Z] INFO: Authentication successful for user: admin@example.com
[2025-11-13T20:00:42.483Z] INFO: Questions loaded successfully
[2025-11-13T20:00:42.505Z] INFO: Authentication successful for user: admin@example.com
[2025-11-13T20:00:42.506Z] INFO: Questions loaded successfully
[2025-11-13T20:00:42.530Z] INFO: Authentication successful for user: admin@example.com
[2025-11-13T20:00:42.531Z] INFO: Questions loaded successfully
[2025-11-13T20:00:42.552Z] INFO: Authentication successful for user: admin@example.com
[2025-11-13T20:00:42.553Z] INFO: Questions loaded successfully
[2025-11-13T20:00:42.579Z] INFO: Authentication successful for user: admin@example.com
[2025-11-13T20:00:42.580Z] INFO: Questions loaded successfully
[2025-11-13T20:00:42.601Z] INFO: Authentication successful for user: admin@example.com
[2025-11-13T20:00:42.602Z] INFO: Questions loaded successfully
[2025-11-13T20:00:42.628Z] INFO: Authentication successful for user: admin@example.com
[2025-11-13T20:00:42.629Z] INFO: Questions loaded successfully
[2025-11-13T20:00:42.646Z] INFO: Authentication successful for user: admin@example.com
[2025-11-13T20:00:42.647Z] INFO: Questions loaded successfully
[2025-11-13T20:00:42.662Z] INFO: Authentication successful for user: admin@example.com
[2025-11-13T20:00:42.663Z] INFO: Questions loaded successfully
[2025-11-13T20:00:42.681Z] INFO: Authentication successful for user: admin@example.com
[2025-11-13T20:00:42.682Z] INFO: Questions loaded successfully
[2025-11-13T20:00:42.698Z] INFO: Authentication successful for user: admin@example.com
[2025-11-13T20:00:42.699Z] INFO: Questions loaded successfully
[2025-11-13T20:00:42.715Z] INFO: Authentication successful for user: admin@example.com
[2025-11-13T20:00:42.716Z] INFO: Questions loaded successfully
[2025-11-13T20:00:42.729Z] INFO: Authentication successful for user: admin@example.com
[2025-11-13T20:00:42.730Z] INFO: Questions loaded successfully
[2025-11-13T20:00:42.751Z] INFO: Authentication successful for user: admin@example.com
[2025-11-13T20:00:42.751Z] INFO: Questions loaded successfully
[2025-11-13T20:00:42.769Z] INFO: Authentication successful for user: admin@example.com
[2025-11-13T20:00:42.770Z] INFO: Questions loaded successfully
[2025-11-13T20:00:42.787Z] INFO: Authentication successful for user: admin@example.com
[2025-11-13T20:00:42.788Z] INFO: Questions loaded successfully
[2025-11-13T20:00:42.802Z] INFO: Authentication successful for user: admin@example.com
[2025-11-13T20:00:42.802Z] INFO: Questions loaded successfully
[2025-11-13T20:00:42.827Z] INFO: Authentication successful for user: admin@example.com
[2025-11-13T20:00:42.828Z] INFO: Questions loaded successfully
[2025-11-13T20:00:42.849Z] INFO: Authentication successful for user: admin@example.com
[2025-11-13T20:00:42.850Z] INFO: Questions loaded successfully
[2025-11-13T20:00:42.867Z] INFO: Authentication successful for user: admin@example.com
[2025-11-13T20:00:42.868Z] INFO: Questions loaded successfully
[2025-11-13T20:00:42.888Z] INFO: Authentication successful for user: admin@example.com
[2025-11-13T20:00:42.889Z] INFO: Questions loaded successfully
[2025-11-13T20:00:42.905Z] INFO: Authentication successful for user: admin@example.com
[2025-11-13T20:00:42.906Z] INFO: Questions loaded successfully
[2025-11-13T20:00:42.921Z] INFO: Authentication successful for user: admin@example.com
[2025-11-13T20:00:42.922Z] INFO: Questions loaded successfully
[2025-11-13T20:00:42.955Z] INFO: Authentication successful for user: admin@example.com
[2025-11-13T20:00:42.956Z] INFO: Questions loaded successfully
[2025-11-13T20:00:42.976Z] INFO: Authentication successful for user: admin@example.com
[2025-11-13T20:00:42.977Z] INFO: Questions loaded successfully
[2025-11-13T20:00:42.995Z] INFO: Authentication successful for user: admin@example.com
[2025-11-13T20:00:42.996Z] INFO: Questions loaded successfully
[2025-11-13T20:00:43.017Z] INFO: Authentication successful for user: admin@example.com
[2025-11-13T20:00:43.018Z] INFO: Questions loaded successfully
[2025-11-13T20:00:43.036Z] INFO: Authentication successful for user: admin@example.com
[2025-11-13T20:00:43.037Z] INFO: Questions loaded successfully
[2025-11-13T20:00:43.068Z] INFO: Authentication successful for user: admin@example.com
[2025-11-13T20:00:43.068Z] INFO: Questions loaded successfully
[2025-11-13T20:00:43.087Z] INFO: Authentication successful for user: admin@example.com
[2025-11-13T20:00:43.088Z] INFO: Questions loaded successfully
[2025-11-13T20:00:43.124Z] INFO: Authentication successful for user: admin@example.com
[2025-11-13T20:00:43.125Z] INFO: Questions loaded successfully
[2025-11-13T20:00:43.145Z] INFO: Authentication successful for user: admin@example.com
[2025-11-13T20:00:43.146Z] INFO: Questions loaded successfully
[2025-11-13T20:00:43.166Z] INFO: Authentication successful for user: admin@example.com
[2025-11-13T20:00:43.167Z] INFO: Questions loaded successfully
[2025-11-13T20:00:43.189Z] INFO: Authentication successful for user: admin@example.com
[2025-11-13T20:00:43.190Z] INFO: Questions loaded successfully
[2025-11-13T20:00:43.221Z] INFO: Authentication successful for user: admin@example.com
[2025-11-13T20:00:43.222Z] INFO: Questions loaded successfully
[2025-11-13T20:00:43.244Z] INFO: Authentication successful for user: admin@example.com
[2025-11-13T20:00:43.245Z] INFO: Questions loaded successfully
[2025-11-13T20:00:43.264Z] INFO: Authentication successful for user: admin@example.com
[2025-11-13T20:00:43.265Z] INFO: Questions loaded successfully
[2025-11-13T20:00:43.283Z] INFO: Authentication successful for user: admin@example.com
[2025-11-13T20:00:43.284Z] INFO: Questions loaded successfully
[2025-11-13T20:00:43.303Z] INFO: Authentication successful for user: admin@example.com
[2025-11-13T20:00:43.304Z] INFO: Questions loaded successfully
[2025-11-13T20:00:43.320Z] INFO: Authentication successful for user: admin@example.com
[2025-11-13T20:00:43.321Z] INFO: Questions loaded successfully
[2025-11-13T20:00:43.341Z] INFO: Authentication successful for user: admin@example.com
[2025-11-13T20:00:43.342Z] INFO: Questions loaded successfully
[2025-11-13T20:00:43.357Z] INFO: Authentication successful for user: admin@example.com
[2025-11-13T20:00:43.358Z] INFO: Questions loaded successfully
[2025-11-13T20:00:43.379Z] INFO: Authentication successful for user: admin@example.com
[2025-11-13T20:00:43.380Z] INFO: Questions loaded successfully
[2025-11-13T20:00:43.400Z] INFO: Authentication successful for user: admin@example.com
[2025-11-13T20:00:43.400Z] INFO: Questions loaded successfully
[2025-11-13T20:00:43.418Z] INFO: Authentication successful for user: admin@example.com
[2025-11-13T20:00:43.420Z] INFO: Questions loaded successfully
[2025-11-13T20:00:43.440Z] INFO: Authentication successful for user: admin@example.com
[2025-11-13T20:00:43.442Z] INFO: Questions loaded successfully
[2025-11-13T20:00:43.458Z] INFO: Authentication successful for user: admin@example.com
[2025-11-13T20:00:43.459Z] INFO: Questions loaded successfully
[2025-11-13T20:00:43.483Z] INFO: Authentication successful for user: admin@example.com
[2025-11-13T20:00:43.484Z] INFO: Questions loaded successfully
[2025-11-13T20:00:43.500Z] INFO: Authentication successful for user: admin@example.com
[2025-11-13T20:00:43.501Z] INFO: Questions loaded successfully
[2025-11-13T20:00:43.522Z] INFO: Authentication successful for user: admin@example.com
[2025-11-13T20:00:43.523Z] INFO: Questions loaded successfully
[2025-11-13T20:00:43.543Z] INFO: Authentication successful for user: admin@example.com
[2025-11-13T20:00:43.544Z] INFO: Questions loaded successfully
[2025-11-13T20:00:43.564Z] INFO: Authentication successful for user: admin@example.com
[2025-11-13T20:00:43.565Z] INFO: Questions loaded successfully
[2025-11-13T20:00:43.584Z] INFO: Authentication successful for user: admin@example.com
[2025-11-13T20:00:43.585Z] INFO: Questions loaded successfully
[2025-11-13T20:00:43.611Z] INFO: Authentication successful for user: admin@example.com
[2025-11-13T20:00:43.612Z] INFO: Questions loaded successfully
[2025-11-13T20:00:43.633Z] INFO: Authentication successful for user: admin@example.com
[2025-11-13T20:00:43.634Z] INFO: Questions loaded successfully
[2025-11-13T20:00:43.654Z] INFO: Authentication successful for user: admin@example.com
[2025-11-13T20:00:43.655Z] INFO: Questions loaded successfully
[2025-11-13T20:00:43.677Z] INFO: Authentication successful for user: admin@example.com
[2025-11-13T20:00:43.678Z] INFO: Questions loaded successfully
[2025-11-13T20:00:43.697Z] INFO: Authentication successful for user: admin@example.com
[2025-11-13T20:00:43.698Z] INFO: Questions loaded successfully
[2025-11-13T20:00:43.719Z] INFO: Authentication successful for user: admin@example.com
[2025-11-13T20:00:43.720Z] INFO: Questions loaded successfully
[2025-11-13T20:00:43.741Z] INFO: Authentication successful for user: admin@example.com
[2025-11-13T20:00:43.742Z] INFO: Questions loaded successfully
[2025-11-13T20:00:43.756Z] INFO: Authentication successful for user: admin@example.com
[2025-11-13T20:00:43.757Z] INFO: Questions loaded successfully
[2025-11-13T20:00:43.776Z] INFO: Authentication successful for user: admin@example.com
[2025-11-13T20:00:43.777Z] INFO: Questions loaded successfully
[2025-11-13T20:00:43.797Z] INFO: Authentication successful for user: admin@example.com
[2025-11-13T20:00:43.798Z] INFO: Questions loaded successfully
[2025-11-13T20:00:43.822Z] INFO: Authentication successful for user: admin@example.com
[2025-11-13T20:00:43.823Z] INFO: Questions loaded successfully
[2025-11-13T20:00:43.846Z] INFO: Authentication successful for user: admin@example.com
[2025-11-13T20:00:43.847Z] INFO: Questions loaded successfully
[2025-11-13T20:00:43.867Z] INFO: Authentication successful for user: admin@example.com
[2025-11-13T20:00:43.868Z] INFO: Questions loaded successfully
[2025-11-13T20:00:43.901Z] INFO: Authentication successful for user: admin@example.com
[2025-11-13T20:00:43.904Z] INFO: Questions loaded successfully
[2025-11-13T20:00:43.928Z] INFO: Authentication successful for user: admin@example.com
[2025-11-13T20:00:43.929Z] INFO: Questions loaded successfully
[2025-11-13T20:00:43.954Z] INFO: Authentication successful for user: admin@example.com
[2025-11-13T20:00:43.956Z] INFO: Questions loaded successfully
[2025-11-13T20:00:43.976Z] INFO: Authentication successful for user: admin@example.com
[2025-11-13T20:00:43.977Z] INFO: Questions loaded successfully
[2025-11-13T20:00:43.996Z] INFO: Authentication successful for user: admin@example.com
[2025-11-13T20:00:43.997Z] INFO: Questions loaded successfully
[2025-11-13T20:00:44.020Z] INFO: Authentication successful for user: admin@example.com
[2025-11-13T20:00:44.021Z] INFO: Questions loaded successfully
[2025-11-13T20:00:44.047Z] INFO: Authentication successful for user: admin@example.com
[2025-11-13T20:00:44.048Z] INFO: Questions loaded successfully
[2025-11-13T20:00:44.070Z] INFO: Authentication successful for user: admin@example.com
[2025-11-13T20:00:44.071Z] INFO: Questions loaded successfully
[2025-11-13T20:00:44.094Z] INFO: Authentication successful for user: admin@example.com
[2025-11-13T20:00:44.095Z] INFO: Questions loaded successfully
[2025-11-13T20:00:44.115Z] INFO: Authentication successful for user: admin@example.com
[2025-11-13T20:00:44.116Z] INFO: Questions loaded successfully
[2025-11-13T20:00:44.138Z] INFO: Authentication successful for user: admin@example.com
[2025-11-13T20:00:44.139Z] INFO: Questions loaded successfully
[2025-11-13T20:00:44.162Z] INFO: Authentication successful for user: admin@example.com
[2025-11-13T20:00:44.163Z] INFO: Questions loaded successfully
[2025-11-13T20:00:44.183Z] INFO: Authentication successful for user: admin@example.com
[2025-11-13T20:00:44.184Z] INFO: Questions loaded successfully
[2025-11-13T20:00:44.205Z] INFO: Authentication successful for user: admin@example.com
[2025-11-13T20:00:44.206Z] INFO: Questions loaded successfully
[2025-11-13T20:00:44.225Z] INFO: Authentication successful for user: admin@example.com
[2025-11-13T20:00:44.225Z] INFO: Questions loaded successfully
[2025-11-13T20:00:44.249Z] INFO: Authentication successful for user: admin@example.com
[2025-11-13T20:00:44.250Z] INFO: Questions loaded successfully
[2025-11-13T20:00:44.274Z] INFO: Authentication successful for user: admin@example.com
[2025-11-13T20:00:44.275Z] INFO: Questions loaded successfully
[2025-11-13T20:00:44.325Z] INFO: Authentication successful for user: admin@example.com
[2025-11-13T20:00:44.326Z] INFO: Questions loaded successfully
[2025-11-13T20:00:44.349Z] INFO: Authentication successful for user: admin@example.com
[2025-11-13T20:00:44.350Z] INFO: Questions loaded successfully
[2025-11-13T20:00:44.372Z] INFO: Authentication successful for user: admin@example.com
[2025-11-13T20:00:44.373Z] INFO: Questions loaded successfully
[2025-11-13T20:00:51.981Z] INFO: Authentication successful for user: admin@example.com
[2025-11-13T20:00:51.982Z] INFO: Questions loaded successfully
[2025-11-13T20:00:51.987Z] INFO: Authentication successful for user: admin@example.com
[2025-11-13T20:00:51.987Z] INFO: Questions loaded successfully
[2025-11-13T20:00:54.861Z] INFO: Authentication successful for user: admin@example.com
[2025-11-13T20:00:54.863Z] INFO: Fetched all skills
[2025-11-13T20:00:54.867Z] INFO: Authentication successful for user: admin@example.com
[2025-11-13T20:00:54.868Z] INFO: Fetched all skills
[2025-11-13T20:01:54.628Z] INFO: Authentication successful for user: admin@example.com
[2025-11-13T20:01:54.639Z] INFO: Question created successfully
[2025-11-13T20:05:44.399Z] INFO: MySQL Database connected successfully!
[2025-11-13T20:05:44.408Z] INFO: Server listening at 5000
[2025-11-13T20:05:56.526Z] INFO: Authentication successful for user: admin@example.com
[2025-11-13T20:05:56.553Z] INFO: Question created successfully
[2025-11-13T20:06:27.047Z] INFO: MySQL Database connected successfully!
[2025-11-13T20:06:27.060Z] INFO: Server listening at 5000
[2025-11-13T20:06:39.622Z] INFO: Authentication successful for user: admin@example.com
[2025-11-13T20:06:39.632Z] INFO: Questions loaded successfully
[2025-11-13T20:06:39.645Z] INFO: Authentication successful for user: admin@example.com
[2025-11-13T20:06:39.647Z] INFO: Questions loaded successfully
[2025-11-13T20:06:46.561Z] INFO: Authentication successful for user: admin@example.com
[2025-11-13T20:06:46.563Z] INFO: Fetched all skills
[2025-11-13T20:06:46.567Z] INFO: Authentication successful for user: admin@example.com
[2025-11-13T20:06:46.568Z] INFO: Fetched all skills
[2025-11-13T20:07:50.940Z] INFO: Authentication successful for user: admin@example.com
[2025-11-13T20:07:50.955Z] INFO: Question created successfully
[2025-11-13T20:12:21.294Z] INFO: Authentication successful for user: admin@example.com
[2025-11-13T20:12:21.295Z] INFO: Fetched all skills
[2025-11-13T20:12:21.300Z] INFO: Authentication successful for user: admin@example.com
[2025-11-13T20:12:21.302Z] INFO: Fetched all skills
[2025-11-13T20:16:00.838Z] INFO: Authentication successful for user: admin@example.com
[2025-11-13T20:16:00.839Z] INFO: Fetched all skills
[2025-11-13T20:16:00.843Z] INFO: Authentication successful for user: admin@example.com
[2025-11-13T20:16:00.844Z] INFO: Fetched all skills
[2025-11-13T20:36:20.333Z] INFO: Authentication successful for user: admin@example.com
[2025-11-13T20:36:20.334Z] INFO: Fetched all skills
[2025-11-13T20:36:34.440Z] INFO: Authentication successful for user: admin@example.com
[2025-11-13T20:36:34.442Z] INFO: Fetched all skills
[2025-11-13T20:36:34.454Z] INFO: Authentication successful for user: admin@example.com
[2025-11-13T20:36:34.456Z] INFO: Fetched all skills
[2025-11-13T20:36:44.799Z] INFO: Authentication successful for user: admin@example.com
[2025-11-13T20:36:44.801Z] INFO: Fetched all skills
[2025-11-13T20:36:44.805Z] INFO: Authentication successful for user: admin@example.com
[2025-11-13T20:36:44.806Z] INFO: Fetched all skills
[2025-11-13T20:37:32.477Z] INFO: Authentication successful for user: admin@example.com
[2025-11-13T20:37:32.479Z] INFO: Questions loaded successfully
[2025-11-13T20:37:32.484Z] INFO: Authentication successful for user: admin@example.com
[2025-11-13T20:37:32.486Z] INFO: Questions loaded successfully
[2025-11-13T20:37:45.787Z] INFO: Authentication successful for user: admin@example.com
[2025-11-13T20:37:45.789Z] INFO: Questions loaded successfully
[2025-11-13T20:37:45.793Z] INFO: Authentication successful for user: admin@example.com
[2025-11-13T20:37:45.794Z] INFO: Questions loaded successfully
[2025-11-13T20:37:54.828Z] INFO: Authentication successful for user: admin@example.com
[2025-11-13T20:37:54.830Z] INFO: Questions loaded successfully
[2025-11-13T20:37:54.836Z] INFO: Authentication successful for user: admin@example.com
[2025-11-13T20:37:54.838Z] INFO: Questions loaded successfully
[2025-11-13T20:39:08.866Z] INFO: Authentication successful for user: admin@example.com
[2025-11-13T20:39:08.867Z] INFO: Questions loaded successfully
[2025-11-13T20:39:08.873Z] INFO: Authentication successful for user: admin@example.com
[2025-11-13T20:39:08.875Z] INFO: Questions loaded successfully
[2025-11-13T20:39:16.697Z] INFO: Authentication successful for user: admin@example.com
[2025-11-13T20:39:16.699Z] INFO: Questions loaded successfully
[2025-11-13T20:39:16.704Z] INFO: Authentication successful for user: admin@example.com
[2025-11-13T20:39:16.706Z] INFO: Questions loaded successfully
[2025-11-13T20:39:51.484Z] INFO: Authentication successful for user: admin@example.com
[2025-11-13T20:39:51.487Z] INFO: Questions loaded successfully
[2025-11-13T20:39:51.491Z] INFO: Authentication successful for user: admin@example.com
[2025-11-13T20:39:51.492Z] INFO: Questions loaded successfully
[2025-11-13T20:39:57.258Z] INFO: Authentication successful for user: admin@example.com
[2025-11-13T20:39:57.259Z] INFO: Questions loaded successfully
[2025-11-13T20:39:57.266Z] INFO: Authentication successful for user: admin@example.com
[2025-11-13T20:39:57.268Z] INFO: Questions loaded successfully
[2025-11-13T20:41:06.025Z] INFO: Authentication successful for user: admin@example.com
[2025-11-13T20:41:06.026Z] INFO: Questions loaded successfully
[2025-11-13T20:41:06.030Z] INFO: Authentication successful for user: admin@example.com
[2025-11-13T20:41:06.031Z] INFO: Questions loaded successfully
[2025-11-13T20:44:27.147Z] INFO: Authentication successful for user: admin@example.com
[2025-11-13T20:44:27.149Z] INFO: Questions loaded successfully
[2025-11-13T20:44:27.153Z] INFO: Authentication successful for user: admin@example.com
[2025-11-13T20:44:27.154Z] INFO: Questions loaded successfully
[2025-11-13T20:44:32.349Z] INFO: Authentication successful for user: admin@example.com
[2025-11-13T20:44:32.350Z] INFO: Questions loaded successfully
[2025-11-13T20:44:32.355Z] INFO: Authentication successful for user: admin@example.com
[2025-11-13T20:44:32.356Z] INFO: Questions loaded successfully
[2025-11-13T20:45:12.650Z] INFO: Authentication successful for user: admin@example.com
[2025-11-13T20:45:12.652Z] INFO: Questions loaded successfully
[2025-11-13T20:45:12.659Z] INFO: Authentication successful for user: admin@example.com
[2025-11-13T20:45:12.660Z] INFO: Questions loaded successfully
[2025-11-13T20:53:58.814Z] INFO: Authentication successful for user: admin@example.com
[2025-11-13T20:53:58.816Z] INFO: Questions loaded successfully
[2025-11-13T20:53:58.821Z] INFO: Authentication successful for user: admin@example.com
[2025-11-13T20:53:58.822Z] INFO: Questions loaded successfully
[2025-11-14T10:39:38.614Z] INFO: MySQL Database connected successfully!
[2025-11-14T10:39:38.628Z] INFO: Server listening at 5000
[2025-11-14T10:40:25.328Z] INFO: Login attempt: email=user@example.com
[2025-11-14T10:40:25.406Z] INFO: Login successful: email=user@example.com, id=4
[2025-11-14T10:40:25.433Z] INFO: Authentication successful for user: user@example.com
[2025-11-14T10:40:25.440Z] INFO: Fetched all skills
[2025-11-14T10:40:25.445Z] INFO: Authentication successful for user: user@example.com
[2025-11-14T10:40:25.447Z] INFO: Fetched all skills
[2025-11-14T10:40:28.218Z] INFO: Authentication successful for user: user@example.com
[2025-11-14T10:40:28.244Z] INFO: Questions loaded successfully
[2025-11-14T10:40:28.247Z] INFO: Authentication successful for user: user@example.com
[2025-11-14T10:40:28.249Z] INFO: Questions loaded successfully
[2025-11-14T15:28:28.682Z] INFO: Login attempt: email=user@example.com
[2025-11-14T15:28:28.741Z] INFO: Login successful: email=user@example.com, id=4
[2025-11-14T15:28:28.761Z] INFO: Authentication successful for user: user@example.com
[2025-11-14T15:28:28.762Z] INFO: Fetched all skills
[2025-11-14T15:28:28.765Z] INFO: Authentication successful for user: user@example.com
[2025-11-14T15:28:28.766Z] INFO: Fetched all skills
[2025-11-14T15:28:33.468Z] INFO: Authentication successful for user: user@example.com
[2025-11-14T15:28:33.469Z] INFO: Fetched all skills
[2025-11-14T15:28:33.473Z] INFO: Authentication successful for user: user@example.com
[2025-11-14T15:28:33.474Z] INFO: Fetched all skills
[2025-11-14T16:34:24.987Z] INFO: Authentication successful for user: user@example.com
[2025-11-14T16:34:24.994Z] INFO: Questions loaded successfully
[2025-11-14T16:34:25.004Z] INFO: Authentication successful for user: user@example.com
[2025-11-14T16:34:25.006Z] INFO: Questions loaded successfully
[2025-11-14T16:36:42.011Z] INFO: Authentication successful for user: user@example.com
[2025-11-14T16:36:42.013Z] INFO: Questions loaded successfully
[2025-11-14T16:36:42.018Z] INFO: Authentication successful for user: user@example.com
[2025-11-14T16:36:42.021Z] INFO: Questions loaded successfully
[2025-11-14T16:37:32.288Z] INFO: Authentication successful for user: user@example.com
[2025-11-14T16:37:32.291Z] INFO: Questions loaded successfully
[2025-11-14T16:37:32.295Z] INFO: Authentication successful for user: user@example.com
[2025-11-14T16:37:32.297Z] INFO: Questions loaded successfully
[2025-11-14T16:39:21.846Z] INFO: Authentication successful for user: user@example.com
[2025-11-14T16:39:21.847Z] INFO: Questions loaded successfully
[2025-11-14T16:39:21.853Z] INFO: Authentication successful for user: user@example.com
[2025-11-14T16:39:21.855Z] INFO: Questions loaded successfully
[2025-11-14T16:40:07.439Z] INFO: Authentication successful for user: user@example.com
[2025-11-14T16:40:07.440Z] INFO: Fetched all skills
[2025-11-14T16:40:07.444Z] INFO: Authentication successful for user: user@example.com
[2025-11-14T16:40:07.445Z] INFO: Fetched all skills
[2025-11-14T16:40:09.045Z] INFO: Authentication successful for user: user@example.com
[2025-11-14T16:40:09.046Z] INFO: Questions loaded successfully
[2025-11-14T16:40:09.049Z] INFO: Authentication successful for user: user@example.com
[2025-11-14T16:40:09.050Z] INFO: Questions loaded successfully
[2025-11-14T16:40:11.268Z] INFO: Authentication successful for user: user@example.com
[2025-11-14T16:40:11.269Z] INFO: Fetched all skills
[2025-11-14T16:40:11.272Z] INFO: Authentication successful for user: user@example.com
[2025-11-14T16:40:11.273Z] INFO: Fetched all skills
[2025-11-14T16:40:12.961Z] INFO: Authentication successful for user: user@example.com
[2025-11-14T16:40:12.962Z] INFO: Questions loaded successfully
[2025-11-14T16:40:12.966Z] INFO: Authentication successful for user: user@example.com
[2025-11-14T16:40:12.968Z] INFO: Questions loaded successfully
[2025-11-14T16:40:16.467Z] INFO: Authentication successful for user: user@example.com
[2025-11-14T16:40:16.468Z] INFO: Fetched all skills
[2025-11-14T16:40:16.471Z] INFO: Authentication successful for user: user@example.com
[2025-11-14T16:40:16.472Z] INFO: Fetched all skills
[2025-11-14T16:40:18.464Z] INFO: Authentication successful for user: user@example.com
[2025-11-14T16:40:18.465Z] INFO: Questions loaded successfully
[2025-11-14T16:40:18.469Z] INFO: Authentication successful for user: user@example.com
[2025-11-14T16:40:18.470Z] INFO: Questions loaded successfully
[2025-11-14T16:40:20.370Z] INFO: Authentication successful for user: user@example.com
[2025-11-14T16:40:20.371Z] INFO: Fetched all skills
[2025-11-14T16:40:20.374Z] INFO: Authentication successful for user: user@example.com
[2025-11-14T16:40:20.375Z] INFO: Fetched all skills
[2025-11-14T16:40:24.271Z] INFO: Authentication successful for user: user@example.com
[2025-11-14T16:40:24.272Z] INFO: Questions loaded successfully
[2025-11-14T16:40:24.275Z] INFO: Authentication successful for user: user@example.com
[2025-11-14T16:40:24.277Z] INFO: Questions loaded successfully
[2025-11-14T16:40:27.116Z] INFO: Authentication successful for user: user@example.com
[2025-11-14T16:40:27.117Z] INFO: Fetched all skills
[2025-11-14T16:40:27.121Z] INFO: Authentication successful for user: user@example.com
[2025-11-14T16:40:27.122Z] INFO: Fetched all skills
[2025-11-14T16:40:30.604Z] INFO: Authentication successful for user: user@example.com
[2025-11-14T16:40:30.606Z] INFO: Questions loaded successfully
[2025-11-14T16:40:30.609Z] INFO: Authentication successful for user: user@example.com
[2025-11-14T16:40:30.611Z] INFO: Questions loaded successfully
[2025-11-14T17:52:09.176Z] INFO: Authentication successful for user: user@example.com
[2025-11-14T17:52:09.177Z] INFO: Questions loaded successfully
[2025-11-14T17:52:09.180Z] INFO: Authentication successful for user: user@example.com
[2025-11-14T17:52:09.182Z] INFO: Questions loaded successfully
[2025-11-14T17:52:13.196Z] INFO: Authentication successful for user: user@example.com
[2025-11-14T17:52:13.198Z] INFO: Fetched all skills
[2025-11-14T17:52:13.202Z] INFO: Authentication successful for user: user@example.com
[2025-11-14T17:52:13.203Z] INFO: Fetched all skills
[2025-11-14T17:52:14.660Z] INFO: Authentication successful for user: user@example.com
[2025-11-14T17:52:14.662Z] INFO: Questions loaded successfully
[2025-11-14T17:52:14.665Z] INFO: Authentication successful for user: user@example.com
[2025-11-14T17:52:14.666Z] INFO: Questions loaded successfully
[2025-11-14T17:52:16.874Z] INFO: Authentication successful for user: user@example.com
[2025-11-14T17:52:16.875Z] INFO: Fetched all skills
[2025-11-14T17:52:16.878Z] INFO: Authentication successful for user: user@example.com
[2025-11-14T17:52:16.879Z] INFO: Fetched all skills
[2025-11-14T17:52:18.701Z] INFO: Authentication successful for user: user@example.com
[2025-11-14T17:52:18.702Z] INFO: Questions loaded successfully
[2025-11-14T17:52:18.706Z] INFO: Authentication successful for user: user@example.com
[2025-11-14T17:52:18.708Z] INFO: Questions loaded successfully
[2025-11-14T17:52:25.323Z] INFO: Authentication successful for user: user@example.com
[2025-11-14T17:52:25.324Z] INFO: Fetched all skills
[2025-11-14T17:52:25.326Z] INFO: Authentication successful for user: user@example.com
[2025-11-14T17:52:25.327Z] INFO: Fetched all skills
[2025-11-14T17:52:26.394Z] INFO: Authentication successful for user: user@example.com
[2025-11-14T17:52:26.396Z] INFO: Questions loaded successfully
[2025-11-14T17:52:26.399Z] INFO: Authentication successful for user: user@example.com
[2025-11-14T17:52:26.400Z] INFO: Questions loaded successfully
[2025-11-14T17:53:41.343Z] INFO: Authentication successful for user: user@example.com
[2025-11-14T17:53:41.344Z] INFO: Fetched all skills
[2025-11-14T17:53:41.347Z] INFO: Authentication successful for user: user@example.com
[2025-11-14T17:53:41.348Z] INFO: Fetched all skills
[2025-11-14T17:53:43.204Z] INFO: Authentication successful for user: user@example.com
[2025-11-14T17:53:43.206Z] INFO: Questions loaded successfully
[2025-11-14T17:53:43.209Z] INFO: Authentication successful for user: user@example.com
[2025-11-14T17:53:43.210Z] INFO: Questions loaded successfully
[2025-11-14T17:53:46.847Z] INFO: Authentication successful for user: user@example.com
[2025-11-14T17:53:46.848Z] INFO: Fetched all skills
[2025-11-14T17:53:46.852Z] INFO: Authentication successful for user: user@example.com
[2025-11-14T17:53:46.853Z] INFO: Fetched all skills
[2025-11-14T17:53:50.220Z] INFO: Authentication successful for user: user@example.com
[2025-11-14T17:53:50.221Z] INFO: Fetched all skills
[2025-11-14T17:53:50.224Z] INFO: Authentication successful for user: user@example.com
[2025-11-14T17:53:50.225Z] INFO: Fetched all skills
[2025-11-14T17:53:52.562Z] INFO: Authentication successful for user: user@example.com
[2025-11-14T17:53:52.563Z] INFO: Questions loaded successfully
[2025-11-14T17:53:52.567Z] INFO: Authentication successful for user: user@example.com
[2025-11-14T17:53:52.568Z] INFO: Questions loaded successfully
[2025-11-14T17:58:41.561Z] INFO: Authentication successful for user: user@example.com
[2025-11-14T17:58:41.562Z] INFO: Fetched all skills
[2025-11-14T17:58:41.566Z] INFO: Authentication successful for user: user@example.com
[2025-11-14T17:58:41.567Z] INFO: Fetched all skills
[2025-11-14T17:58:45.822Z] INFO: Authentication successful for user: user@example.com
[2025-11-14T17:58:45.823Z] INFO: Fetched all skills
[2025-11-14T17:58:45.825Z] INFO: Authentication successful for user: user@example.com
[2025-11-14T17:58:45.826Z] INFO: Fetched all skills
[2025-11-14T17:58:48.206Z] INFO: Authentication successful for user: user@example.com
[2025-11-14T17:58:48.208Z] INFO: Questions loaded successfully
[2025-11-14T17:58:48.212Z] INFO: Authentication successful for user: user@example.com
[2025-11-14T17:58:48.213Z] INFO: Questions loaded successfully
[2025-11-15T12:25:09.715Z] INFO: MySQL Database connected successfully!
[2025-11-15T12:25:09.731Z] INFO: Server listening at 5000
[2025-11-15T12:27:12.882Z] INFO: Login attempt: email=user@example.com
[2025-11-15T12:27:12.961Z] INFO: Login successful: email=user@example.com, id=4
[2025-11-15T12:27:13.331Z] INFO: Authentication successful for user: user@example.com
[2025-11-15T12:27:13.337Z] INFO: Fetched all skills
[2025-11-15T12:27:13.342Z] INFO: Authentication successful for user: user@example.com
[2025-11-15T12:27:13.343Z] INFO: Fetched all skills
[2025-11-15T12:27:33.765Z] INFO: Authentication successful for user: user@example.com
[2025-11-15T12:27:33.766Z] INFO: Fetched all skills
[2025-11-15T12:27:33.771Z] INFO: Authentication successful for user: user@example.com
[2025-11-15T12:27:33.772Z] INFO: Fetched all skills
[2025-11-15T12:28:30.452Z] INFO: Authentication successful for user: user@example.com
[2025-11-15T12:28:30.454Z] INFO: Fetched all skills
[2025-11-15T12:28:30.461Z] INFO: Authentication successful for user: user@example.com
[2025-11-15T12:28:30.463Z] INFO: Fetched all skills
[2025-11-15T12:28:35.424Z] INFO: Authentication successful for user: user@example.com
[2025-11-15T12:28:35.432Z] INFO: Questions loaded successfully
[2025-11-15T12:28:35.436Z] INFO: Authentication successful for user: user@example.com
[2025-11-15T12:28:35.438Z] INFO: Questions loaded successfully
[2025-11-15T12:35:23.949Z] INFO: Authentication successful for user: user@example.com
[2025-11-15T12:35:23.950Z] INFO: Fetched all skills
[2025-11-15T12:35:23.954Z] INFO: Authentication successful for user: user@example.com
[2025-11-15T12:35:23.956Z] INFO: Fetched all skills
[2025-11-15T12:49:17.723Z] INFO: Authentication successful for user: user@example.com
[2025-11-15T12:49:17.725Z] INFO: Fetched all skills
[2025-11-15T13:00:15.073Z] INFO: Authentication successful for user: user@example.com
[2025-11-15T13:00:15.075Z] INFO: Questions loaded successfully
[2025-11-15T13:00:15.079Z] INFO: Authentication successful for user: user@example.com
[2025-11-15T13:00:15.081Z] INFO: Questions loaded successfully
[2025-11-15T13:19:43.405Z] INFO: MySQL Database connected successfully!
[2025-11-15T13:19:43.416Z] INFO: Server listening at 5000
[2025-11-15T13:24:06.650Z] INFO: Authentication successful for user: user@example.com
[2025-11-15T13:24:06.663Z] ERROR: Get attempt details error: Unknown column 'q.correct_option' in 'field list'
[2025-11-15T13:24:21.161Z] INFO: Authentication successful for user: user@example.com
[2025-11-15T13:24:21.164Z] INFO: Fetched all skills
[2025-11-15T13:24:21.169Z] INFO: Authentication successful for user: user@example.com
[2025-11-15T13:24:21.171Z] INFO: Fetched all skills
[2025-11-15T13:24:25.160Z] INFO: Authentication successful for user: user@example.com
[2025-11-15T13:24:25.162Z] ERROR: Get attempt details error: Unknown column 'q.correct_option' in 'field list'
[2025-11-15T13:24:25.166Z] INFO: Authentication successful for user: user@example.com
[2025-11-15T13:24:25.168Z] ERROR: Get attempt details error: Unknown column 'q.correct_option' in 'field list'
[2025-11-15T13:27:21.180Z] INFO: MySQL Database connected successfully!
[2025-11-15T13:27:21.194Z] INFO: Server listening at 5000
[2025-11-15T13:27:23.073Z] INFO: MySQL Database connected successfully!
[2025-11-15T13:27:23.086Z] INFO: Server listening at 5000
[2025-11-15T13:27:53.866Z] INFO: Authentication successful for user: user@example.com
[2025-11-15T13:27:53.874Z] INFO: Fetched all skills
[2025-11-15T13:27:53.892Z] INFO: Authentication successful for user: user@example.com
[2025-11-15T13:27:53.895Z] INFO: Fetched all skills
[2025-11-15T13:28:14.202Z] INFO: Authentication successful for user: user@example.com
[2025-11-15T13:28:14.241Z] INFO: Authentication successful for user: user@example.com
[2025-11-15T13:30:09.705Z] INFO: Authentication successful for user: user@example.com
[2025-11-15T13:30:09.706Z] INFO: Fetched all skills
[2025-11-15T13:30:09.710Z] INFO: Authentication successful for user: user@example.com
[2025-11-15T13:30:09.712Z] INFO: Fetched all skills
[2025-11-15T13:30:11.886Z] INFO: Authentication successful for user: user@example.com
[2025-11-15T13:30:11.922Z] INFO: Authentication successful for user: user@example.com
[2025-11-15T13:31:14.890Z] INFO: Authentication successful for user: user@example.com
[2025-11-15T13:31:17.598Z] INFO: Authentication successful for user: user@example.com
[2025-11-15T13:31:17.600Z] INFO: Fetched all skills
[2025-11-15T13:31:17.604Z] INFO: Authentication successful for user: user@example.com
[2025-11-15T13:31:17.605Z] INFO: Fetched all skills
[2025-11-15T13:31:24.774Z] INFO: Authentication successful for user: user@example.com
[2025-11-15T13:31:26.783Z] INFO: Authentication successful for user: user@example.com
[2025-11-15T13:34:53.626Z] INFO: Authentication successful for user: user@example.com
[2025-11-15T13:56:59.630Z] INFO: MySQL Database connected successfully!
[2025-11-15T13:56:59.638Z] INFO: Server listening at 5000
[2025-11-15T13:59:05.982Z] INFO: Authentication successful for user: user@example.com
[2025-11-15T14:01:29.060Z] INFO: Authentication successful for user: user@example.com
[2025-11-15T14:01:29.082Z] INFO: Authentication successful for user: user@example.com
[2025-11-15T14:03:01.559Z] INFO: MySQL Database connected successfully!
[2025-11-15T14:03:01.572Z] INFO: Server listening at 5000
[2025-11-15T14:03:05.732Z] INFO: Authentication successful for user: user@example.com
[2025-11-15T14:03:05.766Z] INFO: Authentication successful for user: user@example.com
[2025-11-15T14:09:48.483Z] INFO: Authentication successful for user: user@example.com
[2025-11-15T14:09:48.512Z] INFO: Authentication successful for user: user@example.com
[2025-11-15T14:11:30.357Z] INFO: Authentication successful for user: user@example.com
[2025-11-15T14:15:55.294Z] INFO: Authentication successful for user: user@example.com
[2025-11-15T14:15:55.311Z] INFO: Authentication successful for user: user@example.com
[2025-11-15T14:16:00.936Z] INFO: Authentication successful for user: user@example.com
[2025-11-15T14:16:00.937Z] ERROR: Submit quiz error: You have an error in your SQL syntax; check the manual that corresponds to your MySQL server version for the right syntax to use near ',,)' at line 1
[2025-11-15T14:16:04.077Z] INFO: Authentication successful for user: user@example.com
[2025-11-15T14:16:04.079Z] INFO: Fetched all skills
[2025-11-15T14:16:04.085Z] INFO: Authentication successful for user: user@example.com
[2025-11-15T14:16:04.086Z] INFO: Fetched all skills
[2025-11-15T14:19:10.134Z] INFO: MySQL Database connected successfully!
[2025-11-15T14:19:10.147Z] INFO: Server listening at 5000
[2025-11-15T14:19:15.085Z] INFO: Authentication successful for user: user@example.com
[2025-11-15T14:19:15.117Z] INFO: Authentication successful for user: user@example.com
[2025-11-15T14:19:20.215Z] INFO: Authentication successful for user: user@example.com
[2025-11-15T14:19:20.216Z] ERROR: Submit quiz error: You have an error in your SQL syntax; check the manual that corresponds to your MySQL server version for the right syntax to use near ',,)' at line 1
[2025-11-15T14:21:09.420Z] INFO: MySQL Database connected successfully!
[2025-11-15T14:21:09.429Z] INFO: Server listening at 5000
[2025-11-15T14:21:12.369Z] INFO: Authentication successful for user: user@example.com
[2025-11-15T14:21:12.371Z] ERROR: Submit quiz error: You have an error in your SQL syntax; check the manual that corresponds to your MySQL server version for the right syntax to use near ',,)' at line 1
[2025-11-15T14:24:52.099Z] INFO: MySQL Database connected successfully!
[2025-11-15T14:24:52.107Z] INFO: Server listening at 5000
[2025-11-15T14:25:00.321Z] INFO: Authentication successful for user: user@example.com
[2025-11-15T14:25:00.323Z] ERROR: Submit quiz error: logger is not defined
[2025-11-15T14:25:25.938Z] INFO: MySQL Database connected successfully!
[2025-11-15T14:25:25.946Z] INFO: Server listening at 5000
[2025-11-15T14:25:31.219Z] INFO: Authentication successful for user: user@example.com
[2025-11-15T14:25:31.222Z] ERROR: Save answers error: You have an error in your SQL syntax; check the manual that corresponds to your MySQL server version for the right syntax to use near ',,)' at line 1
[2025-11-15T14:25:31.222Z] ERROR: Submit quiz error: You have an error in your SQL syntax; check the manual that corresponds to your MySQL server version for the right syntax to use near ',,)' at line 1
[2025-11-15T14:26:03.602Z] INFO: MySQL Database connected successfully!
[2025-11-15T14:26:03.610Z] INFO: Server listening at 5000
[2025-11-15T14:26:49.458Z] INFO: MySQL Database connected successfully!
[2025-11-15T14:26:49.470Z] INFO: Server listening at 5000
[2025-11-15T14:26:54.591Z] INFO: Authentication successful for user: user@example.com
[2025-11-15T14:26:54.594Z] ERROR: Fetch correct answers error: You have an error in your SQL syntax; check the manual that corresponds to your MySQL server version for the right syntax to use near ',,)' at line 1
[2025-11-15T14:26:54.594Z] ERROR: Submit quiz error: You have an error in your SQL syntax; check the manual that corresponds to your MySQL server version for the right syntax to use near ',,)' at line 1
[2025-11-15T14:27:12.149Z] INFO: MySQL Database connected successfully!
[2025-11-15T14:27:12.158Z] INFO: Server listening at 5000
[2025-11-15T14:27:34.759Z] INFO: MySQL Database connected successfully!
[2025-11-15T14:27:34.769Z] INFO: Server listening at 5000
[2025-11-15T14:27:39.414Z] INFO: Authentication successful for user: user@example.com
[2025-11-15T14:27:39.418Z] ERROR: Fetch correct answers error: You have an error in your SQL syntax; check the manual that corresponds to your MySQL server version for the right syntax to use near ',,)' at line 1
[2025-11-15T14:27:39.419Z] ERROR: Submit quiz error: You have an error in your SQL syntax; check the manual that corresponds to your MySQL server version for the right syntax to use near ',,)' at line 1
[2025-11-15T14:28:04.375Z] INFO: MySQL Database connected successfully!
[2025-11-15T14:28:04.383Z] INFO: Server listening at 5000
[2025-11-15T14:28:09.307Z] INFO: Authentication successful for user: user@example.com
[2025-11-15T14:28:09.311Z] ERROR: Fetch correct answers error: Unknown column 'correct_option' in 'field list'
[2025-11-15T14:28:09.312Z] ERROR: Submit quiz error: Unknown column 'correct_option' in 'field list'
[2025-11-15T14:28:53.083Z] ERROR: Token verification failed: jwt expired
[2025-11-15T14:29:06.717Z] INFO: MySQL Database connected successfully!
[2025-11-15T14:29:06.725Z] INFO: Server listening at 5000
[2025-11-15T14:29:32.434Z] INFO: MySQL Database connected successfully!
[2025-11-15T14:29:32.447Z] INFO: Server listening at 5000
[2025-11-15T14:29:38.326Z] INFO: Authentication successful for user: user@example.com
[2025-11-15T14:30:36.587Z] INFO: MySQL Database connected successfully!
[2025-11-15T14:30:36.595Z] INFO: Server listening at 5000
[2025-11-15T14:30:41.482Z] INFO: Authentication successful for user: user@example.com
[2025-11-15T14:30:41.492Z] ERROR: Save answers error: Unknown column 'selected_option' in 'field list'
[2025-11-15T14:30:41.492Z] ERROR: Submit quiz error: Unknown column 'selected_option' in 'field list'
[2025-11-15T14:31:34.904Z] INFO: Authentication successful for user: user@example.com
[2025-11-15T14:31:34.907Z] ERROR: Save answers error: Unknown column 'selected_option' in 'field list'
[2025-11-15T14:31:34.907Z] ERROR: Submit quiz error: Unknown column 'selected_option' in 'field list'
[2025-11-15T14:33:50.699Z] INFO: MySQL Database connected successfully!
[2025-11-15T14:33:50.710Z] INFO: Server listening at 5000
[2025-11-15T14:34:36.375Z] INFO: Authentication successful for user: user@example.com
[2025-11-15T15:36:17.853Z] INFO: Authentication successful for user: user@example.com
[2025-11-15T15:36:17.886Z] ERROR: Save answers error: Cannot add or update a child row: a foreign key constraint fails (`skill_assessment_portal`.`quiz_answers`, CONSTRAINT `quiz_answers_ibfk_1` FOREIGN KEY (`attempt_id`) REFERENCES `quiz_attempts` (`id`) ON DELETE CASCADE)
[2025-11-15T15:36:17.887Z] ERROR: Submit quiz error: Cannot add or update a child row: a foreign key constraint fails (`skill_assessment_portal`.`quiz_answers`, CONSTRAINT `quiz_answers_ibfk_1` FOREIGN KEY (`attempt_id`) REFERENCES `quiz_attempts` (`id`) ON DELETE CASCADE)
[2025-11-15T16:29:02.098Z] INFO: MySQL Database connected successfully!
[2025-11-15T16:29:02.107Z] INFO: Server listening at 5000
[2025-11-15T16:30:50.246Z] INFO: MySQL Database connected successfully!
[2025-11-15T16:30:50.259Z] INFO: Server listening at 5000
[2025-11-15T16:30:59.867Z] INFO: MySQL Database connected successfully!
[2025-11-15T16:30:59.880Z] INFO: Server listening at 5000
[2025-11-15T16:31:50.344Z] INFO: MySQL Database connected successfully!
[2025-11-15T16:31:50.352Z] INFO: Server listening at 5000
[2025-11-15T16:31:54.106Z] INFO: Authentication successful for user: user@example.com
[2025-11-15T16:31:54.110Z] ERROR: Submit quiz error: Table 'skill_assessment_portal.quiz_questions' doesn't exist
[2025-11-15T16:32:41.433Z] INFO: MySQL Database connected successfully!
[2025-11-15T16:32:41.445Z] INFO: Server listening at 5000
[2025-11-15T16:33:14.928Z] INFO: MySQL Database connected successfully!
[2025-11-15T16:33:14.937Z] INFO: Server listening at 5000
[2025-11-15T16:33:20.270Z] INFO: Authentication successful for user: user@example.com
[2025-11-15T16:33:20.276Z] ERROR: Submit quiz error: Unknown column 'selected_option' in 'field list'
[2025-11-15T16:34:19.167Z] INFO: MySQL Database connected successfully!
[2025-11-15T16:34:19.179Z] INFO: Server listening at 5000
[2025-11-15T16:34:22.574Z] INFO: Authentication successful for user: user@example.com
[2025-11-15T16:34:22.595Z] ERROR: Submit quiz error: Cannot add or update a child row: a foreign key constraint fails (`skill_assessment_portal`.`quiz_answers`, CONSTRAINT `quiz_answers_ibfk_1` FOREIGN KEY (`attempt_id`) REFERENCES `quiz_attempts` (`id`) ON DELETE CASCADE)
[2025-11-15T16:34:45.169Z] INFO: MySQL Database connected successfully!
[2025-11-15T16:34:45.179Z] INFO: Server listening at 5000
[2025-11-15T16:35:11.409Z] INFO: Authentication successful for user: user@example.com
[2025-11-15T16:35:11.417Z] INFO: Fetched all skills
[2025-11-15T16:35:11.424Z] INFO: Authentication successful for user: user@example.com
[2025-11-15T16:35:11.428Z] INFO: Fetched all skills
[2025-11-15T16:35:14.456Z] INFO: Authentication successful for user: user@example.com
[2025-11-15T16:35:14.476Z] INFO: Authentication successful for user: user@example.com
[2025-11-15T16:35:30.840Z] INFO: Authentication successful for user: user@example.com
[2025-11-15T16:35:30.919Z] ERROR: Submit quiz error: Duplicate entry '17' for key 'quiz_answers.attempt_id'
[2025-11-15T16:37:35.253Z] INFO: Authentication successful for user: user@example.com
[2025-11-15T16:37:35.274Z] ERROR: Submit quiz error: Duplicate entry '17' for key 'quiz_answers.attempt_id'
[2025-11-15T16:38:08.437Z] INFO: Authentication successful for user: user@example.com
[2025-11-15T16:38:08.835Z] ERROR: Submit quiz error: Duplicate entry '17' for key 'quiz_answers.attempt_id'
[2025-11-15T16:40:33.982Z] INFO: MySQL Database connected successfully!
[2025-11-15T16:40:33.990Z] INFO: Server listening at 5000
[2025-11-15T16:40:36.901Z] INFO: Authentication successful for user: user@example.com
[2025-11-15T16:40:36.922Z] ERROR: Submit quiz error: Duplicate entry '17' for key 'quiz_answers.attempt_id'
[2025-11-15T16:41:01.255Z] INFO: MySQL Database connected successfully!
[2025-11-15T16:41:01.264Z] INFO: Server listening at 5000
[2025-11-15T16:41:06.405Z] INFO: Authentication successful for user: user@example.com
[2025-11-15T16:41:06.432Z] ERROR: Submit quiz error: Duplicate entry '17' for key 'quiz_answers.attempt_id'
[2025-11-15T16:41:23.997Z] INFO: MySQL Database connected successfully!
[2025-11-15T16:41:24.007Z] INFO: Server listening at 5000
[2025-11-15T16:50:23.488Z] INFO: Authentication successful for user: user@example.com
[2025-11-15T16:50:23.522Z] INFO: Submit quiz successful:
[2025-11-15T16:52:21.548Z] INFO: MySQL Database connected successfully!
[2025-11-15T16:52:21.560Z] INFO: Server listening at 5000
[2025-11-15T16:52:25.012Z] INFO: Authentication successful for user: user@example.com
[2025-11-15T16:52:25.033Z] INFO: Submit quiz successful:
[2025-11-15T16:53:26.737Z] INFO: MySQL Database connected successfully!
[2025-11-15T16:53:26.745Z] INFO: Server listening at 5000
[2025-11-15T16:53:50.406Z] INFO: MySQL Database connected successfully!
[2025-11-15T16:53:50.419Z] INFO: Server listening at 5000
[2025-11-15T16:56:39.514Z] INFO: MySQL Database connected successfully!
[2025-11-15T16:56:39.524Z] INFO: Server listening at 5000
[2025-11-15T16:56:43.438Z] INFO: Authentication successful for user: user@example.com
[2025-11-15T16:56:43.466Z] ERROR: Submit quiz error: Incorrect datetime value: '1763225803446' for column 'completed_at' at row 1
[2025-11-15T16:56:56.242Z] INFO: MySQL Database connected successfully!
[2025-11-15T16:56:56.252Z] INFO: Server listening at 5000
[2025-11-15T16:56:59.295Z] INFO: Authentication successful for user: user@example.com
[2025-11-15T16:56:59.330Z] INFO: Submit quiz successful:
[2025-11-15T17:02:19.069Z] INFO: MySQL Database connected successfully!
[2025-11-15T17:02:19.080Z] INFO: Server listening at 5000
[2025-11-15T17:02:22.128Z] INFO: Authentication successful for user: user@example.com
[2025-11-15T17:02:22.145Z] ERROR: Submit quiz error: Cannot add or update a child row: a foreign key constraint fails (`skill_assessment_portal`.`quiz_answers`, CONSTRAINT `quiz_answers_ibfk_1` FOREIGN KEY (`attempt_id`) REFERENCES `quiz_attempts` (`id`) ON DELETE CASCADE)
[2025-11-15T17:02:37.359Z] INFO: MySQL Database connected successfully!
[2025-11-15T17:02:37.370Z] INFO: Server listening at 5000
[2025-11-15T17:02:51.785Z] INFO: MySQL Database connected successfully!
[2025-11-15T17:02:51.798Z] INFO: Server listening at 5000
[2025-11-15T17:02:54.288Z] INFO: Authentication successful for user: user@example.com
[2025-11-15T17:02:54.293Z] ERROR: Submit quiz error: Quiz already submitted
[2025-11-15T17:04:40.894Z] INFO: MySQL Database connected successfully!
[2025-11-15T17:04:40.906Z] INFO: Server listening at 5000
[2025-11-15T17:04:53.002Z] INFO: Authentication successful for user: user@example.com
[2025-11-15T17:04:53.008Z] ERROR: Submit quiz error: Quiz doesn't exist
[2025-11-15T17:05:10.158Z] INFO: Authentication successful for user: user@example.com
[2025-11-15T17:05:10.165Z] INFO: Fetched all skills
[2025-11-15T17:05:10.169Z] INFO: Authentication successful for user: user@example.com
[2025-11-15T17:05:10.171Z] INFO: Fetched all skills
[2025-11-15T17:05:12.928Z] INFO: Authentication successful for user: user@example.com
[2025-11-15T17:05:12.945Z] INFO: Authentication successful for user: user@example.com
[2025-11-15T17:05:25.778Z] INFO: Authentication successful for user: user@example.com
[2025-11-15T17:05:25.782Z] ERROR: Submit quiz error: Quiz already submitted
[2025-11-15T17:05:41.551Z] INFO: MySQL Database connected successfully!
[2025-11-15T17:05:41.559Z] INFO: Server listening at 5000
[2025-11-15T17:06:35.551Z] INFO: MySQL Database connected successfully!
[2025-11-15T17:06:35.559Z] INFO: Server listening at 5000
[2025-11-15T17:06:40.206Z] INFO: Authentication successful for user: user@example.com
[2025-11-15T17:06:40.234Z] INFO: Submit quiz successful:
[2025-11-15T17:06:47.962Z] INFO: Authentication successful for user: user@example.com
[2025-11-15T17:06:47.966Z] ERROR: Submit quiz error: Quiz already submitted
[2025-11-15T17:06:57.818Z] INFO: MySQL Database connected successfully!
[2025-11-15T17:06:57.827Z] INFO: Server listening at 5000
[2025-11-15T17:07:07.740Z] INFO: Authentication successful for user: user@example.com
[2025-11-15T17:07:07.764Z] INFO: Submit quiz successful:
[2025-11-15T17:14:53.220Z] INFO: Authentication successful for user: user@example.com
[2025-11-15T17:14:53.255Z] INFO: Authentication successful for user: user@example.com
[2025-11-15T17:14:54.715Z] INFO: Authentication successful for user: user@example.com
[2025-11-15T17:14:54.718Z] INFO: Fetched all skills
[2025-11-15T17:14:54.723Z] INFO: Authentication successful for user: user@example.com
[2025-11-15T17:14:54.725Z] INFO: Fetched all skills
[2025-11-15T17:14:56.416Z] INFO: Authentication successful for user: user@example.com
[2025-11-15T17:14:56.418Z] INFO: Fetched all skills
[2025-11-15T17:14:56.425Z] INFO: Authentication successful for user: user@example.com
[2025-11-15T17:14:56.428Z] INFO: Fetched all skills
[2025-11-15T17:14:58.721Z] INFO: Authentication successful for user: user@example.com
[2025-11-15T17:14:58.747Z] INFO: Authentication successful for user: user@example.com
[2025-11-15T17:15:08.792Z] INFO: Authentication successful for user: user@example.com
[2025-11-15T17:15:08.808Z] INFO: Submit quiz successful:
[2025-11-15T17:15:45.438Z] INFO: Authentication successful for user: user@example.com
[2025-11-15T17:15:45.440Z] INFO: Fetched all skills
[2025-11-15T17:15:45.444Z] INFO: Authentication successful for user: user@example.com
[2025-11-15T17:15:45.447Z] INFO: Fetched all skills
[2025-11-15T17:15:53.193Z] INFO: Authentication successful for user: user@example.com
[2025-11-15T17:15:54.670Z] INFO: Authentication successful for user: user@example.com
[2025-11-15T17:16:04.848Z] INFO: Authentication successful for user: user@example.com
[2025-11-15T17:16:05.780Z] INFO: Submit quiz successful:
[2025-11-15T17:16:57.147Z] INFO: Authentication successful for user: user@example.com
[2025-11-15T17:16:57.148Z] INFO: Fetched all skills
[2025-11-15T17:16:57.152Z] INFO: Authentication successful for user: user@example.com
[2025-11-15T17:16:57.154Z] INFO: Fetched all skills
[2025-11-15T17:17:00.359Z] INFO: Authentication successful for user: user@example.com
[2025-11-15T17:17:00.378Z] INFO: Authentication successful for user: user@example.com
[2025-11-15T17:17:05.903Z] INFO: Authentication successful for user: user@example.com
[2025-11-15T17:17:05.923Z] INFO: Submit quiz successful:
[2025-11-15T17:17:05.945Z] INFO: Authentication successful for user: user@example.com
[2025-11-15T17:17:05.950Z] ERROR: Get attempt details error: Unknown column 'q.correct_option' in 'field list'
[2025-11-15T17:17:05.955Z] INFO: Authentication successful for user: user@example.com
[2025-11-15T17:17:05.957Z] ERROR: Get attempt details error: Unknown column 'q.correct_option' in 'field list'
[2025-11-15T17:18:09.027Z] INFO: MySQL Database connected successfully!
[2025-11-15T17:18:09.036Z] INFO: Server listening at 5000
[2025-11-15T17:18:15.618Z] INFO: Authentication successful for user: user@example.com
[2025-11-15T17:18:15.630Z] ERROR: Get attempt details error: Unknown column 'q.selected_answer' in 'field list'
[2025-11-15T17:18:15.642Z] INFO: Authentication successful for user: user@example.com
[2025-11-15T17:18:15.644Z] ERROR: Get attempt details error: Unknown column 'q.selected_answer' in 'field list'
[2025-11-15T17:24:14.452Z] INFO: MySQL Database connected successfully!
[2025-11-15T17:24:14.463Z] INFO: Server listening at 5000
[2025-11-15T17:24:18.366Z] INFO: Authentication successful for user: user@example.com
[2025-11-15T17:24:18.390Z] INFO: Authentication successful for user: user@example.com
[2025-11-15T17:27:28.756Z] INFO: Authentication successful for user: user@example.com
[2025-11-15T17:27:28.763Z] INFO: Authentication successful for user: user@example.com
[2025-11-15T17:34:25.989Z] INFO: Authentication successful for user: user@example.com
[2025-11-15T17:34:25.996Z] INFO: Authentication successful for user: user@example.com
[2025-11-15T17:48:27.270Z] INFO: MySQL Database connected successfully!
[2025-11-15T17:48:27.279Z] INFO: Server listening at 5000
[2025-11-15T17:48:30.977Z] INFO: Authentication successful for user: user@example.com
[2025-11-15T17:48:31.000Z] INFO: Authentication successful for user: user@example.com
[2025-11-15T17:56:12.185Z] INFO: Authentication successful for user: user@example.com
[2025-11-15T17:56:12.189Z] INFO: Fetched all skills
[2025-11-15T17:56:12.194Z] INFO: Authentication successful for user: user@example.com
[2025-11-15T17:56:12.195Z] INFO: Fetched all skills
[2025-11-15T17:58:05.694Z] INFO: MySQL Database connected successfully!
[2025-11-15T17:58:05.709Z] INFO: Server listening at 5000
[2025-11-15T17:58:09.174Z] INFO: Authentication successful for user: user@example.com
[2025-11-15T17:58:09.178Z] INFO: Authentication successful for user: user@example.com
[2025-11-15T17:58:09.194Z] INFO: Fetched all skills
[2025-11-15T17:58:09.201Z] INFO: Authentication successful for user: user@example.com
[2025-11-15T17:58:09.204Z] INFO: Authentication successful for user: user@example.com
[2025-11-15T17:58:09.210Z] INFO: Fetched all skills
[2025-11-15T18:02:42.860Z] INFO: Authentication successful for user: user@example.com
[2025-11-15T18:02:42.864Z] INFO: Authentication successful for user: user@example.com
[2025-11-15T18:02:42.867Z] INFO: Fetched all skills
[2025-11-15T18:03:09.424Z] INFO: Authentication successful for user: user@example.com
[2025-11-15T18:03:09.426Z] INFO: Fetched all skills
[2025-11-15T18:03:09.433Z] INFO: Authentication successful for user: user@example.com
[2025-11-15T18:03:09.437Z] INFO: Authentication successful for user: user@example.com
[2025-11-15T18:03:09.439Z] INFO: Fetched all skills
[2025-11-15T18:03:09.442Z] INFO: Authentication successful for user: user@example.com
[2025-11-15T18:06:36.042Z] INFO: Authentication successful for user: user@example.com
[2025-11-15T18:06:36.051Z] INFO: Authentication successful for user: user@example.com
[2025-11-15T18:06:41.697Z] INFO: Authentication successful for user: user@example.com
[2025-11-15T18:06:41.699Z] INFO: Fetched all skills
[2025-11-15T18:06:41.706Z] INFO: Authentication successful for user: user@example.com
[2025-11-15T18:06:41.709Z] INFO: Authentication successful for user: user@example.com
[2025-11-15T18:06:41.711Z] INFO: Fetched all skills
[2025-11-15T18:06:41.724Z] INFO: Authentication successful for user: user@example.com
[2025-11-15T18:06:55.327Z] INFO: Authentication successful for user: user@example.com
[2025-11-15T18:06:55.334Z] INFO: Authentication successful for user: user@example.com
[2025-11-15T18:06:58.577Z] INFO: Authentication successful for user: user@example.com
[2025-11-15T18:06:58.579Z] INFO: Authentication successful for user: user@example.com
[2025-11-15T18:06:58.580Z] INFO: Fetched all skills
[2025-11-15T18:06:58.585Z] INFO: Authentication successful for user: user@example.com
[2025-11-15T18:06:58.588Z] INFO: Authentication successful for user: user@example.com
[2025-11-15T18:06:58.588Z] INFO: Fetched all skills
[2025-11-15T18:09:33.920Z] INFO: Authentication successful for user: user@example.com
[2025-11-15T18:09:33.927Z] INFO: Authentication successful for user: user@example.com
[2025-11-15T18:09:56.662Z] INFO: Authentication successful for user: user@example.com
[2025-11-15T18:09:56.665Z] INFO: Fetched all skills
[2025-11-15T18:09:56.671Z] INFO: Authentication successful for user: user@example.com
[2025-11-15T18:09:56.676Z] INFO: Authentication successful for user: user@example.com
[2025-11-15T18:09:56.677Z] INFO: Fetched all skills
[2025-11-15T18:09:56.682Z] INFO: Authentication successful for user: user@example.com
[2025-11-15T18:10:00.071Z] INFO: Authentication successful for user: user@example.com
[2025-11-15T18:10:00.100Z] INFO: Authentication successful for user: user@example.com
[2025-11-15T18:10:05.098Z] INFO: Authentication successful for user: user@example.com
[2025-11-15T18:10:05.132Z] INFO: Submit quiz successful:
[2025-11-15T18:10:05.145Z] INFO: Authentication successful for user: user@example.com
[2025-11-15T18:10:05.151Z] INFO: Authentication successful for user: user@example.com
[2025-11-15T18:10:10.504Z] INFO: Authentication successful for user: user@example.com
[2025-11-15T18:10:10.505Z] INFO: Fetched all skills
[2025-11-15T18:10:10.514Z] INFO: Authentication successful for user: user@example.com
[2025-11-15T18:10:10.517Z] INFO: Authentication successful for user: user@example.com
[2025-11-15T18:10:10.518Z] INFO: Fetched all skills
[2025-11-15T18:10:10.524Z] INFO: Authentication successful for user: user@example.com
[2025-11-15T18:11:02.270Z] INFO: Authentication successful for user: user@example.com
[2025-11-15T18:11:02.274Z] INFO: Authentication successful for user: user@example.com
[2025-11-15T18:11:02.277Z] INFO: Fetched all skills
[2025-11-15T18:11:06.833Z] INFO: Authentication successful for user: user@example.com
[2025-11-15T18:11:06.835Z] INFO: Authentication successful for user: user@example.com
[2025-11-15T18:11:06.836Z] INFO: Fetched all skills
[2025-11-15T18:11:21.803Z] INFO: Authentication successful for user: user@example.com
[2025-11-15T18:11:23.456Z] INFO: Authentication successful for user: user@example.com
[2025-11-15T18:11:23.458Z] INFO: Authentication successful for user: user@example.com
[2025-11-15T18:11:23.458Z] INFO: Fetched all skills
[2025-11-15T18:11:24.798Z] INFO: Authentication successful for user: user@example.com
[2025-11-15T18:11:28.104Z] INFO: Authentication successful for user: user@example.com
[2025-11-15T18:11:28.107Z] INFO: Authentication successful for user: user@example.com
[2025-11-15T18:11:28.108Z] INFO: Fetched all skills
[2025-11-15T18:11:39.385Z] INFO: Authentication successful for user: user@example.com
[2025-11-15T18:11:39.388Z] INFO: Authentication successful for user: user@example.com
[2025-11-15T18:11:39.389Z] INFO: Fetched all skills
[2025-11-15T18:11:42.119Z] INFO: Authentication successful for user: user@example.com
[2025-11-15T18:11:47.041Z] INFO: Authentication successful for user: user@example.com
[2025-11-15T18:11:47.308Z] INFO: Submit quiz successful:
[2025-11-15T18:11:47.322Z] INFO: Authentication successful for user: user@example.com
[2025-11-15T18:11:51.103Z] INFO: Authentication successful for user: user@example.com
[2025-11-15T18:11:51.104Z] INFO: Fetched all skills
[2025-11-15T18:11:51.110Z] INFO: Authentication successful for user: user@example.com
[2025-11-15T18:11:54.431Z] INFO: Authentication successful for user: user@example.com
[2025-11-15T18:12:00.035Z] INFO: Authentication successful for user: user@example.com
[2025-11-15T18:12:00.065Z] INFO: Submit quiz successful:
[2025-11-15T18:12:00.081Z] INFO: Authentication successful for user: user@example.com
[2025-11-15T18:12:06.018Z] INFO: Authentication successful for user: user@example.com
[2025-11-15T18:12:06.021Z] INFO: Authentication successful for user: user@example.com
[2025-11-15T18:12:06.022Z] INFO: Fetched all skills
[2025-11-15T18:12:09.960Z] INFO: Authentication successful for user: user@example.com
[2025-11-15T18:12:16.900Z] INFO: Authentication successful for user: user@example.com
[2025-11-15T18:12:16.931Z] INFO: Submit quiz successful:
[2025-11-15T18:12:16.947Z] INFO: Authentication successful for user: user@example.com
[2025-11-15T18:12:19.463Z] INFO: Authentication successful for user: user@example.com
[2025-11-15T18:12:19.466Z] INFO: Authentication successful for user: user@example.com
[2025-11-15T18:12:19.467Z] INFO: Fetched all skills
[2025-11-15T18:12:40.910Z] INFO: Authentication successful for user: user@example.com
[2025-11-15T18:12:45.202Z] INFO: Authentication successful for user: user@example.com
[2025-11-15T18:12:45.204Z] INFO: Authentication successful for user: user@example.com
[2025-11-15T18:12:45.205Z] INFO: Fetched all skills
[2025-11-15T18:13:53.814Z] INFO: MySQL Database connected successfully!
[2025-11-15T18:13:53.822Z] INFO: Server listening at 5000
[2025-11-15T19:17:58.896Z] INFO: MySQL Database connected successfully!
[2025-11-15T19:17:58.908Z] INFO: Server listening at 5000
[2025-11-15T19:18:40.857Z] INFO: Login attempt: email=user@example.com
[2025-11-15T19:18:40.943Z] INFO: Login successful: email=user@example.com, id=4
[2025-11-15T19:18:41.169Z] INFO: Authentication successful for user: user@example.com
[2025-11-15T19:18:41.179Z] INFO: Fetched all skills
[2025-11-15T19:18:41.208Z] INFO: Authentication successful for user: user@example.com
[2025-11-15T19:19:00.088Z] INFO: Authentication successful for user: user@example.com
[2025-11-15T19:19:15.512Z] INFO: Authentication successful for user: user@example.com
[2025-11-15T19:19:15.515Z] INFO: Authentication successful for user: user@example.com
[2025-11-15T19:19:15.518Z] INFO: Fetched all skills
[2025-11-15T19:19:16.955Z] INFO: Authentication successful for user: user@example.com
[2025-11-15T19:19:21.855Z] INFO: Authentication successful for user: user@example.com
[2025-11-15T19:19:21.857Z] INFO: Authentication successful for user: user@example.com
[2025-11-15T19:19:21.859Z] INFO: Fetched all skills
[2025-11-15T19:19:23.178Z] INFO: Authentication successful for user: user@example.com
[2025-11-15T19:19:26.357Z] INFO: Authentication successful for user: user@example.com
[2025-11-15T19:19:26.358Z] INFO: Authentication successful for user: user@example.com
[2025-11-15T19:19:26.359Z] INFO: Fetched all skills
[2025-11-15T19:19:32.844Z] INFO: Authentication successful for user: user@example.com
[2025-11-15T19:19:39.499Z] INFO: Authentication successful for user: user@example.com
[2025-11-15T19:19:39.528Z] INFO: Submit quiz successful:
[2025-11-15T19:19:39.537Z] INFO: Authentication successful for user: user@example.com
[2025-11-15T19:19:44.172Z] INFO: Authentication successful for user: user@example.com
[2025-11-15T19:19:44.175Z] INFO: Authentication successful for user: user@example.com
[2025-11-15T19:19:44.176Z] INFO: Fetched all skills
[2025-11-15T19:19:45.636Z] INFO: Authentication successful for user: user@example.com
[2025-11-15T19:19:50.194Z] INFO: Authentication successful for user: user@example.com
[2025-11-15T19:19:50.197Z] INFO: Authentication successful for user: user@example.com
[2025-11-15T19:19:50.198Z] INFO: Fetched all skills
[2025-11-15T19:23:41.192Z] INFO: MySQL Database connected successfully!
